[2026-05-27T00:24:47.904+0000] {processor.py:161} INFO - Started process (PID=175) to work on /opt/airflow/dags/etl_incidentes_dag.py
[2026-05-27T00:24:47.905+0000] {processor.py:830} INFO - Processing file /opt/airflow/dags/etl_incidentes_dag.py for tasks to queue
[2026-05-27T00:24:47.907+0000] {logging_mixin.py:188} INFO - [2026-05-27T00:24:47.906+0000] {dagbag.py:538} INFO - Filling up the DagBag from /opt/airflow/dags/etl_incidentes_dag.py
[2026-05-27T00:24:47.981+0000] {processor.py:840} INFO - DAG(s) 'etl_incidentes_viales_v2' retrieved from /opt/airflow/dags/etl_incidentes_dag.py
[2026-05-27T00:24:48.222+0000] {logging_mixin.py:188} INFO - [2026-05-27T00:24:48.222+0000] {override.py:1769} INFO - Created Permission View: can edit on DAG:etl_incidentes_viales_v2
[2026-05-27T00:24:48.237+0000] {logging_mixin.py:188} INFO - [2026-05-27T00:24:48.236+0000] {override.py:1769} INFO - Created Permission View: can read on DAG:etl_incidentes_viales_v2
[2026-05-27T00:24:48.246+0000] {logging_mixin.py:188} INFO - [2026-05-27T00:24:48.246+0000] {override.py:1769} INFO - Created Permission View: can delete on DAG:etl_incidentes_viales_v2
[2026-05-27T00:24:48.252+0000] {logging_mixin.py:188} INFO - [2026-05-27T00:24:48.252+0000] {dag.py:3036} INFO - Sync 1 DAGs
[2026-05-27T00:24:48.263+0000] {logging_mixin.py:188} INFO - [2026-05-27T00:24:48.263+0000] {dag.py:3058} INFO - Creating ORM DAG for etl_incidentes_viales_v2
[2026-05-27T00:24:48.275+0000] {logging_mixin.py:188} INFO - [2026-05-27T00:24:48.275+0000] {dag.py:3823} INFO - Setting next_dagrun for etl_incidentes_viales_v2 to 2026-04-01 00:00:00+00:00, run_after=2026-05-01 00:00:00+00:00
[2026-05-27T00:24:48.306+0000] {processor.py:183} INFO - Processing /opt/airflow/dags/etl_incidentes_dag.py took 0.409 seconds
[2026-05-27T00:25:18.513+0000] {processor.py:161} INFO - Started process (PID=180) to work on /opt/airflow/dags/etl_incidentes_dag.py
[2026-05-27T00:25:18.514+0000] {processor.py:830} INFO - Processing file /opt/airflow/dags/etl_incidentes_dag.py for tasks to queue
[2026-05-27T00:25:18.515+0000] {logging_mixin.py:188} INFO - [2026-05-27T00:25:18.515+0000] {dagbag.py:538} INFO - Filling up the DagBag from /opt/airflow/dags/etl_incidentes_dag.py
[2026-05-27T00:25:18.540+0000] {processor.py:840} INFO - DAG(s) 'etl_incidentes_viales_v2' retrieved from /opt/airflow/dags/etl_incidentes_dag.py
[2026-05-27T00:25:18.565+0000] {logging_mixin.py:188} INFO - [2026-05-27T00:25:18.564+0000] {dag.py:3036} INFO - Sync 1 DAGs
[2026-05-27T00:25:18.584+0000] {logging_mixin.py:188} INFO - [2026-05-27T00:25:18.584+0000] {dag.py:3823} INFO - Setting next_dagrun for etl_incidentes_viales_v2 to 2026-04-01 00:00:00+00:00, run_after=2026-05-01 00:00:00+00:00
[2026-05-27T00:25:18.605+0000] {processor.py:183} INFO - Processing /opt/airflow/dags/etl_incidentes_dag.py took 0.095 seconds
[2026-05-27T00:25:48.727+0000] {processor.py:161} INFO - Started process (PID=185) to work on /opt/airflow/dags/etl_incidentes_dag.py
[2026-05-27T00:25:48.728+0000] {processor.py:830} INFO - Processing file /opt/airflow/dags/etl_incidentes_dag.py for tasks to queue
[2026-05-27T00:25:48.729+0000] {logging_mixin.py:188} INFO - [2026-05-27T00:25:48.729+0000] {dagbag.py:538} INFO - Filling up the DagBag from /opt/airflow/dags/etl_incidentes_dag.py
[2026-05-27T00:25:48.755+0000] {processor.py:840} INFO - DAG(s) 'etl_incidentes_viales_v2' retrieved from /opt/airflow/dags/etl_incidentes_dag.py
[2026-05-27T00:25:48.786+0000] {logging_mixin.py:188} INFO - [2026-05-27T00:25:48.786+0000] {dag.py:3036} INFO - Sync 1 DAGs
[2026-05-27T00:25:48.806+0000] {logging_mixin.py:188} INFO - [2026-05-27T00:25:48.806+0000] {dag.py:3823} INFO - Setting next_dagrun for etl_incidentes_viales_v2 to 2026-04-01 00:00:00+00:00, run_after=2026-05-01 00:00:00+00:00
[2026-05-27T00:25:48.827+0000] {processor.py:183} INFO - Processing /opt/airflow/dags/etl_incidentes_dag.py took 0.103 seconds
[2026-05-27T00:26:19.103+0000] {processor.py:161} INFO - Started process (PID=190) to work on /opt/airflow/dags/etl_incidentes_dag.py
[2026-05-27T00:26:19.104+0000] {processor.py:830} INFO - Processing file /opt/airflow/dags/etl_incidentes_dag.py for tasks to queue
[2026-05-27T00:26:19.106+0000] {logging_mixin.py:188} INFO - [2026-05-27T00:26:19.105+0000] {dagbag.py:538} INFO - Filling up the DagBag from /opt/airflow/dags/etl_incidentes_dag.py
[2026-05-27T00:26:19.130+0000] {processor.py:840} INFO - DAG(s) 'etl_incidentes_viales_v2' retrieved from /opt/airflow/dags/etl_incidentes_dag.py
[2026-05-27T00:26:19.154+0000] {logging_mixin.py:188} INFO - [2026-05-27T00:26:19.154+0000] {dag.py:3036} INFO - Sync 1 DAGs
[2026-05-27T00:26:19.172+0000] {logging_mixin.py:188} INFO - [2026-05-27T00:26:19.172+0000] {dag.py:3823} INFO - Setting next_dagrun for etl_incidentes_viales_v2 to 2026-04-01 00:00:00+00:00, run_after=2026-05-01 00:00:00+00:00
[2026-05-27T00:26:19.192+0000] {processor.py:183} INFO - Processing /opt/airflow/dags/etl_incidentes_dag.py took 0.091 seconds
[2026-05-27T00:26:49.311+0000] {processor.py:161} INFO - Started process (PID=195) to work on /opt/airflow/dags/etl_incidentes_dag.py
[2026-05-27T00:26:49.312+0000] {processor.py:830} INFO - Processing file /opt/airflow/dags/etl_incidentes_dag.py for tasks to queue
[2026-05-27T00:26:49.313+0000] {logging_mixin.py:188} INFO - [2026-05-27T00:26:49.313+0000] {dagbag.py:538} INFO - Filling up the DagBag from /opt/airflow/dags/etl_incidentes_dag.py
[2026-05-27T00:26:49.361+0000] {processor.py:840} INFO - DAG(s) 'etl_incidentes_viales_v2' retrieved from /opt/airflow/dags/etl_incidentes_dag.py
[2026-05-27T00:26:49.389+0000] {logging_mixin.py:188} INFO - [2026-05-27T00:26:49.389+0000] {dag.py:3036} INFO - Sync 1 DAGs
[2026-05-27T00:26:49.408+0000] {logging_mixin.py:188} INFO - [2026-05-27T00:26:49.408+0000] {dag.py:3823} INFO - Setting next_dagrun for etl_incidentes_viales_v2 to 2026-04-01 00:00:00+00:00, run_after=2026-05-01 00:00:00+00:00
[2026-05-27T00:26:49.429+0000] {processor.py:183} INFO - Processing /opt/airflow/dags/etl_incidentes_dag.py took 0.121 seconds
[2026-05-27T00:27:19.612+0000] {processor.py:161} INFO - Started process (PID=200) to work on /opt/airflow/dags/etl_incidentes_dag.py
[2026-05-27T00:27:19.614+0000] {processor.py:830} INFO - Processing file /opt/airflow/dags/etl_incidentes_dag.py for tasks to queue
[2026-05-27T00:27:19.615+0000] {logging_mixin.py:188} INFO - [2026-05-27T00:27:19.614+0000] {dagbag.py:538} INFO - Filling up the DagBag from /opt/airflow/dags/etl_incidentes_dag.py
[2026-05-27T00:27:19.636+0000] {processor.py:840} INFO - DAG(s) 'etl_incidentes_viales_v2' retrieved from /opt/airflow/dags/etl_incidentes_dag.py
[2026-05-27T00:27:19.660+0000] {logging_mixin.py:188} INFO - [2026-05-27T00:27:19.660+0000] {dag.py:3036} INFO - Sync 1 DAGs
[2026-05-27T00:27:19.679+0000] {logging_mixin.py:188} INFO - [2026-05-27T00:27:19.678+0000] {dag.py:3823} INFO - Setting next_dagrun for etl_incidentes_viales_v2 to 2026-04-01 00:00:00+00:00, run_after=2026-05-01 00:00:00+00:00
[2026-05-27T00:27:19.698+0000] {processor.py:183} INFO - Processing /opt/airflow/dags/etl_incidentes_dag.py took 0.088 seconds
[2026-05-27T00:27:49.926+0000] {processor.py:161} INFO - Started process (PID=205) to work on /opt/airflow/dags/etl_incidentes_dag.py
[2026-05-27T00:27:49.927+0000] {processor.py:830} INFO - Processing file /opt/airflow/dags/etl_incidentes_dag.py for tasks to queue
[2026-05-27T00:27:49.928+0000] {logging_mixin.py:188} INFO - [2026-05-27T00:27:49.928+0000] {dagbag.py:538} INFO - Filling up the DagBag from /opt/airflow/dags/etl_incidentes_dag.py
[2026-05-27T00:27:49.952+0000] {processor.py:840} INFO - DAG(s) 'etl_incidentes_viales_v2' retrieved from /opt/airflow/dags/etl_incidentes_dag.py
[2026-05-27T00:27:49.987+0000] {logging_mixin.py:188} INFO - [2026-05-27T00:27:49.987+0000] {dag.py:3036} INFO - Sync 1 DAGs
[2026-05-27T00:27:50.003+0000] {logging_mixin.py:188} INFO - [2026-05-27T00:27:50.003+0000] {dag.py:3823} INFO - Setting next_dagrun for etl_incidentes_viales_v2 to 2026-04-01 00:00:00+00:00, run_after=2026-05-01 00:00:00+00:00
[2026-05-27T00:27:50.029+0000] {processor.py:183} INFO - Processing /opt/airflow/dags/etl_incidentes_dag.py took 0.105 seconds
[2026-05-27T00:28:20.145+0000] {processor.py:161} INFO - Started process (PID=210) to work on /opt/airflow/dags/etl_incidentes_dag.py
[2026-05-27T00:28:20.147+0000] {processor.py:830} INFO - Processing file /opt/airflow/dags/etl_incidentes_dag.py for tasks to queue
[2026-05-27T00:28:20.148+0000] {logging_mixin.py:188} INFO - [2026-05-27T00:28:20.147+0000] {dagbag.py:538} INFO - Filling up the DagBag from /opt/airflow/dags/etl_incidentes_dag.py
[2026-05-27T00:28:20.169+0000] {processor.py:840} INFO - DAG(s) 'etl_incidentes_viales_v2' retrieved from /opt/airflow/dags/etl_incidentes_dag.py
[2026-05-27T00:28:20.193+0000] {logging_mixin.py:188} INFO - [2026-05-27T00:28:20.193+0000] {dag.py:3036} INFO - Sync 1 DAGs
[2026-05-27T00:28:20.211+0000] {logging_mixin.py:188} INFO - [2026-05-27T00:28:20.210+0000] {dag.py:3823} INFO - Setting next_dagrun for etl_incidentes_viales_v2 to 2026-04-01 00:00:00+00:00, run_after=2026-05-01 00:00:00+00:00
[2026-05-27T00:28:20.232+0000] {processor.py:183} INFO - Processing /opt/airflow/dags/etl_incidentes_dag.py took 0.090 seconds
[2026-05-27T00:28:50.368+0000] {processor.py:161} INFO - Started process (PID=215) to work on /opt/airflow/dags/etl_incidentes_dag.py
[2026-05-27T00:28:50.369+0000] {processor.py:830} INFO - Processing file /opt/airflow/dags/etl_incidentes_dag.py for tasks to queue
[2026-05-27T00:28:50.370+0000] {logging_mixin.py:188} INFO - [2026-05-27T00:28:50.370+0000] {dagbag.py:538} INFO - Filling up the DagBag from /opt/airflow/dags/etl_incidentes_dag.py
[2026-05-27T00:28:50.396+0000] {processor.py:840} INFO - DAG(s) 'etl_incidentes_viales_v2' retrieved from /opt/airflow/dags/etl_incidentes_dag.py
[2026-05-27T00:28:50.428+0000] {logging_mixin.py:188} INFO - [2026-05-27T00:28:50.428+0000] {dag.py:3036} INFO - Sync 1 DAGs
[2026-05-27T00:28:50.452+0000] {logging_mixin.py:188} INFO - [2026-05-27T00:28:50.452+0000] {dag.py:3823} INFO - Setting next_dagrun for etl_incidentes_viales_v2 to 2026-04-01 00:00:00+00:00, run_after=2026-05-01 00:00:00+00:00
[2026-05-27T00:28:50.476+0000] {processor.py:183} INFO - Processing /opt/airflow/dags/etl_incidentes_dag.py took 0.112 seconds
[2026-05-27T00:29:20.667+0000] {processor.py:161} INFO - Started process (PID=220) to work on /opt/airflow/dags/etl_incidentes_dag.py
[2026-05-27T00:29:20.668+0000] {processor.py:830} INFO - Processing file /opt/airflow/dags/etl_incidentes_dag.py for tasks to queue
[2026-05-27T00:29:20.669+0000] {logging_mixin.py:188} INFO - [2026-05-27T00:29:20.669+0000] {dagbag.py:538} INFO - Filling up the DagBag from /opt/airflow/dags/etl_incidentes_dag.py
[2026-05-27T00:29:20.690+0000] {processor.py:840} INFO - DAG(s) 'etl_incidentes_viales_v2' retrieved from /opt/airflow/dags/etl_incidentes_dag.py
[2026-05-27T00:29:20.714+0000] {logging_mixin.py:188} INFO - [2026-05-27T00:29:20.714+0000] {dag.py:3036} INFO - Sync 1 DAGs
[2026-05-27T00:29:20.731+0000] {logging_mixin.py:188} INFO - [2026-05-27T00:29:20.731+0000] {dag.py:3823} INFO - Setting next_dagrun for etl_incidentes_viales_v2 to 2026-04-01 00:00:00+00:00, run_after=2026-05-01 00:00:00+00:00
[2026-05-27T00:29:20.752+0000] {processor.py:183} INFO - Processing /opt/airflow/dags/etl_incidentes_dag.py took 0.088 seconds
[2026-05-27T00:29:51.019+0000] {processor.py:161} INFO - Started process (PID=225) to work on /opt/airflow/dags/etl_incidentes_dag.py
[2026-05-27T00:29:51.020+0000] {processor.py:830} INFO - Processing file /opt/airflow/dags/etl_incidentes_dag.py for tasks to queue
[2026-05-27T00:29:51.022+0000] {logging_mixin.py:188} INFO - [2026-05-27T00:29:51.021+0000] {dagbag.py:538} INFO - Filling up the DagBag from /opt/airflow/dags/etl_incidentes_dag.py
[2026-05-27T00:29:51.043+0000] {processor.py:840} INFO - DAG(s) 'etl_incidentes_viales_v2' retrieved from /opt/airflow/dags/etl_incidentes_dag.py
[2026-05-27T00:29:51.067+0000] {logging_mixin.py:188} INFO - [2026-05-27T00:29:51.067+0000] {dag.py:3036} INFO - Sync 1 DAGs
[2026-05-27T00:29:51.086+0000] {logging_mixin.py:188} INFO - [2026-05-27T00:29:51.086+0000] {dag.py:3823} INFO - Setting next_dagrun for etl_incidentes_viales_v2 to 2026-04-01 00:00:00+00:00, run_after=2026-05-01 00:00:00+00:00
[2026-05-27T00:29:51.109+0000] {processor.py:183} INFO - Processing /opt/airflow/dags/etl_incidentes_dag.py took 0.092 seconds
[2026-05-27T00:30:21.288+0000] {processor.py:161} INFO - Started process (PID=230) to work on /opt/airflow/dags/etl_incidentes_dag.py
[2026-05-27T00:30:21.289+0000] {processor.py:830} INFO - Processing file /opt/airflow/dags/etl_incidentes_dag.py for tasks to queue
[2026-05-27T00:30:21.290+0000] {logging_mixin.py:188} INFO - [2026-05-27T00:30:21.289+0000] {dagbag.py:538} INFO - Filling up the DagBag from /opt/airflow/dags/etl_incidentes_dag.py
[2026-05-27T00:30:21.309+0000] {processor.py:840} INFO - DAG(s) 'etl_incidentes_viales_v2' retrieved from /opt/airflow/dags/etl_incidentes_dag.py
[2026-05-27T00:30:21.334+0000] {logging_mixin.py:188} INFO - [2026-05-27T00:30:21.334+0000] {dag.py:3036} INFO - Sync 1 DAGs
[2026-05-27T00:30:21.352+0000] {logging_mixin.py:188} INFO - [2026-05-27T00:30:21.352+0000] {dag.py:3823} INFO - Setting next_dagrun for etl_incidentes_viales_v2 to 2026-04-01 00:00:00+00:00, run_after=2026-05-01 00:00:00+00:00
[2026-05-27T00:30:21.374+0000] {processor.py:183} INFO - Processing /opt/airflow/dags/etl_incidentes_dag.py took 0.089 seconds
[2026-05-27T00:30:51.603+0000] {processor.py:161} INFO - Started process (PID=235) to work on /opt/airflow/dags/etl_incidentes_dag.py
[2026-05-27T00:30:51.604+0000] {processor.py:830} INFO - Processing file /opt/airflow/dags/etl_incidentes_dag.py for tasks to queue
[2026-05-27T00:30:51.605+0000] {logging_mixin.py:188} INFO - [2026-05-27T00:30:51.605+0000] {dagbag.py:538} INFO - Filling up the DagBag from /opt/airflow/dags/etl_incidentes_dag.py
[2026-05-27T00:30:51.630+0000] {processor.py:840} INFO - DAG(s) 'etl_incidentes_viales_v2' retrieved from /opt/airflow/dags/etl_incidentes_dag.py
[2026-05-27T00:30:51.656+0000] {logging_mixin.py:188} INFO - [2026-05-27T00:30:51.655+0000] {dag.py:3036} INFO - Sync 1 DAGs
[2026-05-27T00:30:51.673+0000] {logging_mixin.py:188} INFO - [2026-05-27T00:30:51.673+0000] {dag.py:3823} INFO - Setting next_dagrun for etl_incidentes_viales_v2 to 2026-04-01 00:00:00+00:00, run_after=2026-05-01 00:00:00+00:00
[2026-05-27T00:30:51.696+0000] {processor.py:183} INFO - Processing /opt/airflow/dags/etl_incidentes_dag.py took 0.096 seconds
[2026-05-27T00:31:21.900+0000] {processor.py:161} INFO - Started process (PID=240) to work on /opt/airflow/dags/etl_incidentes_dag.py
[2026-05-27T00:31:21.902+0000] {processor.py:830} INFO - Processing file /opt/airflow/dags/etl_incidentes_dag.py for tasks to queue
[2026-05-27T00:31:21.904+0000] {logging_mixin.py:188} INFO - [2026-05-27T00:31:21.904+0000] {dagbag.py:538} INFO - Filling up the DagBag from /opt/airflow/dags/etl_incidentes_dag.py
[2026-05-27T00:31:21.968+0000] {processor.py:840} INFO - DAG(s) 'etl_incidentes_viales_v2' retrieved from /opt/airflow/dags/etl_incidentes_dag.py
[2026-05-27T00:31:21.993+0000] {logging_mixin.py:188} INFO - [2026-05-27T00:31:21.993+0000] {dag.py:3036} INFO - Sync 1 DAGs
[2026-05-27T00:31:22.010+0000] {logging_mixin.py:188} INFO - [2026-05-27T00:31:22.010+0000] {dag.py:3823} INFO - Setting next_dagrun for etl_incidentes_viales_v2 to 2026-04-01 00:00:00+00:00, run_after=2026-05-01 00:00:00+00:00
[2026-05-27T00:31:22.032+0000] {processor.py:183} INFO - Processing /opt/airflow/dags/etl_incidentes_dag.py took 0.135 seconds
[2026-05-27T00:31:52.166+0000] {processor.py:161} INFO - Started process (PID=245) to work on /opt/airflow/dags/etl_incidentes_dag.py
[2026-05-27T00:31:52.167+0000] {processor.py:830} INFO - Processing file /opt/airflow/dags/etl_incidentes_dag.py for tasks to queue
[2026-05-27T00:31:52.168+0000] {logging_mixin.py:188} INFO - [2026-05-27T00:31:52.168+0000] {dagbag.py:538} INFO - Filling up the DagBag from /opt/airflow/dags/etl_incidentes_dag.py
[2026-05-27T00:31:52.192+0000] {processor.py:840} INFO - DAG(s) 'etl_incidentes_viales_v2' retrieved from /opt/airflow/dags/etl_incidentes_dag.py
[2026-05-27T00:31:52.216+0000] {logging_mixin.py:188} INFO - [2026-05-27T00:31:52.216+0000] {dag.py:3036} INFO - Sync 1 DAGs
[2026-05-27T00:31:52.236+0000] {logging_mixin.py:188} INFO - [2026-05-27T00:31:52.236+0000] {dag.py:3823} INFO - Setting next_dagrun for etl_incidentes_viales_v2 to 2026-04-01 00:00:00+00:00, run_after=2026-05-01 00:00:00+00:00
[2026-05-27T00:31:52.258+0000] {processor.py:183} INFO - Processing /opt/airflow/dags/etl_incidentes_dag.py took 0.095 seconds
[2026-05-27T00:32:22.540+0000] {processor.py:161} INFO - Started process (PID=250) to work on /opt/airflow/dags/etl_incidentes_dag.py
[2026-05-27T00:32:22.541+0000] {processor.py:830} INFO - Processing file /opt/airflow/dags/etl_incidentes_dag.py for tasks to queue
[2026-05-27T00:32:22.543+0000] {logging_mixin.py:188} INFO - [2026-05-27T00:32:22.542+0000] {dagbag.py:538} INFO - Filling up the DagBag from /opt/airflow/dags/etl_incidentes_dag.py
[2026-05-27T00:32:22.563+0000] {processor.py:840} INFO - DAG(s) 'etl_incidentes_viales_v2' retrieved from /opt/airflow/dags/etl_incidentes_dag.py
[2026-05-27T00:32:22.586+0000] {logging_mixin.py:188} INFO - [2026-05-27T00:32:22.585+0000] {dag.py:3036} INFO - Sync 1 DAGs
[2026-05-27T00:32:22.602+0000] {logging_mixin.py:188} INFO - [2026-05-27T00:32:22.601+0000] {dag.py:3823} INFO - Setting next_dagrun for etl_incidentes_viales_v2 to 2026-04-01 00:00:00+00:00, run_after=2026-05-01 00:00:00+00:00
[2026-05-27T00:32:22.621+0000] {processor.py:183} INFO - Processing /opt/airflow/dags/etl_incidentes_dag.py took 0.083 seconds
[2026-05-27T00:32:52.815+0000] {processor.py:161} INFO - Started process (PID=255) to work on /opt/airflow/dags/etl_incidentes_dag.py
[2026-05-27T00:32:52.816+0000] {processor.py:830} INFO - Processing file /opt/airflow/dags/etl_incidentes_dag.py for tasks to queue
[2026-05-27T00:32:52.817+0000] {logging_mixin.py:188} INFO - [2026-05-27T00:32:52.817+0000] {dagbag.py:538} INFO - Filling up the DagBag from /opt/airflow/dags/etl_incidentes_dag.py
[2026-05-27T00:32:52.842+0000] {processor.py:840} INFO - DAG(s) 'etl_incidentes_viales_v2' retrieved from /opt/airflow/dags/etl_incidentes_dag.py
[2026-05-27T00:32:52.873+0000] {logging_mixin.py:188} INFO - [2026-05-27T00:32:52.872+0000] {dag.py:3036} INFO - Sync 1 DAGs
[2026-05-27T00:32:52.891+0000] {logging_mixin.py:188} INFO - [2026-05-27T00:32:52.891+0000] {dag.py:3823} INFO - Setting next_dagrun for etl_incidentes_viales_v2 to 2026-04-01 00:00:00+00:00, run_after=2026-05-01 00:00:00+00:00
[2026-05-27T00:32:52.910+0000] {processor.py:183} INFO - Processing /opt/airflow/dags/etl_incidentes_dag.py took 0.098 seconds
[2026-05-27T00:33:23.110+0000] {processor.py:161} INFO - Started process (PID=260) to work on /opt/airflow/dags/etl_incidentes_dag.py
[2026-05-27T00:33:23.112+0000] {processor.py:830} INFO - Processing file /opt/airflow/dags/etl_incidentes_dag.py for tasks to queue
[2026-05-27T00:33:23.113+0000] {logging_mixin.py:188} INFO - [2026-05-27T00:33:23.112+0000] {dagbag.py:538} INFO - Filling up the DagBag from /opt/airflow/dags/etl_incidentes_dag.py
[2026-05-27T00:33:23.142+0000] {processor.py:840} INFO - DAG(s) 'etl_incidentes_viales_v2' retrieved from /opt/airflow/dags/etl_incidentes_dag.py
[2026-05-27T00:33:23.167+0000] {logging_mixin.py:188} INFO - [2026-05-27T00:33:23.167+0000] {dag.py:3036} INFO - Sync 1 DAGs
[2026-05-27T00:33:23.184+0000] {logging_mixin.py:188} INFO - [2026-05-27T00:33:23.184+0000] {dag.py:3823} INFO - Setting next_dagrun for etl_incidentes_viales_v2 to 2026-04-01 00:00:00+00:00, run_after=2026-05-01 00:00:00+00:00
[2026-05-27T00:33:23.205+0000] {processor.py:183} INFO - Processing /opt/airflow/dags/etl_incidentes_dag.py took 0.097 seconds
[2026-05-27T00:33:53.368+0000] {processor.py:161} INFO - Started process (PID=265) to work on /opt/airflow/dags/etl_incidentes_dag.py
[2026-05-27T00:33:53.370+0000] {processor.py:830} INFO - Processing file /opt/airflow/dags/etl_incidentes_dag.py for tasks to queue
[2026-05-27T00:33:53.371+0000] {logging_mixin.py:188} INFO - [2026-05-27T00:33:53.371+0000] {dagbag.py:538} INFO - Filling up the DagBag from /opt/airflow/dags/etl_incidentes_dag.py
[2026-05-27T00:33:53.395+0000] {processor.py:840} INFO - DAG(s) 'etl_incidentes_viales_v2' retrieved from /opt/airflow/dags/etl_incidentes_dag.py
[2026-05-27T00:33:53.426+0000] {logging_mixin.py:188} INFO - [2026-05-27T00:33:53.425+0000] {dag.py:3036} INFO - Sync 1 DAGs
[2026-05-27T00:33:53.442+0000] {logging_mixin.py:188} INFO - [2026-05-27T00:33:53.442+0000] {dag.py:3823} INFO - Setting next_dagrun for etl_incidentes_viales_v2 to 2026-04-01 00:00:00+00:00, run_after=2026-05-01 00:00:00+00:00
[2026-05-27T00:33:53.465+0000] {processor.py:183} INFO - Processing /opt/airflow/dags/etl_incidentes_dag.py took 0.100 seconds
[2026-05-27T00:34:23.704+0000] {processor.py:161} INFO - Started process (PID=270) to work on /opt/airflow/dags/etl_incidentes_dag.py
[2026-05-27T00:34:23.705+0000] {processor.py:830} INFO - Processing file /opt/airflow/dags/etl_incidentes_dag.py for tasks to queue
[2026-05-27T00:34:23.706+0000] {logging_mixin.py:188} INFO - [2026-05-27T00:34:23.706+0000] {dagbag.py:538} INFO - Filling up the DagBag from /opt/airflow/dags/etl_incidentes_dag.py
[2026-05-27T00:34:23.726+0000] {processor.py:840} INFO - DAG(s) 'etl_incidentes_viales_v2' retrieved from /opt/airflow/dags/etl_incidentes_dag.py
[2026-05-27T00:34:23.753+0000] {logging_mixin.py:188} INFO - [2026-05-27T00:34:23.753+0000] {dag.py:3036} INFO - Sync 1 DAGs
[2026-05-27T00:34:23.773+0000] {logging_mixin.py:188} INFO - [2026-05-27T00:34:23.773+0000] {dag.py:3823} INFO - Setting next_dagrun for etl_incidentes_viales_v2 to 2026-04-01 00:00:00+00:00, run_after=2026-05-01 00:00:00+00:00
[2026-05-27T00:34:23.791+0000] {processor.py:183} INFO - Processing /opt/airflow/dags/etl_incidentes_dag.py took 0.090 seconds
[2026-05-27T00:34:53.932+0000] {processor.py:161} INFO - Started process (PID=275) to work on /opt/airflow/dags/etl_incidentes_dag.py
[2026-05-27T00:34:53.933+0000] {processor.py:830} INFO - Processing file /opt/airflow/dags/etl_incidentes_dag.py for tasks to queue
[2026-05-27T00:34:53.934+0000] {logging_mixin.py:188} INFO - [2026-05-27T00:34:53.934+0000] {dagbag.py:538} INFO - Filling up the DagBag from /opt/airflow/dags/etl_incidentes_dag.py
[2026-05-27T00:34:53.962+0000] {processor.py:840} INFO - DAG(s) 'etl_incidentes_viales_v2' retrieved from /opt/airflow/dags/etl_incidentes_dag.py
[2026-05-27T00:34:53.987+0000] {logging_mixin.py:188} INFO - [2026-05-27T00:34:53.986+0000] {dag.py:3036} INFO - Sync 1 DAGs
[2026-05-27T00:34:54.003+0000] {logging_mixin.py:188} INFO - [2026-05-27T00:34:54.003+0000] {dag.py:3823} INFO - Setting next_dagrun for etl_incidentes_viales_v2 to 2026-04-01 00:00:00+00:00, run_after=2026-05-01 00:00:00+00:00
[2026-05-27T00:34:54.025+0000] {processor.py:183} INFO - Processing /opt/airflow/dags/etl_incidentes_dag.py took 0.095 seconds
[2026-05-27T00:35:24.376+0000] {processor.py:161} INFO - Started process (PID=280) to work on /opt/airflow/dags/etl_incidentes_dag.py
[2026-05-27T00:35:24.378+0000] {processor.py:830} INFO - Processing file /opt/airflow/dags/etl_incidentes_dag.py for tasks to queue
[2026-05-27T00:35:24.379+0000] {logging_mixin.py:188} INFO - [2026-05-27T00:35:24.379+0000] {dagbag.py:538} INFO - Filling up the DagBag from /opt/airflow/dags/etl_incidentes_dag.py
[2026-05-27T00:35:24.441+0000] {processor.py:840} INFO - DAG(s) 'etl_incidentes_viales_v2' retrieved from /opt/airflow/dags/etl_incidentes_dag.py
[2026-05-27T00:35:24.472+0000] {logging_mixin.py:188} INFO - [2026-05-27T00:35:24.472+0000] {dag.py:3036} INFO - Sync 1 DAGs
[2026-05-27T00:35:24.487+0000] {logging_mixin.py:188} INFO - [2026-05-27T00:35:24.487+0000] {dag.py:3823} INFO - Setting next_dagrun for etl_incidentes_viales_v2 to 2026-04-01 00:00:00+00:00, run_after=2026-05-01 00:00:00+00:00
[2026-05-27T00:35:24.510+0000] {processor.py:183} INFO - Processing /opt/airflow/dags/etl_incidentes_dag.py took 0.137 seconds
[2026-05-27T00:35:54.569+0000] {processor.py:161} INFO - Started process (PID=285) to work on /opt/airflow/dags/etl_incidentes_dag.py
[2026-05-27T00:35:54.571+0000] {processor.py:830} INFO - Processing file /opt/airflow/dags/etl_incidentes_dag.py for tasks to queue
[2026-05-27T00:35:54.573+0000] {logging_mixin.py:188} INFO - [2026-05-27T00:35:54.573+0000] {dagbag.py:538} INFO - Filling up the DagBag from /opt/airflow/dags/etl_incidentes_dag.py
[2026-05-27T00:35:54.636+0000] {processor.py:840} INFO - DAG(s) 'etl_incidentes_viales_v2' retrieved from /opt/airflow/dags/etl_incidentes_dag.py
[2026-05-27T00:35:54.673+0000] {logging_mixin.py:188} INFO - [2026-05-27T00:35:54.673+0000] {dag.py:3036} INFO - Sync 1 DAGs
[2026-05-27T00:35:54.689+0000] {logging_mixin.py:188} INFO - [2026-05-27T00:35:54.689+0000] {dag.py:3823} INFO - Setting next_dagrun for etl_incidentes_viales_v2 to 2026-04-01 00:00:00+00:00, run_after=2026-05-01 00:00:00+00:00
[2026-05-27T00:35:54.707+0000] {processor.py:183} INFO - Processing /opt/airflow/dags/etl_incidentes_dag.py took 0.141 seconds
[2026-05-27T00:36:24.794+0000] {processor.py:161} INFO - Started process (PID=290) to work on /opt/airflow/dags/etl_incidentes_dag.py
[2026-05-27T00:36:24.795+0000] {processor.py:830} INFO - Processing file /opt/airflow/dags/etl_incidentes_dag.py for tasks to queue
[2026-05-27T00:36:24.796+0000] {logging_mixin.py:188} INFO - [2026-05-27T00:36:24.796+0000] {dagbag.py:538} INFO - Filling up the DagBag from /opt/airflow/dags/etl_incidentes_dag.py
[2026-05-27T00:36:24.823+0000] {processor.py:840} INFO - DAG(s) 'etl_incidentes_viales_v2' retrieved from /opt/airflow/dags/etl_incidentes_dag.py
[2026-05-27T00:36:24.846+0000] {logging_mixin.py:188} INFO - [2026-05-27T00:36:24.846+0000] {dag.py:3036} INFO - Sync 1 DAGs
[2026-05-27T00:36:24.862+0000] {logging_mixin.py:188} INFO - [2026-05-27T00:36:24.862+0000] {dag.py:3823} INFO - Setting next_dagrun for etl_incidentes_viales_v2 to 2026-04-01 00:00:00+00:00, run_after=2026-05-01 00:00:00+00:00
[2026-05-27T00:36:24.881+0000] {processor.py:183} INFO - Processing /opt/airflow/dags/etl_incidentes_dag.py took 0.089 seconds
[2026-05-27T00:36:55.081+0000] {processor.py:161} INFO - Started process (PID=295) to work on /opt/airflow/dags/etl_incidentes_dag.py
[2026-05-27T00:36:55.082+0000] {processor.py:830} INFO - Processing file /opt/airflow/dags/etl_incidentes_dag.py for tasks to queue
[2026-05-27T00:36:55.083+0000] {logging_mixin.py:188} INFO - [2026-05-27T00:36:55.083+0000] {dagbag.py:538} INFO - Filling up the DagBag from /opt/airflow/dags/etl_incidentes_dag.py
[2026-05-27T00:36:55.110+0000] {processor.py:840} INFO - DAG(s) 'etl_incidentes_viales_v2' retrieved from /opt/airflow/dags/etl_incidentes_dag.py
[2026-05-27T00:36:55.139+0000] {logging_mixin.py:188} INFO - [2026-05-27T00:36:55.139+0000] {dag.py:3036} INFO - Sync 1 DAGs
[2026-05-27T00:36:55.155+0000] {logging_mixin.py:188} INFO - [2026-05-27T00:36:55.155+0000] {dag.py:3823} INFO - Setting next_dagrun for etl_incidentes_viales_v2 to 2026-04-01 00:00:00+00:00, run_after=2026-05-01 00:00:00+00:00
[2026-05-27T00:36:55.175+0000] {processor.py:183} INFO - Processing /opt/airflow/dags/etl_incidentes_dag.py took 0.096 seconds
[2026-05-27T00:37:25.345+0000] {processor.py:161} INFO - Started process (PID=300) to work on /opt/airflow/dags/etl_incidentes_dag.py
[2026-05-27T00:37:25.346+0000] {processor.py:830} INFO - Processing file /opt/airflow/dags/etl_incidentes_dag.py for tasks to queue
[2026-05-27T00:37:25.347+0000] {logging_mixin.py:188} INFO - [2026-05-27T00:37:25.347+0000] {dagbag.py:538} INFO - Filling up the DagBag from /opt/airflow/dags/etl_incidentes_dag.py
[2026-05-27T00:37:25.368+0000] {processor.py:840} INFO - DAG(s) 'etl_incidentes_viales_v2' retrieved from /opt/airflow/dags/etl_incidentes_dag.py
[2026-05-27T00:37:25.391+0000] {logging_mixin.py:188} INFO - [2026-05-27T00:37:25.391+0000] {dag.py:3036} INFO - Sync 1 DAGs
[2026-05-27T00:37:25.409+0000] {logging_mixin.py:188} INFO - [2026-05-27T00:37:25.409+0000] {dag.py:3823} INFO - Setting next_dagrun for etl_incidentes_viales_v2 to 2026-04-01 00:00:00+00:00, run_after=2026-05-01 00:00:00+00:00
[2026-05-27T00:37:25.428+0000] {processor.py:183} INFO - Processing /opt/airflow/dags/etl_incidentes_dag.py took 0.085 seconds
[2026-05-27T00:37:55.642+0000] {processor.py:161} INFO - Started process (PID=305) to work on /opt/airflow/dags/etl_incidentes_dag.py
[2026-05-27T00:37:55.644+0000] {processor.py:830} INFO - Processing file /opt/airflow/dags/etl_incidentes_dag.py for tasks to queue
[2026-05-27T00:37:55.646+0000] {logging_mixin.py:188} INFO - [2026-05-27T00:37:55.645+0000] {dagbag.py:538} INFO - Filling up the DagBag from /opt/airflow/dags/etl_incidentes_dag.py
[2026-05-27T00:37:55.668+0000] {processor.py:840} INFO - DAG(s) 'etl_incidentes_viales_v2' retrieved from /opt/airflow/dags/etl_incidentes_dag.py
[2026-05-27T00:37:55.694+0000] {logging_mixin.py:188} INFO - [2026-05-27T00:37:55.693+0000] {dag.py:3036} INFO - Sync 1 DAGs
[2026-05-27T00:37:55.712+0000] {logging_mixin.py:188} INFO - [2026-05-27T00:37:55.712+0000] {dag.py:3823} INFO - Setting next_dagrun for etl_incidentes_viales_v2 to 2026-04-01 00:00:00+00:00, run_after=2026-05-01 00:00:00+00:00
[2026-05-27T00:37:55.731+0000] {processor.py:183} INFO - Processing /opt/airflow/dags/etl_incidentes_dag.py took 0.091 seconds
[2026-05-27T00:38:25.811+0000] {processor.py:161} INFO - Started process (PID=310) to work on /opt/airflow/dags/etl_incidentes_dag.py
[2026-05-27T00:38:25.813+0000] {processor.py:830} INFO - Processing file /opt/airflow/dags/etl_incidentes_dag.py for tasks to queue
[2026-05-27T00:38:25.814+0000] {logging_mixin.py:188} INFO - [2026-05-27T00:38:25.813+0000] {dagbag.py:538} INFO - Filling up the DagBag from /opt/airflow/dags/etl_incidentes_dag.py
[2026-05-27T00:38:25.835+0000] {processor.py:840} INFO - DAG(s) 'etl_incidentes_viales_v2' retrieved from /opt/airflow/dags/etl_incidentes_dag.py
[2026-05-27T00:38:25.857+0000] {logging_mixin.py:188} INFO - [2026-05-27T00:38:25.857+0000] {dag.py:3036} INFO - Sync 1 DAGs
[2026-05-27T00:38:25.874+0000] {logging_mixin.py:188} INFO - [2026-05-27T00:38:25.874+0000] {dag.py:3823} INFO - Setting next_dagrun for etl_incidentes_viales_v2 to 2026-04-01 00:00:00+00:00, run_after=2026-05-01 00:00:00+00:00
[2026-05-27T00:38:25.898+0000] {processor.py:183} INFO - Processing /opt/airflow/dags/etl_incidentes_dag.py took 0.089 seconds
[2026-05-27T00:38:56.032+0000] {processor.py:161} INFO - Started process (PID=315) to work on /opt/airflow/dags/etl_incidentes_dag.py
[2026-05-27T00:38:56.034+0000] {processor.py:830} INFO - Processing file /opt/airflow/dags/etl_incidentes_dag.py for tasks to queue
[2026-05-27T00:38:56.035+0000] {logging_mixin.py:188} INFO - [2026-05-27T00:38:56.035+0000] {dagbag.py:538} INFO - Filling up the DagBag from /opt/airflow/dags/etl_incidentes_dag.py
[2026-05-27T00:38:56.062+0000] {processor.py:840} INFO - DAG(s) 'etl_incidentes_viales_v2' retrieved from /opt/airflow/dags/etl_incidentes_dag.py
[2026-05-27T00:38:56.094+0000] {logging_mixin.py:188} INFO - [2026-05-27T00:38:56.094+0000] {dag.py:3036} INFO - Sync 1 DAGs
[2026-05-27T00:38:56.115+0000] {logging_mixin.py:188} INFO - [2026-05-27T00:38:56.115+0000] {dag.py:3823} INFO - Setting next_dagrun for etl_incidentes_viales_v2 to 2026-04-01 00:00:00+00:00, run_after=2026-05-01 00:00:00+00:00
[2026-05-27T00:38:56.139+0000] {processor.py:183} INFO - Processing /opt/airflow/dags/etl_incidentes_dag.py took 0.110 seconds
[2026-05-27T00:39:26.325+0000] {processor.py:161} INFO - Started process (PID=332) to work on /opt/airflow/dags/etl_incidentes_dag.py
[2026-05-27T00:39:26.326+0000] {processor.py:830} INFO - Processing file /opt/airflow/dags/etl_incidentes_dag.py for tasks to queue
[2026-05-27T00:39:26.328+0000] {logging_mixin.py:188} INFO - [2026-05-27T00:39:26.327+0000] {dagbag.py:538} INFO - Filling up the DagBag from /opt/airflow/dags/etl_incidentes_dag.py
[2026-05-27T00:39:26.360+0000] {processor.py:840} INFO - DAG(s) 'etl_incidentes_viales_v2' retrieved from /opt/airflow/dags/etl_incidentes_dag.py
[2026-05-27T00:39:26.392+0000] {logging_mixin.py:188} INFO - [2026-05-27T00:39:26.392+0000] {dag.py:3036} INFO - Sync 1 DAGs
[2026-05-27T00:39:26.432+0000] {logging_mixin.py:188} INFO - [2026-05-27T00:39:26.431+0000] {dag.py:3823} INFO - Setting next_dagrun for etl_incidentes_viales_v2 to 2026-05-01 00:00:00+00:00, run_after=2026-06-01 00:00:00+00:00
[2026-05-27T00:39:26.457+0000] {processor.py:183} INFO - Processing /opt/airflow/dags/etl_incidentes_dag.py took 0.136 seconds
[2026-05-27T00:39:56.552+0000] {processor.py:161} INFO - Started process (PID=337) to work on /opt/airflow/dags/etl_incidentes_dag.py
[2026-05-27T00:39:56.553+0000] {processor.py:830} INFO - Processing file /opt/airflow/dags/etl_incidentes_dag.py for tasks to queue
[2026-05-27T00:39:56.555+0000] {logging_mixin.py:188} INFO - [2026-05-27T00:39:56.554+0000] {dagbag.py:538} INFO - Filling up the DagBag from /opt/airflow/dags/etl_incidentes_dag.py
[2026-05-27T00:39:56.576+0000] {processor.py:840} INFO - DAG(s) 'etl_incidentes_viales_v2' retrieved from /opt/airflow/dags/etl_incidentes_dag.py
[2026-05-27T00:39:56.602+0000] {logging_mixin.py:188} INFO - [2026-05-27T00:39:56.602+0000] {dag.py:3036} INFO - Sync 1 DAGs
[2026-05-27T00:39:56.620+0000] {logging_mixin.py:188} INFO - [2026-05-27T00:39:56.620+0000] {dag.py:3823} INFO - Setting next_dagrun for etl_incidentes_viales_v2 to 2026-05-01 00:00:00+00:00, run_after=2026-06-01 00:00:00+00:00
[2026-05-27T00:39:56.642+0000] {processor.py:183} INFO - Processing /opt/airflow/dags/etl_incidentes_dag.py took 0.093 seconds
[2026-05-27T00:40:26.830+0000] {processor.py:161} INFO - Started process (PID=348) to work on /opt/airflow/dags/etl_incidentes_dag.py
[2026-05-27T00:40:26.831+0000] {processor.py:830} INFO - Processing file /opt/airflow/dags/etl_incidentes_dag.py for tasks to queue
[2026-05-27T00:40:26.833+0000] {logging_mixin.py:188} INFO - [2026-05-27T00:40:26.832+0000] {dagbag.py:538} INFO - Filling up the DagBag from /opt/airflow/dags/etl_incidentes_dag.py
[2026-05-27T00:40:26.856+0000] {processor.py:840} INFO - DAG(s) 'etl_incidentes_viales_v2' retrieved from /opt/airflow/dags/etl_incidentes_dag.py
[2026-05-27T00:40:26.884+0000] {logging_mixin.py:188} INFO - [2026-05-27T00:40:26.884+0000] {dag.py:3036} INFO - Sync 1 DAGs
[2026-05-27T00:40:26.905+0000] {logging_mixin.py:188} INFO - [2026-05-27T00:40:26.905+0000] {dag.py:3823} INFO - Setting next_dagrun for etl_incidentes_viales_v2 to 2026-05-01 00:00:00+00:00, run_after=2026-06-01 00:00:00+00:00
[2026-05-27T00:40:26.930+0000] {processor.py:183} INFO - Processing /opt/airflow/dags/etl_incidentes_dag.py took 0.103 seconds
[2026-05-27T00:40:57.143+0000] {processor.py:161} INFO - Started process (PID=353) to work on /opt/airflow/dags/etl_incidentes_dag.py
[2026-05-27T00:40:57.146+0000] {processor.py:830} INFO - Processing file /opt/airflow/dags/etl_incidentes_dag.py for tasks to queue
[2026-05-27T00:40:57.148+0000] {logging_mixin.py:188} INFO - [2026-05-27T00:40:57.147+0000] {dagbag.py:538} INFO - Filling up the DagBag from /opt/airflow/dags/etl_incidentes_dag.py
[2026-05-27T00:40:57.225+0000] {processor.py:840} INFO - DAG(s) 'etl_incidentes_viales_v2' retrieved from /opt/airflow/dags/etl_incidentes_dag.py
[2026-05-27T00:40:57.266+0000] {logging_mixin.py:188} INFO - [2026-05-27T00:40:57.265+0000] {dag.py:3036} INFO - Sync 1 DAGs
[2026-05-27T00:40:57.302+0000] {logging_mixin.py:188} INFO - [2026-05-27T00:40:57.301+0000] {dag.py:3823} INFO - Setting next_dagrun for etl_incidentes_viales_v2 to 2026-05-01 00:00:00+00:00, run_after=2026-06-01 00:00:00+00:00
[2026-05-27T00:40:57.329+0000] {processor.py:183} INFO - Processing /opt/airflow/dags/etl_incidentes_dag.py took 0.190 seconds
[2026-05-27T00:41:27.590+0000] {processor.py:161} INFO - Started process (PID=364) to work on /opt/airflow/dags/etl_incidentes_dag.py
[2026-05-27T00:41:27.591+0000] {processor.py:830} INFO - Processing file /opt/airflow/dags/etl_incidentes_dag.py for tasks to queue
[2026-05-27T00:41:27.593+0000] {logging_mixin.py:188} INFO - [2026-05-27T00:41:27.592+0000] {dagbag.py:538} INFO - Filling up the DagBag from /opt/airflow/dags/etl_incidentes_dag.py
[2026-05-27T00:41:27.626+0000] {processor.py:840} INFO - DAG(s) 'etl_incidentes_viales_v2' retrieved from /opt/airflow/dags/etl_incidentes_dag.py
[2026-05-27T00:41:27.665+0000] {logging_mixin.py:188} INFO - [2026-05-27T00:41:27.665+0000] {dag.py:3036} INFO - Sync 1 DAGs
[2026-05-27T00:41:27.698+0000] {logging_mixin.py:188} INFO - [2026-05-27T00:41:27.697+0000] {dag.py:3823} INFO - Setting next_dagrun for etl_incidentes_viales_v2 to 2026-05-01 00:00:00+00:00, run_after=2026-06-01 00:00:00+00:00
[2026-05-27T00:41:27.737+0000] {processor.py:183} INFO - Processing /opt/airflow/dags/etl_incidentes_dag.py took 0.152 seconds
[2026-05-27T00:41:57.983+0000] {processor.py:161} INFO - Started process (PID=369) to work on /opt/airflow/dags/etl_incidentes_dag.py
[2026-05-27T00:41:57.985+0000] {processor.py:830} INFO - Processing file /opt/airflow/dags/etl_incidentes_dag.py for tasks to queue
[2026-05-27T00:41:57.986+0000] {logging_mixin.py:188} INFO - [2026-05-27T00:41:57.986+0000] {dagbag.py:538} INFO - Filling up the DagBag from /opt/airflow/dags/etl_incidentes_dag.py
[2026-05-27T00:41:58.018+0000] {processor.py:840} INFO - DAG(s) 'etl_incidentes_viales_v2' retrieved from /opt/airflow/dags/etl_incidentes_dag.py
[2026-05-27T00:41:58.046+0000] {logging_mixin.py:188} INFO - [2026-05-27T00:41:58.045+0000] {dag.py:3036} INFO - Sync 1 DAGs
[2026-05-27T00:41:58.066+0000] {logging_mixin.py:188} INFO - [2026-05-27T00:41:58.065+0000] {dag.py:3823} INFO - Setting next_dagrun for etl_incidentes_viales_v2 to 2026-05-01 00:00:00+00:00, run_after=2026-06-01 00:00:00+00:00
[2026-05-27T00:41:58.089+0000] {processor.py:183} INFO - Processing /opt/airflow/dags/etl_incidentes_dag.py took 0.108 seconds
[2026-05-27T00:42:28.173+0000] {processor.py:161} INFO - Started process (PID=377) to work on /opt/airflow/dags/etl_incidentes_dag.py
[2026-05-27T00:42:28.174+0000] {processor.py:830} INFO - Processing file /opt/airflow/dags/etl_incidentes_dag.py for tasks to queue
[2026-05-27T00:42:28.175+0000] {logging_mixin.py:188} INFO - [2026-05-27T00:42:28.175+0000] {dagbag.py:538} INFO - Filling up the DagBag from /opt/airflow/dags/etl_incidentes_dag.py
[2026-05-27T00:42:28.194+0000] {processor.py:840} INFO - DAG(s) 'etl_incidentes_viales_v2' retrieved from /opt/airflow/dags/etl_incidentes_dag.py
[2026-05-27T00:42:28.219+0000] {logging_mixin.py:188} INFO - [2026-05-27T00:42:28.219+0000] {dag.py:3036} INFO - Sync 1 DAGs
[2026-05-27T00:42:28.237+0000] {logging_mixin.py:188} INFO - [2026-05-27T00:42:28.236+0000] {dag.py:3823} INFO - Setting next_dagrun for etl_incidentes_viales_v2 to 2026-05-01 00:00:00+00:00, run_after=2026-06-01 00:00:00+00:00
[2026-05-27T00:42:28.257+0000] {processor.py:183} INFO - Processing /opt/airflow/dags/etl_incidentes_dag.py took 0.086 seconds
[2026-05-27T00:42:58.505+0000] {processor.py:161} INFO - Started process (PID=382) to work on /opt/airflow/dags/etl_incidentes_dag.py
[2026-05-27T00:42:58.507+0000] {processor.py:830} INFO - Processing file /opt/airflow/dags/etl_incidentes_dag.py for tasks to queue
[2026-05-27T00:42:58.509+0000] {logging_mixin.py:188} INFO - [2026-05-27T00:42:58.508+0000] {dagbag.py:538} INFO - Filling up the DagBag from /opt/airflow/dags/etl_incidentes_dag.py
[2026-05-27T00:42:58.553+0000] {processor.py:840} INFO - DAG(s) 'etl_incidentes_viales_v2' retrieved from /opt/airflow/dags/etl_incidentes_dag.py
[2026-05-27T00:42:58.597+0000] {logging_mixin.py:188} INFO - [2026-05-27T00:42:58.597+0000] {dag.py:3036} INFO - Sync 1 DAGs
[2026-05-27T00:42:58.635+0000] {logging_mixin.py:188} INFO - [2026-05-27T00:42:58.635+0000] {dag.py:3823} INFO - Setting next_dagrun for etl_incidentes_viales_v2 to 2026-05-01 00:00:00+00:00, run_after=2026-06-01 00:00:00+00:00
[2026-05-27T00:42:58.681+0000] {processor.py:183} INFO - Processing /opt/airflow/dags/etl_incidentes_dag.py took 0.181 seconds
[2026-05-27T00:43:28.915+0000] {processor.py:161} INFO - Started process (PID=387) to work on /opt/airflow/dags/etl_incidentes_dag.py
[2026-05-27T00:43:28.917+0000] {processor.py:830} INFO - Processing file /opt/airflow/dags/etl_incidentes_dag.py for tasks to queue
[2026-05-27T00:43:28.919+0000] {logging_mixin.py:188} INFO - [2026-05-27T00:43:28.918+0000] {dagbag.py:538} INFO - Filling up the DagBag from /opt/airflow/dags/etl_incidentes_dag.py
[2026-05-27T00:43:28.958+0000] {processor.py:840} INFO - DAG(s) 'etl_incidentes_viales_v2' retrieved from /opt/airflow/dags/etl_incidentes_dag.py
[2026-05-27T00:43:28.994+0000] {logging_mixin.py:188} INFO - [2026-05-27T00:43:28.994+0000] {dag.py:3036} INFO - Sync 1 DAGs
[2026-05-27T00:43:29.025+0000] {logging_mixin.py:188} INFO - [2026-05-27T00:43:29.025+0000] {dag.py:3823} INFO - Setting next_dagrun for etl_incidentes_viales_v2 to 2026-05-01 00:00:00+00:00, run_after=2026-06-01 00:00:00+00:00
[2026-05-27T00:43:29.052+0000] {processor.py:183} INFO - Processing /opt/airflow/dags/etl_incidentes_dag.py took 0.140 seconds
[2026-05-27T00:43:59.123+0000] {processor.py:161} INFO - Started process (PID=392) to work on /opt/airflow/dags/etl_incidentes_dag.py
[2026-05-27T00:43:59.124+0000] {processor.py:830} INFO - Processing file /opt/airflow/dags/etl_incidentes_dag.py for tasks to queue
[2026-05-27T00:43:59.125+0000] {logging_mixin.py:188} INFO - [2026-05-27T00:43:59.125+0000] {dagbag.py:538} INFO - Filling up the DagBag from /opt/airflow/dags/etl_incidentes_dag.py
[2026-05-27T00:43:59.153+0000] {processor.py:840} INFO - DAG(s) 'etl_incidentes_viales_v2' retrieved from /opt/airflow/dags/etl_incidentes_dag.py
[2026-05-27T00:43:59.184+0000] {logging_mixin.py:188} INFO - [2026-05-27T00:43:59.183+0000] {dag.py:3036} INFO - Sync 1 DAGs
[2026-05-27T00:43:59.206+0000] {logging_mixin.py:188} INFO - [2026-05-27T00:43:59.206+0000] {dag.py:3823} INFO - Setting next_dagrun for etl_incidentes_viales_v2 to 2026-05-01 00:00:00+00:00, run_after=2026-06-01 00:00:00+00:00
[2026-05-27T00:43:59.228+0000] {processor.py:183} INFO - Processing /opt/airflow/dags/etl_incidentes_dag.py took 0.109 seconds
[2026-05-27T00:44:29.479+0000] {processor.py:161} INFO - Started process (PID=397) to work on /opt/airflow/dags/etl_incidentes_dag.py
[2026-05-27T00:44:29.481+0000] {processor.py:830} INFO - Processing file /opt/airflow/dags/etl_incidentes_dag.py for tasks to queue
[2026-05-27T00:44:29.483+0000] {logging_mixin.py:188} INFO - [2026-05-27T00:44:29.482+0000] {dagbag.py:538} INFO - Filling up the DagBag from /opt/airflow/dags/etl_incidentes_dag.py
[2026-05-27T00:44:29.530+0000] {processor.py:840} INFO - DAG(s) 'etl_incidentes_viales_v2' retrieved from /opt/airflow/dags/etl_incidentes_dag.py
[2026-05-27T00:44:29.577+0000] {logging_mixin.py:188} INFO - [2026-05-27T00:44:29.577+0000] {dag.py:3036} INFO - Sync 1 DAGs
[2026-05-27T00:44:29.611+0000] {logging_mixin.py:188} INFO - [2026-05-27T00:44:29.611+0000] {dag.py:3823} INFO - Setting next_dagrun for etl_incidentes_viales_v2 to 2026-05-01 00:00:00+00:00, run_after=2026-06-01 00:00:00+00:00
[2026-05-27T00:44:29.640+0000] {processor.py:183} INFO - Processing /opt/airflow/dags/etl_incidentes_dag.py took 0.166 seconds
[2026-05-27T00:44:59.743+0000] {processor.py:161} INFO - Started process (PID=402) to work on /opt/airflow/dags/etl_incidentes_dag.py
[2026-05-27T00:44:59.745+0000] {processor.py:830} INFO - Processing file /opt/airflow/dags/etl_incidentes_dag.py for tasks to queue
[2026-05-27T00:44:59.747+0000] {logging_mixin.py:188} INFO - [2026-05-27T00:44:59.747+0000] {dagbag.py:538} INFO - Filling up the DagBag from /opt/airflow/dags/etl_incidentes_dag.py
[2026-05-27T00:44:59.788+0000] {processor.py:840} INFO - DAG(s) 'etl_incidentes_viales_v2' retrieved from /opt/airflow/dags/etl_incidentes_dag.py
[2026-05-27T00:44:59.824+0000] {logging_mixin.py:188} INFO - [2026-05-27T00:44:59.824+0000] {dag.py:3036} INFO - Sync 1 DAGs
[2026-05-27T00:44:59.857+0000] {logging_mixin.py:188} INFO - [2026-05-27T00:44:59.857+0000] {dag.py:3823} INFO - Setting next_dagrun for etl_incidentes_viales_v2 to 2026-05-01 00:00:00+00:00, run_after=2026-06-01 00:00:00+00:00
[2026-05-27T00:44:59.892+0000] {processor.py:183} INFO - Processing /opt/airflow/dags/etl_incidentes_dag.py took 0.154 seconds
[2026-05-27T00:45:30.054+0000] {processor.py:161} INFO - Started process (PID=407) to work on /opt/airflow/dags/etl_incidentes_dag.py
[2026-05-27T00:45:30.055+0000] {processor.py:830} INFO - Processing file /opt/airflow/dags/etl_incidentes_dag.py for tasks to queue
[2026-05-27T00:45:30.056+0000] {logging_mixin.py:188} INFO - [2026-05-27T00:45:30.056+0000] {dagbag.py:538} INFO - Filling up the DagBag from /opt/airflow/dags/etl_incidentes_dag.py
[2026-05-27T00:45:30.090+0000] {processor.py:840} INFO - DAG(s) 'etl_incidentes_viales_v2' retrieved from /opt/airflow/dags/etl_incidentes_dag.py
[2026-05-27T00:45:30.134+0000] {logging_mixin.py:188} INFO - [2026-05-27T00:45:30.133+0000] {dag.py:3036} INFO - Sync 1 DAGs
[2026-05-27T00:45:30.160+0000] {logging_mixin.py:188} INFO - [2026-05-27T00:45:30.159+0000] {dag.py:3823} INFO - Setting next_dagrun for etl_incidentes_viales_v2 to 2026-05-01 00:00:00+00:00, run_after=2026-06-01 00:00:00+00:00
[2026-05-27T00:45:30.182+0000] {processor.py:183} INFO - Processing /opt/airflow/dags/etl_incidentes_dag.py took 0.131 seconds
[2026-05-27T00:46:00.270+0000] {processor.py:161} INFO - Started process (PID=412) to work on /opt/airflow/dags/etl_incidentes_dag.py
[2026-05-27T00:46:00.271+0000] {processor.py:830} INFO - Processing file /opt/airflow/dags/etl_incidentes_dag.py for tasks to queue
[2026-05-27T00:46:00.272+0000] {logging_mixin.py:188} INFO - [2026-05-27T00:46:00.272+0000] {dagbag.py:538} INFO - Filling up the DagBag from /opt/airflow/dags/etl_incidentes_dag.py
[2026-05-27T00:46:00.318+0000] {processor.py:840} INFO - DAG(s) 'etl_incidentes_viales_v2' retrieved from /opt/airflow/dags/etl_incidentes_dag.py
[2026-05-27T00:46:00.347+0000] {logging_mixin.py:188} INFO - [2026-05-27T00:46:00.347+0000] {dag.py:3036} INFO - Sync 1 DAGs
[2026-05-27T00:46:00.365+0000] {logging_mixin.py:188} INFO - [2026-05-27T00:46:00.365+0000] {dag.py:3823} INFO - Setting next_dagrun for etl_incidentes_viales_v2 to 2026-05-01 00:00:00+00:00, run_after=2026-06-01 00:00:00+00:00
[2026-05-27T00:46:00.386+0000] {processor.py:183} INFO - Processing /opt/airflow/dags/etl_incidentes_dag.py took 0.119 seconds
[2026-05-27T00:46:30.579+0000] {processor.py:161} INFO - Started process (PID=417) to work on /opt/airflow/dags/etl_incidentes_dag.py
[2026-05-27T00:46:30.581+0000] {processor.py:830} INFO - Processing file /opt/airflow/dags/etl_incidentes_dag.py for tasks to queue
[2026-05-27T00:46:30.582+0000] {logging_mixin.py:188} INFO - [2026-05-27T00:46:30.581+0000] {dagbag.py:538} INFO - Filling up the DagBag from /opt/airflow/dags/etl_incidentes_dag.py
[2026-05-27T00:46:30.607+0000] {processor.py:840} INFO - DAG(s) 'etl_incidentes_viales_v2' retrieved from /opt/airflow/dags/etl_incidentes_dag.py
[2026-05-27T00:46:30.638+0000] {logging_mixin.py:188} INFO - [2026-05-27T00:46:30.637+0000] {dag.py:3036} INFO - Sync 1 DAGs
[2026-05-27T00:46:30.663+0000] {logging_mixin.py:188} INFO - [2026-05-27T00:46:30.662+0000] {dag.py:3823} INFO - Setting next_dagrun for etl_incidentes_viales_v2 to 2026-05-01 00:00:00+00:00, run_after=2026-06-01 00:00:00+00:00
[2026-05-27T00:46:30.689+0000] {processor.py:183} INFO - Processing /opt/airflow/dags/etl_incidentes_dag.py took 0.114 seconds
[2026-05-27T00:47:00.774+0000] {processor.py:161} INFO - Started process (PID=422) to work on /opt/airflow/dags/etl_incidentes_dag.py
[2026-05-27T00:47:00.775+0000] {processor.py:830} INFO - Processing file /opt/airflow/dags/etl_incidentes_dag.py for tasks to queue
[2026-05-27T00:47:00.776+0000] {logging_mixin.py:188} INFO - [2026-05-27T00:47:00.776+0000] {dagbag.py:538} INFO - Filling up the DagBag from /opt/airflow/dags/etl_incidentes_dag.py
[2026-05-27T00:47:00.800+0000] {processor.py:840} INFO - DAG(s) 'etl_incidentes_viales_v2' retrieved from /opt/airflow/dags/etl_incidentes_dag.py
[2026-05-27T00:47:00.828+0000] {logging_mixin.py:188} INFO - [2026-05-27T00:47:00.828+0000] {dag.py:3036} INFO - Sync 1 DAGs
[2026-05-27T00:47:00.847+0000] {logging_mixin.py:188} INFO - [2026-05-27T00:47:00.847+0000] {dag.py:3823} INFO - Setting next_dagrun for etl_incidentes_viales_v2 to 2026-05-01 00:00:00+00:00, run_after=2026-06-01 00:00:00+00:00
[2026-05-27T00:47:00.868+0000] {processor.py:183} INFO - Processing /opt/airflow/dags/etl_incidentes_dag.py took 0.097 seconds
[2026-05-27T00:47:30.970+0000] {processor.py:161} INFO - Started process (PID=427) to work on /opt/airflow/dags/etl_incidentes_dag.py
[2026-05-27T00:47:30.972+0000] {processor.py:830} INFO - Processing file /opt/airflow/dags/etl_incidentes_dag.py for tasks to queue
[2026-05-27T00:47:30.973+0000] {logging_mixin.py:188} INFO - [2026-05-27T00:47:30.973+0000] {dagbag.py:538} INFO - Filling up the DagBag from /opt/airflow/dags/etl_incidentes_dag.py
[2026-05-27T00:47:30.996+0000] {processor.py:840} INFO - DAG(s) 'etl_incidentes_viales_v2' retrieved from /opt/airflow/dags/etl_incidentes_dag.py
[2026-05-27T00:47:31.022+0000] {logging_mixin.py:188} INFO - [2026-05-27T00:47:31.022+0000] {dag.py:3036} INFO - Sync 1 DAGs
[2026-05-27T00:47:31.041+0000] {logging_mixin.py:188} INFO - [2026-05-27T00:47:31.041+0000] {dag.py:3823} INFO - Setting next_dagrun for etl_incidentes_viales_v2 to 2026-05-01 00:00:00+00:00, run_after=2026-06-01 00:00:00+00:00
[2026-05-27T00:47:31.061+0000] {processor.py:183} INFO - Processing /opt/airflow/dags/etl_incidentes_dag.py took 0.094 seconds
[2026-05-27T00:48:01.265+0000] {processor.py:161} INFO - Started process (PID=432) to work on /opt/airflow/dags/etl_incidentes_dag.py
[2026-05-27T00:48:01.267+0000] {processor.py:830} INFO - Processing file /opt/airflow/dags/etl_incidentes_dag.py for tasks to queue
[2026-05-27T00:48:01.268+0000] {logging_mixin.py:188} INFO - [2026-05-27T00:48:01.268+0000] {dagbag.py:538} INFO - Filling up the DagBag from /opt/airflow/dags/etl_incidentes_dag.py
[2026-05-27T00:48:01.296+0000] {processor.py:840} INFO - DAG(s) 'etl_incidentes_viales_v2' retrieved from /opt/airflow/dags/etl_incidentes_dag.py
[2026-05-27T00:48:01.331+0000] {logging_mixin.py:188} INFO - [2026-05-27T00:48:01.331+0000] {dag.py:3036} INFO - Sync 1 DAGs
[2026-05-27T00:48:01.357+0000] {logging_mixin.py:188} INFO - [2026-05-27T00:48:01.357+0000] {dag.py:3823} INFO - Setting next_dagrun for etl_incidentes_viales_v2 to 2026-05-01 00:00:00+00:00, run_after=2026-06-01 00:00:00+00:00
[2026-05-27T00:48:01.386+0000] {processor.py:183} INFO - Processing /opt/airflow/dags/etl_incidentes_dag.py took 0.124 seconds
[2026-05-27T00:48:31.470+0000] {processor.py:161} INFO - Started process (PID=437) to work on /opt/airflow/dags/etl_incidentes_dag.py
[2026-05-27T00:48:31.471+0000] {processor.py:830} INFO - Processing file /opt/airflow/dags/etl_incidentes_dag.py for tasks to queue
[2026-05-27T00:48:31.473+0000] {logging_mixin.py:188} INFO - [2026-05-27T00:48:31.472+0000] {dagbag.py:538} INFO - Filling up the DagBag from /opt/airflow/dags/etl_incidentes_dag.py
[2026-05-27T00:48:31.497+0000] {processor.py:840} INFO - DAG(s) 'etl_incidentes_viales_v2' retrieved from /opt/airflow/dags/etl_incidentes_dag.py
[2026-05-27T00:48:31.527+0000] {logging_mixin.py:188} INFO - [2026-05-27T00:48:31.527+0000] {dag.py:3036} INFO - Sync 1 DAGs
[2026-05-27T00:48:31.549+0000] {logging_mixin.py:188} INFO - [2026-05-27T00:48:31.549+0000] {dag.py:3823} INFO - Setting next_dagrun for etl_incidentes_viales_v2 to 2026-05-01 00:00:00+00:00, run_after=2026-06-01 00:00:00+00:00
[2026-05-27T00:48:31.572+0000] {processor.py:183} INFO - Processing /opt/airflow/dags/etl_incidentes_dag.py took 0.105 seconds
[2026-05-27T00:49:01.772+0000] {processor.py:161} INFO - Started process (PID=442) to work on /opt/airflow/dags/etl_incidentes_dag.py
[2026-05-27T00:49:01.775+0000] {processor.py:830} INFO - Processing file /opt/airflow/dags/etl_incidentes_dag.py for tasks to queue
[2026-05-27T00:49:01.776+0000] {logging_mixin.py:188} INFO - [2026-05-27T00:49:01.776+0000] {dagbag.py:538} INFO - Filling up the DagBag from /opt/airflow/dags/etl_incidentes_dag.py
[2026-05-27T00:49:01.803+0000] {processor.py:840} INFO - DAG(s) 'etl_incidentes_viales_v2' retrieved from /opt/airflow/dags/etl_incidentes_dag.py
[2026-05-27T00:49:01.832+0000] {logging_mixin.py:188} INFO - [2026-05-27T00:49:01.831+0000] {dag.py:3036} INFO - Sync 1 DAGs
[2026-05-27T00:49:01.854+0000] {logging_mixin.py:188} INFO - [2026-05-27T00:49:01.853+0000] {dag.py:3823} INFO - Setting next_dagrun for etl_incidentes_viales_v2 to 2026-05-01 00:00:00+00:00, run_after=2026-06-01 00:00:00+00:00
[2026-05-27T00:49:01.875+0000] {processor.py:183} INFO - Processing /opt/airflow/dags/etl_incidentes_dag.py took 0.107 seconds
[2026-05-27T00:49:31.984+0000] {processor.py:161} INFO - Started process (PID=447) to work on /opt/airflow/dags/etl_incidentes_dag.py
[2026-05-27T00:49:31.986+0000] {processor.py:830} INFO - Processing file /opt/airflow/dags/etl_incidentes_dag.py for tasks to queue
[2026-05-27T00:49:31.987+0000] {logging_mixin.py:188} INFO - [2026-05-27T00:49:31.987+0000] {dagbag.py:538} INFO - Filling up the DagBag from /opt/airflow/dags/etl_incidentes_dag.py
[2026-05-27T00:49:32.011+0000] {processor.py:840} INFO - DAG(s) 'etl_incidentes_viales_v2' retrieved from /opt/airflow/dags/etl_incidentes_dag.py
[2026-05-27T00:49:32.039+0000] {logging_mixin.py:188} INFO - [2026-05-27T00:49:32.039+0000] {dag.py:3036} INFO - Sync 1 DAGs
[2026-05-27T00:49:32.059+0000] {logging_mixin.py:188} INFO - [2026-05-27T00:49:32.059+0000] {dag.py:3823} INFO - Setting next_dagrun for etl_incidentes_viales_v2 to 2026-05-01 00:00:00+00:00, run_after=2026-06-01 00:00:00+00:00
[2026-05-27T00:49:32.081+0000] {processor.py:183} INFO - Processing /opt/airflow/dags/etl_incidentes_dag.py took 0.100 seconds
[2026-05-27T00:50:02.354+0000] {processor.py:161} INFO - Started process (PID=452) to work on /opt/airflow/dags/etl_incidentes_dag.py
[2026-05-27T00:50:02.355+0000] {processor.py:830} INFO - Processing file /opt/airflow/dags/etl_incidentes_dag.py for tasks to queue
[2026-05-27T00:50:02.357+0000] {logging_mixin.py:188} INFO - [2026-05-27T00:50:02.356+0000] {dagbag.py:538} INFO - Filling up the DagBag from /opt/airflow/dags/etl_incidentes_dag.py
[2026-05-27T00:50:02.393+0000] {processor.py:840} INFO - DAG(s) 'etl_incidentes_viales_v2' retrieved from /opt/airflow/dags/etl_incidentes_dag.py
[2026-05-27T00:50:02.436+0000] {logging_mixin.py:188} INFO - [2026-05-27T00:50:02.435+0000] {dag.py:3036} INFO - Sync 1 DAGs
[2026-05-27T00:50:02.461+0000] {logging_mixin.py:188} INFO - [2026-05-27T00:50:02.461+0000] {dag.py:3823} INFO - Setting next_dagrun for etl_incidentes_viales_v2 to 2026-05-01 00:00:00+00:00, run_after=2026-06-01 00:00:00+00:00
[2026-05-27T00:50:02.489+0000] {processor.py:183} INFO - Processing /opt/airflow/dags/etl_incidentes_dag.py took 0.138 seconds
[2026-05-27T00:50:32.589+0000] {processor.py:161} INFO - Started process (PID=457) to work on /opt/airflow/dags/etl_incidentes_dag.py
[2026-05-27T00:50:32.592+0000] {processor.py:830} INFO - Processing file /opt/airflow/dags/etl_incidentes_dag.py for tasks to queue
[2026-05-27T00:50:32.595+0000] {logging_mixin.py:188} INFO - [2026-05-27T00:50:32.594+0000] {dagbag.py:538} INFO - Filling up the DagBag from /opt/airflow/dags/etl_incidentes_dag.py
[2026-05-27T00:50:32.666+0000] {processor.py:840} INFO - DAG(s) 'etl_incidentes_viales_v2' retrieved from /opt/airflow/dags/etl_incidentes_dag.py
[2026-05-27T00:50:32.712+0000] {logging_mixin.py:188} INFO - [2026-05-27T00:50:32.711+0000] {dag.py:3036} INFO - Sync 1 DAGs
[2026-05-27T00:50:32.745+0000] {logging_mixin.py:188} INFO - [2026-05-27T00:50:32.744+0000] {dag.py:3823} INFO - Setting next_dagrun for etl_incidentes_viales_v2 to 2026-05-01 00:00:00+00:00, run_after=2026-06-01 00:00:00+00:00
[2026-05-27T00:50:32.778+0000] {processor.py:183} INFO - Processing /opt/airflow/dags/etl_incidentes_dag.py took 0.193 seconds
[2026-05-27T00:51:02.940+0000] {processor.py:161} INFO - Started process (PID=462) to work on /opt/airflow/dags/etl_incidentes_dag.py
[2026-05-27T00:51:02.943+0000] {processor.py:830} INFO - Processing file /opt/airflow/dags/etl_incidentes_dag.py for tasks to queue
[2026-05-27T00:51:02.944+0000] {logging_mixin.py:188} INFO - [2026-05-27T00:51:02.944+0000] {dagbag.py:538} INFO - Filling up the DagBag from /opt/airflow/dags/etl_incidentes_dag.py
[2026-05-27T00:51:02.971+0000] {processor.py:840} INFO - DAG(s) 'etl_incidentes_viales_v2' retrieved from /opt/airflow/dags/etl_incidentes_dag.py
[2026-05-27T00:51:02.995+0000] {logging_mixin.py:188} INFO - [2026-05-27T00:51:02.994+0000] {dag.py:3036} INFO - Sync 1 DAGs
[2026-05-27T00:51:03.013+0000] {logging_mixin.py:188} INFO - [2026-05-27T00:51:03.013+0000] {dag.py:3823} INFO - Setting next_dagrun for etl_incidentes_viales_v2 to 2026-05-01 00:00:00+00:00, run_after=2026-06-01 00:00:00+00:00
[2026-05-27T00:51:03.036+0000] {processor.py:183} INFO - Processing /opt/airflow/dags/etl_incidentes_dag.py took 0.100 seconds
[2026-05-27T00:51:33.167+0000] {processor.py:161} INFO - Started process (PID=467) to work on /opt/airflow/dags/etl_incidentes_dag.py
[2026-05-27T00:51:33.169+0000] {processor.py:830} INFO - Processing file /opt/airflow/dags/etl_incidentes_dag.py for tasks to queue
[2026-05-27T00:51:33.170+0000] {logging_mixin.py:188} INFO - [2026-05-27T00:51:33.169+0000] {dagbag.py:538} INFO - Filling up the DagBag from /opt/airflow/dags/etl_incidentes_dag.py
[2026-05-27T00:51:33.194+0000] {processor.py:840} INFO - DAG(s) 'etl_incidentes_viales_v2' retrieved from /opt/airflow/dags/etl_incidentes_dag.py
[2026-05-27T00:51:33.219+0000] {logging_mixin.py:188} INFO - [2026-05-27T00:51:33.219+0000] {dag.py:3036} INFO - Sync 1 DAGs
[2026-05-27T00:51:33.239+0000] {logging_mixin.py:188} INFO - [2026-05-27T00:51:33.239+0000] {dag.py:3823} INFO - Setting next_dagrun for etl_incidentes_viales_v2 to 2026-05-01 00:00:00+00:00, run_after=2026-06-01 00:00:00+00:00
[2026-05-27T00:51:33.263+0000] {processor.py:183} INFO - Processing /opt/airflow/dags/etl_incidentes_dag.py took 0.098 seconds
[2026-05-27T00:52:03.394+0000] {processor.py:161} INFO - Started process (PID=472) to work on /opt/airflow/dags/etl_incidentes_dag.py
[2026-05-27T00:52:03.395+0000] {processor.py:830} INFO - Processing file /opt/airflow/dags/etl_incidentes_dag.py for tasks to queue
[2026-05-27T00:52:03.396+0000] {logging_mixin.py:188} INFO - [2026-05-27T00:52:03.396+0000] {dagbag.py:538} INFO - Filling up the DagBag from /opt/airflow/dags/etl_incidentes_dag.py
[2026-05-27T00:52:03.423+0000] {processor.py:840} INFO - DAG(s) 'etl_incidentes_viales_v2' retrieved from /opt/airflow/dags/etl_incidentes_dag.py
[2026-05-27T00:52:03.455+0000] {logging_mixin.py:188} INFO - [2026-05-27T00:52:03.455+0000] {dag.py:3036} INFO - Sync 1 DAGs
[2026-05-27T00:52:03.476+0000] {logging_mixin.py:188} INFO - [2026-05-27T00:52:03.476+0000] {dag.py:3823} INFO - Setting next_dagrun for etl_incidentes_viales_v2 to 2026-05-01 00:00:00+00:00, run_after=2026-06-01 00:00:00+00:00
[2026-05-27T00:52:03.500+0000] {processor.py:183} INFO - Processing /opt/airflow/dags/etl_incidentes_dag.py took 0.109 seconds
[2026-05-27T00:52:33.681+0000] {processor.py:161} INFO - Started process (PID=477) to work on /opt/airflow/dags/etl_incidentes_dag.py
[2026-05-27T00:52:33.682+0000] {processor.py:830} INFO - Processing file /opt/airflow/dags/etl_incidentes_dag.py for tasks to queue
[2026-05-27T00:52:33.683+0000] {logging_mixin.py:188} INFO - [2026-05-27T00:52:33.683+0000] {dagbag.py:538} INFO - Filling up the DagBag from /opt/airflow/dags/etl_incidentes_dag.py
[2026-05-27T00:52:33.707+0000] {processor.py:840} INFO - DAG(s) 'etl_incidentes_viales_v2' retrieved from /opt/airflow/dags/etl_incidentes_dag.py
[2026-05-27T00:52:33.736+0000] {logging_mixin.py:188} INFO - [2026-05-27T00:52:33.736+0000] {dag.py:3036} INFO - Sync 1 DAGs
[2026-05-27T00:52:33.758+0000] {logging_mixin.py:188} INFO - [2026-05-27T00:52:33.757+0000] {dag.py:3823} INFO - Setting next_dagrun for etl_incidentes_viales_v2 to 2026-05-01 00:00:00+00:00, run_after=2026-06-01 00:00:00+00:00
[2026-05-27T00:52:33.780+0000] {processor.py:183} INFO - Processing /opt/airflow/dags/etl_incidentes_dag.py took 0.102 seconds
[2026-05-27T00:53:03.880+0000] {processor.py:161} INFO - Started process (PID=482) to work on /opt/airflow/dags/etl_incidentes_dag.py
[2026-05-27T00:53:03.881+0000] {processor.py:830} INFO - Processing file /opt/airflow/dags/etl_incidentes_dag.py for tasks to queue
[2026-05-27T00:53:03.882+0000] {logging_mixin.py:188} INFO - [2026-05-27T00:53:03.882+0000] {dagbag.py:538} INFO - Filling up the DagBag from /opt/airflow/dags/etl_incidentes_dag.py
[2026-05-27T00:53:03.904+0000] {processor.py:840} INFO - DAG(s) 'etl_incidentes_viales_v2' retrieved from /opt/airflow/dags/etl_incidentes_dag.py
[2026-05-27T00:53:03.931+0000] {logging_mixin.py:188} INFO - [2026-05-27T00:53:03.930+0000] {dag.py:3036} INFO - Sync 1 DAGs
[2026-05-27T00:53:03.950+0000] {logging_mixin.py:188} INFO - [2026-05-27T00:53:03.950+0000] {dag.py:3823} INFO - Setting next_dagrun for etl_incidentes_viales_v2 to 2026-05-01 00:00:00+00:00, run_after=2026-06-01 00:00:00+00:00
[2026-05-27T00:53:03.975+0000] {processor.py:183} INFO - Processing /opt/airflow/dags/etl_incidentes_dag.py took 0.098 seconds
[2026-05-27T00:53:34.166+0000] {processor.py:161} INFO - Started process (PID=487) to work on /opt/airflow/dags/etl_incidentes_dag.py
[2026-05-27T00:53:34.167+0000] {processor.py:830} INFO - Processing file /opt/airflow/dags/etl_incidentes_dag.py for tasks to queue
[2026-05-27T00:53:34.168+0000] {logging_mixin.py:188} INFO - [2026-05-27T00:53:34.168+0000] {dagbag.py:538} INFO - Filling up the DagBag from /opt/airflow/dags/etl_incidentes_dag.py
[2026-05-27T00:53:34.189+0000] {processor.py:840} INFO - DAG(s) 'etl_incidentes_viales_v2' retrieved from /opt/airflow/dags/etl_incidentes_dag.py
[2026-05-27T00:53:34.215+0000] {logging_mixin.py:188} INFO - [2026-05-27T00:53:34.215+0000] {dag.py:3036} INFO - Sync 1 DAGs
[2026-05-27T00:53:34.234+0000] {logging_mixin.py:188} INFO - [2026-05-27T00:53:34.234+0000] {dag.py:3823} INFO - Setting next_dagrun for etl_incidentes_viales_v2 to 2026-05-01 00:00:00+00:00, run_after=2026-06-01 00:00:00+00:00
[2026-05-27T00:53:34.256+0000] {processor.py:183} INFO - Processing /opt/airflow/dags/etl_incidentes_dag.py took 0.093 seconds
[2026-05-27T00:54:04.398+0000] {processor.py:161} INFO - Started process (PID=492) to work on /opt/airflow/dags/etl_incidentes_dag.py
[2026-05-27T00:54:04.400+0000] {processor.py:830} INFO - Processing file /opt/airflow/dags/etl_incidentes_dag.py for tasks to queue
[2026-05-27T00:54:04.401+0000] {logging_mixin.py:188} INFO - [2026-05-27T00:54:04.401+0000] {dagbag.py:538} INFO - Filling up the DagBag from /opt/airflow/dags/etl_incidentes_dag.py
[2026-05-27T00:54:04.435+0000] {processor.py:840} INFO - DAG(s) 'etl_incidentes_viales_v2' retrieved from /opt/airflow/dags/etl_incidentes_dag.py
[2026-05-27T00:54:04.476+0000] {logging_mixin.py:188} INFO - [2026-05-27T00:54:04.476+0000] {dag.py:3036} INFO - Sync 1 DAGs
[2026-05-27T00:54:04.508+0000] {logging_mixin.py:188} INFO - [2026-05-27T00:54:04.507+0000] {dag.py:3823} INFO - Setting next_dagrun for etl_incidentes_viales_v2 to 2026-05-01 00:00:00+00:00, run_after=2026-06-01 00:00:00+00:00
[2026-05-27T00:54:04.545+0000] {processor.py:183} INFO - Processing /opt/airflow/dags/etl_incidentes_dag.py took 0.152 seconds
[2026-05-27T00:54:34.688+0000] {processor.py:161} INFO - Started process (PID=497) to work on /opt/airflow/dags/etl_incidentes_dag.py
[2026-05-27T00:54:34.691+0000] {processor.py:830} INFO - Processing file /opt/airflow/dags/etl_incidentes_dag.py for tasks to queue
[2026-05-27T00:54:34.691+0000] {logging_mixin.py:188} INFO - [2026-05-27T00:54:34.691+0000] {dagbag.py:538} INFO - Filling up the DagBag from /opt/airflow/dags/etl_incidentes_dag.py
[2026-05-27T00:54:34.721+0000] {processor.py:840} INFO - DAG(s) 'etl_incidentes_viales_v2' retrieved from /opt/airflow/dags/etl_incidentes_dag.py
[2026-05-27T00:54:34.747+0000] {logging_mixin.py:188} INFO - [2026-05-27T00:54:34.747+0000] {dag.py:3036} INFO - Sync 1 DAGs
[2026-05-27T00:54:34.764+0000] {logging_mixin.py:188} INFO - [2026-05-27T00:54:34.763+0000] {dag.py:3823} INFO - Setting next_dagrun for etl_incidentes_viales_v2 to 2026-05-01 00:00:00+00:00, run_after=2026-06-01 00:00:00+00:00
[2026-05-27T00:54:34.783+0000] {processor.py:183} INFO - Processing /opt/airflow/dags/etl_incidentes_dag.py took 0.098 seconds
[2026-05-27T00:55:05.002+0000] {processor.py:161} INFO - Started process (PID=502) to work on /opt/airflow/dags/etl_incidentes_dag.py
[2026-05-27T00:55:05.003+0000] {processor.py:830} INFO - Processing file /opt/airflow/dags/etl_incidentes_dag.py for tasks to queue
[2026-05-27T00:55:05.004+0000] {logging_mixin.py:188} INFO - [2026-05-27T00:55:05.004+0000] {dagbag.py:538} INFO - Filling up the DagBag from /opt/airflow/dags/etl_incidentes_dag.py
[2026-05-27T00:55:05.028+0000] {processor.py:840} INFO - DAG(s) 'etl_incidentes_viales_v2' retrieved from /opt/airflow/dags/etl_incidentes_dag.py
[2026-05-27T00:55:05.055+0000] {logging_mixin.py:188} INFO - [2026-05-27T00:55:05.054+0000] {dag.py:3036} INFO - Sync 1 DAGs
[2026-05-27T00:55:05.075+0000] {logging_mixin.py:188} INFO - [2026-05-27T00:55:05.075+0000] {dag.py:3823} INFO - Setting next_dagrun for etl_incidentes_viales_v2 to 2026-05-01 00:00:00+00:00, run_after=2026-06-01 00:00:00+00:00
[2026-05-27T00:55:05.103+0000] {processor.py:183} INFO - Processing /opt/airflow/dags/etl_incidentes_dag.py took 0.103 seconds
[2026-05-27T00:55:35.197+0000] {processor.py:161} INFO - Started process (PID=507) to work on /opt/airflow/dags/etl_incidentes_dag.py
[2026-05-27T00:55:35.198+0000] {processor.py:830} INFO - Processing file /opt/airflow/dags/etl_incidentes_dag.py for tasks to queue
[2026-05-27T00:55:35.199+0000] {logging_mixin.py:188} INFO - [2026-05-27T00:55:35.198+0000] {dagbag.py:538} INFO - Filling up the DagBag from /opt/airflow/dags/etl_incidentes_dag.py
[2026-05-27T00:55:35.218+0000] {processor.py:840} INFO - DAG(s) 'etl_incidentes_viales_v2' retrieved from /opt/airflow/dags/etl_incidentes_dag.py
[2026-05-27T00:55:35.260+0000] {logging_mixin.py:188} INFO - [2026-05-27T00:55:35.259+0000] {dag.py:3036} INFO - Sync 1 DAGs
[2026-05-27T00:55:35.280+0000] {logging_mixin.py:188} INFO - [2026-05-27T00:55:35.280+0000] {dag.py:3823} INFO - Setting next_dagrun for etl_incidentes_viales_v2 to 2026-05-01 00:00:00+00:00, run_after=2026-06-01 00:00:00+00:00
[2026-05-27T00:55:35.304+0000] {processor.py:183} INFO - Processing /opt/airflow/dags/etl_incidentes_dag.py took 0.110 seconds
[2026-05-27T00:56:05.427+0000] {processor.py:161} INFO - Started process (PID=512) to work on /opt/airflow/dags/etl_incidentes_dag.py
[2026-05-27T00:56:05.430+0000] {processor.py:830} INFO - Processing file /opt/airflow/dags/etl_incidentes_dag.py for tasks to queue
[2026-05-27T00:56:05.431+0000] {logging_mixin.py:188} INFO - [2026-05-27T00:56:05.430+0000] {dagbag.py:538} INFO - Filling up the DagBag from /opt/airflow/dags/etl_incidentes_dag.py
[2026-05-27T00:56:05.458+0000] {processor.py:840} INFO - DAG(s) 'etl_incidentes_viales_v2' retrieved from /opt/airflow/dags/etl_incidentes_dag.py
[2026-05-27T00:56:05.487+0000] {logging_mixin.py:188} INFO - [2026-05-27T00:56:05.487+0000] {dag.py:3036} INFO - Sync 1 DAGs
[2026-05-27T00:56:05.506+0000] {logging_mixin.py:188} INFO - [2026-05-27T00:56:05.506+0000] {dag.py:3823} INFO - Setting next_dagrun for etl_incidentes_viales_v2 to 2026-05-01 00:00:00+00:00, run_after=2026-06-01 00:00:00+00:00
[2026-05-27T00:56:05.525+0000] {processor.py:183} INFO - Processing /opt/airflow/dags/etl_incidentes_dag.py took 0.101 seconds
[2026-05-27T00:56:35.646+0000] {processor.py:161} INFO - Started process (PID=517) to work on /opt/airflow/dags/etl_incidentes_dag.py
[2026-05-27T00:56:35.647+0000] {processor.py:830} INFO - Processing file /opt/airflow/dags/etl_incidentes_dag.py for tasks to queue
[2026-05-27T00:56:35.649+0000] {logging_mixin.py:188} INFO - [2026-05-27T00:56:35.648+0000] {dagbag.py:538} INFO - Filling up the DagBag from /opt/airflow/dags/etl_incidentes_dag.py
[2026-05-27T00:56:35.668+0000] {processor.py:840} INFO - DAG(s) 'etl_incidentes_viales_v2' retrieved from /opt/airflow/dags/etl_incidentes_dag.py
[2026-05-27T00:56:35.694+0000] {logging_mixin.py:188} INFO - [2026-05-27T00:56:35.694+0000] {dag.py:3036} INFO - Sync 1 DAGs
[2026-05-27T00:56:35.714+0000] {logging_mixin.py:188} INFO - [2026-05-27T00:56:35.714+0000] {dag.py:3823} INFO - Setting next_dagrun for etl_incidentes_viales_v2 to 2026-05-01 00:00:00+00:00, run_after=2026-06-01 00:00:00+00:00
[2026-05-27T00:56:35.735+0000] {processor.py:183} INFO - Processing /opt/airflow/dags/etl_incidentes_dag.py took 0.092 seconds
[2026-05-27T00:57:05.926+0000] {processor.py:161} INFO - Started process (PID=522) to work on /opt/airflow/dags/etl_incidentes_dag.py
[2026-05-27T00:57:05.927+0000] {processor.py:830} INFO - Processing file /opt/airflow/dags/etl_incidentes_dag.py for tasks to queue
[2026-05-27T00:57:05.928+0000] {logging_mixin.py:188} INFO - [2026-05-27T00:57:05.928+0000] {dagbag.py:538} INFO - Filling up the DagBag from /opt/airflow/dags/etl_incidentes_dag.py
[2026-05-27T00:57:05.950+0000] {processor.py:840} INFO - DAG(s) 'etl_incidentes_viales_v2' retrieved from /opt/airflow/dags/etl_incidentes_dag.py
[2026-05-27T00:57:05.976+0000] {logging_mixin.py:188} INFO - [2026-05-27T00:57:05.976+0000] {dag.py:3036} INFO - Sync 1 DAGs
[2026-05-27T00:57:05.994+0000] {logging_mixin.py:188} INFO - [2026-05-27T00:57:05.994+0000] {dag.py:3823} INFO - Setting next_dagrun for etl_incidentes_viales_v2 to 2026-05-01 00:00:00+00:00, run_after=2026-06-01 00:00:00+00:00
[2026-05-27T00:57:06.016+0000] {processor.py:183} INFO - Processing /opt/airflow/dags/etl_incidentes_dag.py took 0.093 seconds
[2026-05-27T00:57:36.139+0000] {processor.py:161} INFO - Started process (PID=527) to work on /opt/airflow/dags/etl_incidentes_dag.py
[2026-05-27T00:57:36.140+0000] {processor.py:830} INFO - Processing file /opt/airflow/dags/etl_incidentes_dag.py for tasks to queue
[2026-05-27T00:57:36.141+0000] {logging_mixin.py:188} INFO - [2026-05-27T00:57:36.141+0000] {dagbag.py:538} INFO - Filling up the DagBag from /opt/airflow/dags/etl_incidentes_dag.py
[2026-05-27T00:57:36.163+0000] {processor.py:840} INFO - DAG(s) 'etl_incidentes_viales_v2' retrieved from /opt/airflow/dags/etl_incidentes_dag.py
[2026-05-27T00:57:36.188+0000] {logging_mixin.py:188} INFO - [2026-05-27T00:57:36.188+0000] {dag.py:3036} INFO - Sync 1 DAGs
[2026-05-27T00:57:36.206+0000] {logging_mixin.py:188} INFO - [2026-05-27T00:57:36.206+0000] {dag.py:3823} INFO - Setting next_dagrun for etl_incidentes_viales_v2 to 2026-05-01 00:00:00+00:00, run_after=2026-06-01 00:00:00+00:00
[2026-05-27T00:57:36.228+0000] {processor.py:183} INFO - Processing /opt/airflow/dags/etl_incidentes_dag.py took 0.092 seconds
[2026-05-27T00:58:06.423+0000] {processor.py:161} INFO - Started process (PID=532) to work on /opt/airflow/dags/etl_incidentes_dag.py
[2026-05-27T00:58:06.424+0000] {processor.py:830} INFO - Processing file /opt/airflow/dags/etl_incidentes_dag.py for tasks to queue
[2026-05-27T00:58:06.425+0000] {logging_mixin.py:188} INFO - [2026-05-27T00:58:06.425+0000] {dagbag.py:538} INFO - Filling up the DagBag from /opt/airflow/dags/etl_incidentes_dag.py
[2026-05-27T00:58:06.447+0000] {processor.py:840} INFO - DAG(s) 'etl_incidentes_viales_v2' retrieved from /opt/airflow/dags/etl_incidentes_dag.py
[2026-05-27T00:58:06.477+0000] {logging_mixin.py:188} INFO - [2026-05-27T00:58:06.477+0000] {dag.py:3036} INFO - Sync 1 DAGs
[2026-05-27T00:58:06.499+0000] {logging_mixin.py:188} INFO - [2026-05-27T00:58:06.498+0000] {dag.py:3823} INFO - Setting next_dagrun for etl_incidentes_viales_v2 to 2026-05-01 00:00:00+00:00, run_after=2026-06-01 00:00:00+00:00
[2026-05-27T00:58:06.521+0000] {processor.py:183} INFO - Processing /opt/airflow/dags/etl_incidentes_dag.py took 0.101 seconds
[2026-05-27T00:58:36.921+0000] {processor.py:161} INFO - Started process (PID=537) to work on /opt/airflow/dags/etl_incidentes_dag.py
[2026-05-27T00:58:36.922+0000] {processor.py:830} INFO - Processing file /opt/airflow/dags/etl_incidentes_dag.py for tasks to queue
[2026-05-27T00:58:36.923+0000] {logging_mixin.py:188} INFO - [2026-05-27T00:58:36.923+0000] {dagbag.py:538} INFO - Filling up the DagBag from /opt/airflow/dags/etl_incidentes_dag.py
[2026-05-27T00:58:36.944+0000] {processor.py:840} INFO - DAG(s) 'etl_incidentes_viales_v2' retrieved from /opt/airflow/dags/etl_incidentes_dag.py
[2026-05-27T00:58:36.970+0000] {logging_mixin.py:188} INFO - [2026-05-27T00:58:36.969+0000] {dag.py:3036} INFO - Sync 1 DAGs
[2026-05-27T00:58:36.989+0000] {logging_mixin.py:188} INFO - [2026-05-27T00:58:36.989+0000] {dag.py:3823} INFO - Setting next_dagrun for etl_incidentes_viales_v2 to 2026-05-01 00:00:00+00:00, run_after=2026-06-01 00:00:00+00:00
[2026-05-27T00:58:37.013+0000] {processor.py:183} INFO - Processing /opt/airflow/dags/etl_incidentes_dag.py took 0.094 seconds
[2026-05-27T00:59:07.077+0000] {processor.py:161} INFO - Started process (PID=542) to work on /opt/airflow/dags/etl_incidentes_dag.py
[2026-05-27T00:59:07.078+0000] {processor.py:830} INFO - Processing file /opt/airflow/dags/etl_incidentes_dag.py for tasks to queue
[2026-05-27T00:59:07.079+0000] {logging_mixin.py:188} INFO - [2026-05-27T00:59:07.078+0000] {dagbag.py:538} INFO - Filling up the DagBag from /opt/airflow/dags/etl_incidentes_dag.py
[2026-05-27T00:59:07.100+0000] {processor.py:840} INFO - DAG(s) 'etl_incidentes_viales_v2' retrieved from /opt/airflow/dags/etl_incidentes_dag.py
[2026-05-27T00:59:07.126+0000] {logging_mixin.py:188} INFO - [2026-05-27T00:59:07.126+0000] {dag.py:3036} INFO - Sync 1 DAGs
[2026-05-27T00:59:07.145+0000] {logging_mixin.py:188} INFO - [2026-05-27T00:59:07.144+0000] {dag.py:3823} INFO - Setting next_dagrun for etl_incidentes_viales_v2 to 2026-05-01 00:00:00+00:00, run_after=2026-06-01 00:00:00+00:00
[2026-05-27T00:59:07.165+0000] {processor.py:183} INFO - Processing /opt/airflow/dags/etl_incidentes_dag.py took 0.092 seconds
[2026-05-27T00:59:37.277+0000] {processor.py:161} INFO - Started process (PID=547) to work on /opt/airflow/dags/etl_incidentes_dag.py
[2026-05-27T00:59:37.278+0000] {processor.py:830} INFO - Processing file /opt/airflow/dags/etl_incidentes_dag.py for tasks to queue
[2026-05-27T00:59:37.279+0000] {logging_mixin.py:188} INFO - [2026-05-27T00:59:37.278+0000] {dagbag.py:538} INFO - Filling up the DagBag from /opt/airflow/dags/etl_incidentes_dag.py
[2026-05-27T00:59:37.297+0000] {processor.py:840} INFO - DAG(s) 'etl_incidentes_viales_v2' retrieved from /opt/airflow/dags/etl_incidentes_dag.py
[2026-05-27T00:59:37.323+0000] {logging_mixin.py:188} INFO - [2026-05-27T00:59:37.323+0000] {dag.py:3036} INFO - Sync 1 DAGs
[2026-05-27T00:59:37.342+0000] {logging_mixin.py:188} INFO - [2026-05-27T00:59:37.342+0000] {dag.py:3823} INFO - Setting next_dagrun for etl_incidentes_viales_v2 to 2026-05-01 00:00:00+00:00, run_after=2026-06-01 00:00:00+00:00
[2026-05-27T00:59:37.361+0000] {processor.py:183} INFO - Processing /opt/airflow/dags/etl_incidentes_dag.py took 0.088 seconds
[2026-05-27T01:00:07.749+0000] {processor.py:161} INFO - Started process (PID=552) to work on /opt/airflow/dags/etl_incidentes_dag.py
[2026-05-27T01:00:07.750+0000] {processor.py:830} INFO - Processing file /opt/airflow/dags/etl_incidentes_dag.py for tasks to queue
[2026-05-27T01:00:07.752+0000] {logging_mixin.py:188} INFO - [2026-05-27T01:00:07.751+0000] {dagbag.py:538} INFO - Filling up the DagBag from /opt/airflow/dags/etl_incidentes_dag.py
[2026-05-27T01:00:07.774+0000] {processor.py:840} INFO - DAG(s) 'etl_incidentes_viales_v2' retrieved from /opt/airflow/dags/etl_incidentes_dag.py
[2026-05-27T01:00:07.800+0000] {logging_mixin.py:188} INFO - [2026-05-27T01:00:07.799+0000] {dag.py:3036} INFO - Sync 1 DAGs
[2026-05-27T01:00:07.817+0000] {logging_mixin.py:188} INFO - [2026-05-27T01:00:07.817+0000] {dag.py:3823} INFO - Setting next_dagrun for etl_incidentes_viales_v2 to 2026-05-01 00:00:00+00:00, run_after=2026-06-01 00:00:00+00:00
[2026-05-27T01:00:07.839+0000] {processor.py:183} INFO - Processing /opt/airflow/dags/etl_incidentes_dag.py took 0.092 seconds
[2026-05-27T01:00:37.975+0000] {processor.py:161} INFO - Started process (PID=557) to work on /opt/airflow/dags/etl_incidentes_dag.py
[2026-05-27T01:00:37.977+0000] {processor.py:830} INFO - Processing file /opt/airflow/dags/etl_incidentes_dag.py for tasks to queue
[2026-05-27T01:00:37.978+0000] {logging_mixin.py:188} INFO - [2026-05-27T01:00:37.977+0000] {dagbag.py:538} INFO - Filling up the DagBag from /opt/airflow/dags/etl_incidentes_dag.py
[2026-05-27T01:00:38.003+0000] {processor.py:840} INFO - DAG(s) 'etl_incidentes_viales_v2' retrieved from /opt/airflow/dags/etl_incidentes_dag.py
[2026-05-27T01:00:38.032+0000] {logging_mixin.py:188} INFO - [2026-05-27T01:00:38.031+0000] {dag.py:3036} INFO - Sync 1 DAGs
[2026-05-27T01:00:38.052+0000] {logging_mixin.py:188} INFO - [2026-05-27T01:00:38.052+0000] {dag.py:3823} INFO - Setting next_dagrun for etl_incidentes_viales_v2 to 2026-05-01 00:00:00+00:00, run_after=2026-06-01 00:00:00+00:00
[2026-05-27T01:00:38.073+0000] {processor.py:183} INFO - Processing /opt/airflow/dags/etl_incidentes_dag.py took 0.101 seconds
[2026-05-27T01:01:08.247+0000] {processor.py:161} INFO - Started process (PID=562) to work on /opt/airflow/dags/etl_incidentes_dag.py
[2026-05-27T01:01:08.248+0000] {processor.py:830} INFO - Processing file /opt/airflow/dags/etl_incidentes_dag.py for tasks to queue
[2026-05-27T01:01:08.249+0000] {logging_mixin.py:188} INFO - [2026-05-27T01:01:08.249+0000] {dagbag.py:538} INFO - Filling up the DagBag from /opt/airflow/dags/etl_incidentes_dag.py
[2026-05-27T01:01:08.273+0000] {processor.py:840} INFO - DAG(s) 'etl_incidentes_viales_v2' retrieved from /opt/airflow/dags/etl_incidentes_dag.py
[2026-05-27T01:01:08.301+0000] {logging_mixin.py:188} INFO - [2026-05-27T01:01:08.301+0000] {dag.py:3036} INFO - Sync 1 DAGs
[2026-05-27T01:01:08.319+0000] {logging_mixin.py:188} INFO - [2026-05-27T01:01:08.319+0000] {dag.py:3823} INFO - Setting next_dagrun for etl_incidentes_viales_v2 to 2026-05-01 00:00:00+00:00, run_after=2026-06-01 00:00:00+00:00
[2026-05-27T01:01:08.339+0000] {processor.py:183} INFO - Processing /opt/airflow/dags/etl_incidentes_dag.py took 0.097 seconds
[2026-05-27T01:01:38.507+0000] {processor.py:161} INFO - Started process (PID=567) to work on /opt/airflow/dags/etl_incidentes_dag.py
[2026-05-27T01:01:38.507+0000] {processor.py:830} INFO - Processing file /opt/airflow/dags/etl_incidentes_dag.py for tasks to queue
[2026-05-27T01:01:38.508+0000] {logging_mixin.py:188} INFO - [2026-05-27T01:01:38.508+0000] {dagbag.py:538} INFO - Filling up the DagBag from /opt/airflow/dags/etl_incidentes_dag.py
[2026-05-27T01:01:38.530+0000] {processor.py:840} INFO - DAG(s) 'etl_incidentes_viales_v2' retrieved from /opt/airflow/dags/etl_incidentes_dag.py
[2026-05-27T01:01:38.555+0000] {logging_mixin.py:188} INFO - [2026-05-27T01:01:38.555+0000] {dag.py:3036} INFO - Sync 1 DAGs
[2026-05-27T01:01:38.574+0000] {logging_mixin.py:188} INFO - [2026-05-27T01:01:38.573+0000] {dag.py:3823} INFO - Setting next_dagrun for etl_incidentes_viales_v2 to 2026-05-01 00:00:00+00:00, run_after=2026-06-01 00:00:00+00:00
[2026-05-27T01:01:38.599+0000] {processor.py:183} INFO - Processing /opt/airflow/dags/etl_incidentes_dag.py took 0.096 seconds
[2026-05-27T01:02:08.835+0000] {processor.py:161} INFO - Started process (PID=572) to work on /opt/airflow/dags/etl_incidentes_dag.py
[2026-05-27T01:02:08.837+0000] {processor.py:830} INFO - Processing file /opt/airflow/dags/etl_incidentes_dag.py for tasks to queue
[2026-05-27T01:02:08.838+0000] {logging_mixin.py:188} INFO - [2026-05-27T01:02:08.838+0000] {dagbag.py:538} INFO - Filling up the DagBag from /opt/airflow/dags/etl_incidentes_dag.py
[2026-05-27T01:02:08.860+0000] {processor.py:840} INFO - DAG(s) 'etl_incidentes_viales_v2' retrieved from /opt/airflow/dags/etl_incidentes_dag.py
[2026-05-27T01:02:08.883+0000] {logging_mixin.py:188} INFO - [2026-05-27T01:02:08.883+0000] {dag.py:3036} INFO - Sync 1 DAGs
[2026-05-27T01:02:08.900+0000] {logging_mixin.py:188} INFO - [2026-05-27T01:02:08.900+0000] {dag.py:3823} INFO - Setting next_dagrun for etl_incidentes_viales_v2 to 2026-05-01 00:00:00+00:00, run_after=2026-06-01 00:00:00+00:00
[2026-05-27T01:02:08.926+0000] {processor.py:183} INFO - Processing /opt/airflow/dags/etl_incidentes_dag.py took 0.094 seconds
[2026-05-27T01:02:39.083+0000] {processor.py:161} INFO - Started process (PID=577) to work on /opt/airflow/dags/etl_incidentes_dag.py
[2026-05-27T01:02:39.084+0000] {processor.py:830} INFO - Processing file /opt/airflow/dags/etl_incidentes_dag.py for tasks to queue
[2026-05-27T01:02:39.085+0000] {logging_mixin.py:188} INFO - [2026-05-27T01:02:39.084+0000] {dagbag.py:538} INFO - Filling up the DagBag from /opt/airflow/dags/etl_incidentes_dag.py
[2026-05-27T01:02:39.104+0000] {processor.py:840} INFO - DAG(s) 'etl_incidentes_viales_v2' retrieved from /opt/airflow/dags/etl_incidentes_dag.py
[2026-05-27T01:02:39.129+0000] {logging_mixin.py:188} INFO - [2026-05-27T01:02:39.129+0000] {dag.py:3036} INFO - Sync 1 DAGs
[2026-05-27T01:02:39.147+0000] {logging_mixin.py:188} INFO - [2026-05-27T01:02:39.147+0000] {dag.py:3823} INFO - Setting next_dagrun for etl_incidentes_viales_v2 to 2026-05-01 00:00:00+00:00, run_after=2026-06-01 00:00:00+00:00
[2026-05-27T01:02:39.167+0000] {processor.py:183} INFO - Processing /opt/airflow/dags/etl_incidentes_dag.py took 0.087 seconds
[2026-05-27T01:03:09.341+0000] {processor.py:161} INFO - Started process (PID=582) to work on /opt/airflow/dags/etl_incidentes_dag.py
[2026-05-27T01:03:09.342+0000] {processor.py:830} INFO - Processing file /opt/airflow/dags/etl_incidentes_dag.py for tasks to queue
[2026-05-27T01:03:09.343+0000] {logging_mixin.py:188} INFO - [2026-05-27T01:03:09.343+0000] {dagbag.py:538} INFO - Filling up the DagBag from /opt/airflow/dags/etl_incidentes_dag.py
[2026-05-27T01:03:09.364+0000] {processor.py:840} INFO - DAG(s) 'etl_incidentes_viales_v2' retrieved from /opt/airflow/dags/etl_incidentes_dag.py
[2026-05-27T01:03:09.390+0000] {logging_mixin.py:188} INFO - [2026-05-27T01:03:09.389+0000] {dag.py:3036} INFO - Sync 1 DAGs
[2026-05-27T01:03:09.408+0000] {logging_mixin.py:188} INFO - [2026-05-27T01:03:09.407+0000] {dag.py:3823} INFO - Setting next_dagrun for etl_incidentes_viales_v2 to 2026-05-01 00:00:00+00:00, run_after=2026-06-01 00:00:00+00:00
[2026-05-27T01:03:09.428+0000] {processor.py:183} INFO - Processing /opt/airflow/dags/etl_incidentes_dag.py took 0.090 seconds
[2026-05-27T01:03:39.591+0000] {processor.py:161} INFO - Started process (PID=587) to work on /opt/airflow/dags/etl_incidentes_dag.py
[2026-05-27T01:03:39.592+0000] {processor.py:830} INFO - Processing file /opt/airflow/dags/etl_incidentes_dag.py for tasks to queue
[2026-05-27T01:03:39.594+0000] {logging_mixin.py:188} INFO - [2026-05-27T01:03:39.594+0000] {dagbag.py:538} INFO - Filling up the DagBag from /opt/airflow/dags/etl_incidentes_dag.py
[2026-05-27T01:03:39.627+0000] {processor.py:840} INFO - DAG(s) 'etl_incidentes_viales_v2' retrieved from /opt/airflow/dags/etl_incidentes_dag.py
[2026-05-27T01:03:39.651+0000] {logging_mixin.py:188} INFO - [2026-05-27T01:03:39.651+0000] {dag.py:3036} INFO - Sync 1 DAGs
[2026-05-27T01:03:39.669+0000] {logging_mixin.py:188} INFO - [2026-05-27T01:03:39.669+0000] {dag.py:3823} INFO - Setting next_dagrun for etl_incidentes_viales_v2 to 2026-05-01 00:00:00+00:00, run_after=2026-06-01 00:00:00+00:00
[2026-05-27T01:03:39.688+0000] {processor.py:183} INFO - Processing /opt/airflow/dags/etl_incidentes_dag.py took 0.100 seconds
[2026-05-27T01:04:09.876+0000] {processor.py:161} INFO - Started process (PID=592) to work on /opt/airflow/dags/etl_incidentes_dag.py
[2026-05-27T01:04:09.878+0000] {processor.py:830} INFO - Processing file /opt/airflow/dags/etl_incidentes_dag.py for tasks to queue
[2026-05-27T01:04:09.879+0000] {logging_mixin.py:188} INFO - [2026-05-27T01:04:09.878+0000] {dagbag.py:538} INFO - Filling up the DagBag from /opt/airflow/dags/etl_incidentes_dag.py
[2026-05-27T01:04:09.899+0000] {processor.py:840} INFO - DAG(s) 'etl_incidentes_viales_v2' retrieved from /opt/airflow/dags/etl_incidentes_dag.py
[2026-05-27T01:04:09.927+0000] {logging_mixin.py:188} INFO - [2026-05-27T01:04:09.926+0000] {dag.py:3036} INFO - Sync 1 DAGs
[2026-05-27T01:04:09.946+0000] {logging_mixin.py:188} INFO - [2026-05-27T01:04:09.946+0000] {dag.py:3823} INFO - Setting next_dagrun for etl_incidentes_viales_v2 to 2026-05-01 00:00:00+00:00, run_after=2026-06-01 00:00:00+00:00
[2026-05-27T01:04:09.966+0000] {processor.py:183} INFO - Processing /opt/airflow/dags/etl_incidentes_dag.py took 0.093 seconds
[2026-05-27T01:04:40.171+0000] {processor.py:161} INFO - Started process (PID=597) to work on /opt/airflow/dags/etl_incidentes_dag.py
[2026-05-27T01:04:40.173+0000] {processor.py:830} INFO - Processing file /opt/airflow/dags/etl_incidentes_dag.py for tasks to queue
[2026-05-27T01:04:40.175+0000] {logging_mixin.py:188} INFO - [2026-05-27T01:04:40.175+0000] {dagbag.py:538} INFO - Filling up the DagBag from /opt/airflow/dags/etl_incidentes_dag.py
[2026-05-27T01:04:40.217+0000] {processor.py:840} INFO - DAG(s) 'etl_incidentes_viales_v2' retrieved from /opt/airflow/dags/etl_incidentes_dag.py
[2026-05-27T01:04:40.246+0000] {logging_mixin.py:188} INFO - [2026-05-27T01:04:40.246+0000] {dag.py:3036} INFO - Sync 1 DAGs
[2026-05-27T01:04:40.264+0000] {logging_mixin.py:188} INFO - [2026-05-27T01:04:40.264+0000] {dag.py:3823} INFO - Setting next_dagrun for etl_incidentes_viales_v2 to 2026-05-01 00:00:00+00:00, run_after=2026-06-01 00:00:00+00:00
[2026-05-27T01:04:40.284+0000] {processor.py:183} INFO - Processing /opt/airflow/dags/etl_incidentes_dag.py took 0.115 seconds
[2026-05-27T01:05:10.443+0000] {processor.py:161} INFO - Started process (PID=602) to work on /opt/airflow/dags/etl_incidentes_dag.py
[2026-05-27T01:05:10.445+0000] {processor.py:830} INFO - Processing file /opt/airflow/dags/etl_incidentes_dag.py for tasks to queue
[2026-05-27T01:05:10.448+0000] {logging_mixin.py:188} INFO - [2026-05-27T01:05:10.448+0000] {dagbag.py:538} INFO - Filling up the DagBag from /opt/airflow/dags/etl_incidentes_dag.py
[2026-05-27T01:05:10.489+0000] {processor.py:840} INFO - DAG(s) 'etl_incidentes_viales_v2' retrieved from /opt/airflow/dags/etl_incidentes_dag.py
[2026-05-27T01:05:10.588+0000] {logging_mixin.py:188} INFO - [2026-05-27T01:05:10.588+0000] {dag.py:3036} INFO - Sync 1 DAGs
[2026-05-27T01:05:10.617+0000] {logging_mixin.py:188} INFO - [2026-05-27T01:05:10.616+0000] {dag.py:3823} INFO - Setting next_dagrun for etl_incidentes_viales_v2 to 2026-05-01 00:00:00+00:00, run_after=2026-06-01 00:00:00+00:00
[2026-05-27T01:05:10.634+0000] {processor.py:183} INFO - Processing /opt/airflow/dags/etl_incidentes_dag.py took 0.194 seconds
[2026-05-27T01:05:40.770+0000] {processor.py:161} INFO - Started process (PID=607) to work on /opt/airflow/dags/etl_incidentes_dag.py
[2026-05-27T01:05:40.771+0000] {processor.py:830} INFO - Processing file /opt/airflow/dags/etl_incidentes_dag.py for tasks to queue
[2026-05-27T01:05:40.772+0000] {logging_mixin.py:188} INFO - [2026-05-27T01:05:40.772+0000] {dagbag.py:538} INFO - Filling up the DagBag from /opt/airflow/dags/etl_incidentes_dag.py
[2026-05-27T01:05:40.795+0000] {processor.py:840} INFO - DAG(s) 'etl_incidentes_viales_v2' retrieved from /opt/airflow/dags/etl_incidentes_dag.py
[2026-05-27T01:05:40.822+0000] {logging_mixin.py:188} INFO - [2026-05-27T01:05:40.821+0000] {dag.py:3036} INFO - Sync 1 DAGs
[2026-05-27T01:05:40.841+0000] {logging_mixin.py:188} INFO - [2026-05-27T01:05:40.841+0000] {dag.py:3823} INFO - Setting next_dagrun for etl_incidentes_viales_v2 to 2026-05-01 00:00:00+00:00, run_after=2026-06-01 00:00:00+00:00
[2026-05-27T01:05:40.861+0000] {processor.py:183} INFO - Processing /opt/airflow/dags/etl_incidentes_dag.py took 0.094 seconds
[2026-05-27T01:06:11.064+0000] {processor.py:161} INFO - Started process (PID=612) to work on /opt/airflow/dags/etl_incidentes_dag.py
[2026-05-27T01:06:11.065+0000] {processor.py:830} INFO - Processing file /opt/airflow/dags/etl_incidentes_dag.py for tasks to queue
[2026-05-27T01:06:11.066+0000] {logging_mixin.py:188} INFO - [2026-05-27T01:06:11.065+0000] {dagbag.py:538} INFO - Filling up the DagBag from /opt/airflow/dags/etl_incidentes_dag.py
[2026-05-27T01:06:11.085+0000] {processor.py:840} INFO - DAG(s) 'etl_incidentes_viales_v2' retrieved from /opt/airflow/dags/etl_incidentes_dag.py
[2026-05-27T01:06:11.111+0000] {logging_mixin.py:188} INFO - [2026-05-27T01:06:11.111+0000] {dag.py:3036} INFO - Sync 1 DAGs
[2026-05-27T01:06:11.132+0000] {logging_mixin.py:188} INFO - [2026-05-27T01:06:11.131+0000] {dag.py:3823} INFO - Setting next_dagrun for etl_incidentes_viales_v2 to 2026-05-01 00:00:00+00:00, run_after=2026-06-01 00:00:00+00:00
[2026-05-27T01:06:11.153+0000] {processor.py:183} INFO - Processing /opt/airflow/dags/etl_incidentes_dag.py took 0.092 seconds
[2026-05-27T01:06:41.282+0000] {processor.py:161} INFO - Started process (PID=617) to work on /opt/airflow/dags/etl_incidentes_dag.py
[2026-05-27T01:06:41.283+0000] {processor.py:830} INFO - Processing file /opt/airflow/dags/etl_incidentes_dag.py for tasks to queue
[2026-05-27T01:06:41.284+0000] {logging_mixin.py:188} INFO - [2026-05-27T01:06:41.283+0000] {dagbag.py:538} INFO - Filling up the DagBag from /opt/airflow/dags/etl_incidentes_dag.py
[2026-05-27T01:06:41.307+0000] {processor.py:840} INFO - DAG(s) 'etl_incidentes_viales_v2' retrieved from /opt/airflow/dags/etl_incidentes_dag.py
[2026-05-27T01:06:41.332+0000] {logging_mixin.py:188} INFO - [2026-05-27T01:06:41.332+0000] {dag.py:3036} INFO - Sync 1 DAGs
[2026-05-27T01:06:41.350+0000] {logging_mixin.py:188} INFO - [2026-05-27T01:06:41.350+0000] {dag.py:3823} INFO - Setting next_dagrun for etl_incidentes_viales_v2 to 2026-05-01 00:00:00+00:00, run_after=2026-06-01 00:00:00+00:00
[2026-05-27T01:06:41.372+0000] {processor.py:183} INFO - Processing /opt/airflow/dags/etl_incidentes_dag.py took 0.094 seconds
[2026-05-27T01:07:11.643+0000] {processor.py:161} INFO - Started process (PID=622) to work on /opt/airflow/dags/etl_incidentes_dag.py
[2026-05-27T01:07:11.644+0000] {processor.py:830} INFO - Processing file /opt/airflow/dags/etl_incidentes_dag.py for tasks to queue
[2026-05-27T01:07:11.646+0000] {logging_mixin.py:188} INFO - [2026-05-27T01:07:11.645+0000] {dagbag.py:538} INFO - Filling up the DagBag from /opt/airflow/dags/etl_incidentes_dag.py
[2026-05-27T01:07:11.684+0000] {processor.py:840} INFO - DAG(s) 'etl_incidentes_viales_v2' retrieved from /opt/airflow/dags/etl_incidentes_dag.py
[2026-05-27T01:07:11.714+0000] {logging_mixin.py:188} INFO - [2026-05-27T01:07:11.714+0000] {dag.py:3036} INFO - Sync 1 DAGs
[2026-05-27T01:07:11.744+0000] {logging_mixin.py:188} INFO - [2026-05-27T01:07:11.744+0000] {dag.py:3823} INFO - Setting next_dagrun for etl_incidentes_viales_v2 to 2026-05-01 00:00:00+00:00, run_after=2026-06-01 00:00:00+00:00
[2026-05-27T01:07:11.767+0000] {processor.py:183} INFO - Processing /opt/airflow/dags/etl_incidentes_dag.py took 0.127 seconds
[2026-05-27T01:07:41.855+0000] {processor.py:161} INFO - Started process (PID=627) to work on /opt/airflow/dags/etl_incidentes_dag.py
[2026-05-27T01:07:41.856+0000] {processor.py:830} INFO - Processing file /opt/airflow/dags/etl_incidentes_dag.py for tasks to queue
[2026-05-27T01:07:41.857+0000] {logging_mixin.py:188} INFO - [2026-05-27T01:07:41.857+0000] {dagbag.py:538} INFO - Filling up the DagBag from /opt/airflow/dags/etl_incidentes_dag.py
[2026-05-27T01:07:41.880+0000] {processor.py:840} INFO - DAG(s) 'etl_incidentes_viales_v2' retrieved from /opt/airflow/dags/etl_incidentes_dag.py
[2026-05-27T01:07:41.907+0000] {logging_mixin.py:188} INFO - [2026-05-27T01:07:41.907+0000] {dag.py:3036} INFO - Sync 1 DAGs
[2026-05-27T01:07:41.929+0000] {logging_mixin.py:188} INFO - [2026-05-27T01:07:41.928+0000] {dag.py:3823} INFO - Setting next_dagrun for etl_incidentes_viales_v2 to 2026-05-01 00:00:00+00:00, run_after=2026-06-01 00:00:00+00:00
[2026-05-27T01:07:41.951+0000] {processor.py:183} INFO - Processing /opt/airflow/dags/etl_incidentes_dag.py took 0.100 seconds
[2026-05-27T01:08:12.189+0000] {processor.py:161} INFO - Started process (PID=632) to work on /opt/airflow/dags/etl_incidentes_dag.py
[2026-05-27T01:08:12.190+0000] {processor.py:830} INFO - Processing file /opt/airflow/dags/etl_incidentes_dag.py for tasks to queue
[2026-05-27T01:08:12.191+0000] {logging_mixin.py:188} INFO - [2026-05-27T01:08:12.191+0000] {dagbag.py:538} INFO - Filling up the DagBag from /opt/airflow/dags/etl_incidentes_dag.py
[2026-05-27T01:08:12.219+0000] {processor.py:840} INFO - DAG(s) 'etl_incidentes_viales_v2' retrieved from /opt/airflow/dags/etl_incidentes_dag.py
[2026-05-27T01:08:12.246+0000] {logging_mixin.py:188} INFO - [2026-05-27T01:08:12.246+0000] {dag.py:3036} INFO - Sync 1 DAGs
[2026-05-27T01:08:12.263+0000] {logging_mixin.py:188} INFO - [2026-05-27T01:08:12.263+0000] {dag.py:3823} INFO - Setting next_dagrun for etl_incidentes_viales_v2 to 2026-05-01 00:00:00+00:00, run_after=2026-06-01 00:00:00+00:00
[2026-05-27T01:08:12.281+0000] {processor.py:183} INFO - Processing /opt/airflow/dags/etl_incidentes_dag.py took 0.095 seconds
[2026-05-27T01:14:07.472+0000] {processor.py:161} INFO - Started process (PID=638) to work on /opt/airflow/dags/etl_incidentes_dag.py
[2026-05-27T01:14:07.475+0000] {processor.py:830} INFO - Processing file /opt/airflow/dags/etl_incidentes_dag.py for tasks to queue
[2026-05-27T01:14:07.487+0000] {logging_mixin.py:188} INFO - [2026-05-27T01:14:07.486+0000] {dagbag.py:538} INFO - Filling up the DagBag from /opt/airflow/dags/etl_incidentes_dag.py
[2026-05-27T01:14:07.707+0000] {processor.py:840} INFO - DAG(s) 'etl_incidentes_viales_v2' retrieved from /opt/airflow/dags/etl_incidentes_dag.py
[2026-05-27T01:14:07.757+0000] {logging_mixin.py:188} INFO - [2026-05-27T01:14:07.757+0000] {dag.py:3036} INFO - Sync 1 DAGs
[2026-05-27T01:14:07.780+0000] {logging_mixin.py:188} INFO - [2026-05-27T01:14:07.780+0000] {dag.py:3823} INFO - Setting next_dagrun for etl_incidentes_viales_v2 to 2026-05-01 00:00:00+00:00, run_after=2026-06-01 00:00:00+00:00
[2026-05-27T01:14:07.810+0000] {processor.py:183} INFO - Processing /opt/airflow/dags/etl_incidentes_dag.py took 0.342 seconds
[2026-05-27T01:14:38.061+0000] {processor.py:161} INFO - Started process (PID=644) to work on /opt/airflow/dags/etl_incidentes_dag.py
[2026-05-27T01:14:38.063+0000] {processor.py:830} INFO - Processing file /opt/airflow/dags/etl_incidentes_dag.py for tasks to queue
[2026-05-27T01:14:38.064+0000] {logging_mixin.py:188} INFO - [2026-05-27T01:14:38.063+0000] {dagbag.py:538} INFO - Filling up the DagBag from /opt/airflow/dags/etl_incidentes_dag.py
[2026-05-27T01:14:38.084+0000] {processor.py:840} INFO - DAG(s) 'etl_incidentes_viales_v2' retrieved from /opt/airflow/dags/etl_incidentes_dag.py
[2026-05-27T01:14:38.111+0000] {logging_mixin.py:188} INFO - [2026-05-27T01:14:38.110+0000] {dag.py:3036} INFO - Sync 1 DAGs
[2026-05-27T01:14:38.129+0000] {logging_mixin.py:188} INFO - [2026-05-27T01:14:38.129+0000] {dag.py:3823} INFO - Setting next_dagrun for etl_incidentes_viales_v2 to 2026-05-01 00:00:00+00:00, run_after=2026-06-01 00:00:00+00:00
[2026-05-27T01:14:38.148+0000] {processor.py:183} INFO - Processing /opt/airflow/dags/etl_incidentes_dag.py took 0.090 seconds
[2026-05-27T01:15:08.292+0000] {processor.py:161} INFO - Started process (PID=649) to work on /opt/airflow/dags/etl_incidentes_dag.py
[2026-05-27T01:15:08.293+0000] {processor.py:830} INFO - Processing file /opt/airflow/dags/etl_incidentes_dag.py for tasks to queue
[2026-05-27T01:15:08.295+0000] {logging_mixin.py:188} INFO - [2026-05-27T01:15:08.294+0000] {dagbag.py:538} INFO - Filling up the DagBag from /opt/airflow/dags/etl_incidentes_dag.py
[2026-05-27T01:15:08.321+0000] {processor.py:840} INFO - DAG(s) 'etl_incidentes_viales_v2' retrieved from /opt/airflow/dags/etl_incidentes_dag.py
[2026-05-27T01:15:08.348+0000] {logging_mixin.py:188} INFO - [2026-05-27T01:15:08.348+0000] {dag.py:3036} INFO - Sync 1 DAGs
[2026-05-27T01:15:08.370+0000] {logging_mixin.py:188} INFO - [2026-05-27T01:15:08.370+0000] {dag.py:3823} INFO - Setting next_dagrun for etl_incidentes_viales_v2 to 2026-05-01 00:00:00+00:00, run_after=2026-06-01 00:00:00+00:00
[2026-05-27T01:15:08.392+0000] {processor.py:183} INFO - Processing /opt/airflow/dags/etl_incidentes_dag.py took 0.103 seconds
[2026-05-27T01:15:38.778+0000] {processor.py:161} INFO - Started process (PID=654) to work on /opt/airflow/dags/etl_incidentes_dag.py
[2026-05-27T01:15:38.780+0000] {processor.py:830} INFO - Processing file /opt/airflow/dags/etl_incidentes_dag.py for tasks to queue
[2026-05-27T01:15:38.781+0000] {logging_mixin.py:188} INFO - [2026-05-27T01:15:38.781+0000] {dagbag.py:538} INFO - Filling up the DagBag from /opt/airflow/dags/etl_incidentes_dag.py
[2026-05-27T01:15:38.807+0000] {processor.py:840} INFO - DAG(s) 'etl_incidentes_viales_v2' retrieved from /opt/airflow/dags/etl_incidentes_dag.py
[2026-05-27T01:15:38.834+0000] {logging_mixin.py:188} INFO - [2026-05-27T01:15:38.834+0000] {dag.py:3036} INFO - Sync 1 DAGs
[2026-05-27T01:15:38.853+0000] {logging_mixin.py:188} INFO - [2026-05-27T01:15:38.853+0000] {dag.py:3823} INFO - Setting next_dagrun for etl_incidentes_viales_v2 to 2026-05-01 00:00:00+00:00, run_after=2026-06-01 00:00:00+00:00
[2026-05-27T01:15:38.874+0000] {processor.py:183} INFO - Processing /opt/airflow/dags/etl_incidentes_dag.py took 0.099 seconds
[2026-05-27T01:16:08.936+0000] {processor.py:161} INFO - Started process (PID=659) to work on /opt/airflow/dags/etl_incidentes_dag.py
[2026-05-27T01:16:08.938+0000] {processor.py:830} INFO - Processing file /opt/airflow/dags/etl_incidentes_dag.py for tasks to queue
[2026-05-27T01:16:08.939+0000] {logging_mixin.py:188} INFO - [2026-05-27T01:16:08.939+0000] {dagbag.py:538} INFO - Filling up the DagBag from /opt/airflow/dags/etl_incidentes_dag.py
[2026-05-27T01:16:08.967+0000] {processor.py:840} INFO - DAG(s) 'etl_incidentes_viales_v2' retrieved from /opt/airflow/dags/etl_incidentes_dag.py
[2026-05-27T01:16:08.998+0000] {logging_mixin.py:188} INFO - [2026-05-27T01:16:08.998+0000] {dag.py:3036} INFO - Sync 1 DAGs
[2026-05-27T01:16:09.020+0000] {logging_mixin.py:188} INFO - [2026-05-27T01:16:09.019+0000] {dag.py:3823} INFO - Setting next_dagrun for etl_incidentes_viales_v2 to 2026-05-01 00:00:00+00:00, run_after=2026-06-01 00:00:00+00:00
[2026-05-27T01:16:09.041+0000] {processor.py:183} INFO - Processing /opt/airflow/dags/etl_incidentes_dag.py took 0.108 seconds
[2026-05-27T01:16:39.215+0000] {processor.py:161} INFO - Started process (PID=664) to work on /opt/airflow/dags/etl_incidentes_dag.py
[2026-05-27T01:16:39.216+0000] {processor.py:830} INFO - Processing file /opt/airflow/dags/etl_incidentes_dag.py for tasks to queue
[2026-05-27T01:16:39.217+0000] {logging_mixin.py:188} INFO - [2026-05-27T01:16:39.217+0000] {dagbag.py:538} INFO - Filling up the DagBag from /opt/airflow/dags/etl_incidentes_dag.py
[2026-05-27T01:16:39.246+0000] {processor.py:840} INFO - DAG(s) 'etl_incidentes_viales_v2' retrieved from /opt/airflow/dags/etl_incidentes_dag.py
[2026-05-27T01:16:39.270+0000] {logging_mixin.py:188} INFO - [2026-05-27T01:16:39.270+0000] {dag.py:3036} INFO - Sync 1 DAGs
[2026-05-27T01:16:39.288+0000] {logging_mixin.py:188} INFO - [2026-05-27T01:16:39.288+0000] {dag.py:3823} INFO - Setting next_dagrun for etl_incidentes_viales_v2 to 2026-05-01 00:00:00+00:00, run_after=2026-06-01 00:00:00+00:00
[2026-05-27T01:16:39.306+0000] {processor.py:183} INFO - Processing /opt/airflow/dags/etl_incidentes_dag.py took 0.093 seconds
[2026-05-27T01:17:09.427+0000] {processor.py:161} INFO - Started process (PID=669) to work on /opt/airflow/dags/etl_incidentes_dag.py
[2026-05-27T01:17:09.428+0000] {processor.py:830} INFO - Processing file /opt/airflow/dags/etl_incidentes_dag.py for tasks to queue
[2026-05-27T01:17:09.429+0000] {logging_mixin.py:188} INFO - [2026-05-27T01:17:09.429+0000] {dagbag.py:538} INFO - Filling up the DagBag from /opt/airflow/dags/etl_incidentes_dag.py
[2026-05-27T01:17:09.456+0000] {processor.py:840} INFO - DAG(s) 'etl_incidentes_viales_v2' retrieved from /opt/airflow/dags/etl_incidentes_dag.py
[2026-05-27T01:17:09.489+0000] {logging_mixin.py:188} INFO - [2026-05-27T01:17:09.489+0000] {dag.py:3036} INFO - Sync 1 DAGs
[2026-05-27T01:17:09.513+0000] {logging_mixin.py:188} INFO - [2026-05-27T01:17:09.512+0000] {dag.py:3823} INFO - Setting next_dagrun for etl_incidentes_viales_v2 to 2026-05-01 00:00:00+00:00, run_after=2026-06-01 00:00:00+00:00
[2026-05-27T01:17:09.535+0000] {processor.py:183} INFO - Processing /opt/airflow/dags/etl_incidentes_dag.py took 0.111 seconds
[2026-05-27T01:17:39.727+0000] {processor.py:161} INFO - Started process (PID=674) to work on /opt/airflow/dags/etl_incidentes_dag.py
[2026-05-27T01:17:39.728+0000] {processor.py:830} INFO - Processing file /opt/airflow/dags/etl_incidentes_dag.py for tasks to queue
[2026-05-27T01:17:39.729+0000] {logging_mixin.py:188} INFO - [2026-05-27T01:17:39.728+0000] {dagbag.py:538} INFO - Filling up the DagBag from /opt/airflow/dags/etl_incidentes_dag.py
[2026-05-27T01:17:39.749+0000] {processor.py:840} INFO - DAG(s) 'etl_incidentes_viales_v2' retrieved from /opt/airflow/dags/etl_incidentes_dag.py
[2026-05-27T01:17:39.773+0000] {logging_mixin.py:188} INFO - [2026-05-27T01:17:39.773+0000] {dag.py:3036} INFO - Sync 1 DAGs
[2026-05-27T01:17:39.791+0000] {logging_mixin.py:188} INFO - [2026-05-27T01:17:39.791+0000] {dag.py:3823} INFO - Setting next_dagrun for etl_incidentes_viales_v2 to 2026-05-01 00:00:00+00:00, run_after=2026-06-01 00:00:00+00:00
[2026-05-27T01:17:39.812+0000] {processor.py:183} INFO - Processing /opt/airflow/dags/etl_incidentes_dag.py took 0.088 seconds
[2026-05-27T01:18:09.947+0000] {processor.py:161} INFO - Started process (PID=679) to work on /opt/airflow/dags/etl_incidentes_dag.py
[2026-05-27T01:18:09.948+0000] {processor.py:830} INFO - Processing file /opt/airflow/dags/etl_incidentes_dag.py for tasks to queue
[2026-05-27T01:18:09.949+0000] {logging_mixin.py:188} INFO - [2026-05-27T01:18:09.949+0000] {dagbag.py:538} INFO - Filling up the DagBag from /opt/airflow/dags/etl_incidentes_dag.py
[2026-05-27T01:18:09.971+0000] {processor.py:840} INFO - DAG(s) 'etl_incidentes_viales_v2' retrieved from /opt/airflow/dags/etl_incidentes_dag.py
[2026-05-27T01:18:09.996+0000] {logging_mixin.py:188} INFO - [2026-05-27T01:18:09.996+0000] {dag.py:3036} INFO - Sync 1 DAGs
[2026-05-27T01:18:10.015+0000] {logging_mixin.py:188} INFO - [2026-05-27T01:18:10.014+0000] {dag.py:3823} INFO - Setting next_dagrun for etl_incidentes_viales_v2 to 2026-05-01 00:00:00+00:00, run_after=2026-06-01 00:00:00+00:00
[2026-05-27T01:18:10.035+0000] {processor.py:183} INFO - Processing /opt/airflow/dags/etl_incidentes_dag.py took 0.091 seconds
[2026-05-27T01:18:40.209+0000] {processor.py:161} INFO - Started process (PID=684) to work on /opt/airflow/dags/etl_incidentes_dag.py
[2026-05-27T01:18:40.210+0000] {processor.py:830} INFO - Processing file /opt/airflow/dags/etl_incidentes_dag.py for tasks to queue
[2026-05-27T01:18:40.211+0000] {logging_mixin.py:188} INFO - [2026-05-27T01:18:40.211+0000] {dagbag.py:538} INFO - Filling up the DagBag from /opt/airflow/dags/etl_incidentes_dag.py
[2026-05-27T01:18:40.233+0000] {processor.py:840} INFO - DAG(s) 'etl_incidentes_viales_v2' retrieved from /opt/airflow/dags/etl_incidentes_dag.py
[2026-05-27T01:18:40.259+0000] {logging_mixin.py:188} INFO - [2026-05-27T01:18:40.259+0000] {dag.py:3036} INFO - Sync 1 DAGs
[2026-05-27T01:18:40.278+0000] {logging_mixin.py:188} INFO - [2026-05-27T01:18:40.277+0000] {dag.py:3823} INFO - Setting next_dagrun for etl_incidentes_viales_v2 to 2026-05-01 00:00:00+00:00, run_after=2026-06-01 00:00:00+00:00
[2026-05-27T01:18:40.301+0000] {processor.py:183} INFO - Processing /opt/airflow/dags/etl_incidentes_dag.py took 0.095 seconds
[2026-05-27T01:19:10.463+0000] {processor.py:161} INFO - Started process (PID=689) to work on /opt/airflow/dags/etl_incidentes_dag.py
[2026-05-27T01:19:10.465+0000] {processor.py:830} INFO - Processing file /opt/airflow/dags/etl_incidentes_dag.py for tasks to queue
[2026-05-27T01:19:10.466+0000] {logging_mixin.py:188} INFO - [2026-05-27T01:19:10.465+0000] {dagbag.py:538} INFO - Filling up the DagBag from /opt/airflow/dags/etl_incidentes_dag.py
[2026-05-27T01:19:10.491+0000] {processor.py:840} INFO - DAG(s) 'etl_incidentes_viales_v2' retrieved from /opt/airflow/dags/etl_incidentes_dag.py
[2026-05-27T01:19:10.519+0000] {logging_mixin.py:188} INFO - [2026-05-27T01:19:10.519+0000] {dag.py:3036} INFO - Sync 1 DAGs
[2026-05-27T01:19:10.540+0000] {logging_mixin.py:188} INFO - [2026-05-27T01:19:10.540+0000] {dag.py:3823} INFO - Setting next_dagrun for etl_incidentes_viales_v2 to 2026-05-01 00:00:00+00:00, run_after=2026-06-01 00:00:00+00:00
[2026-05-27T01:19:10.559+0000] {processor.py:183} INFO - Processing /opt/airflow/dags/etl_incidentes_dag.py took 0.098 seconds
[2026-05-27T01:19:40.675+0000] {processor.py:161} INFO - Started process (PID=694) to work on /opt/airflow/dags/etl_incidentes_dag.py
[2026-05-27T01:19:40.677+0000] {processor.py:830} INFO - Processing file /opt/airflow/dags/etl_incidentes_dag.py for tasks to queue
[2026-05-27T01:19:40.678+0000] {logging_mixin.py:188} INFO - [2026-05-27T01:19:40.678+0000] {dagbag.py:538} INFO - Filling up the DagBag from /opt/airflow/dags/etl_incidentes_dag.py
[2026-05-27T01:19:40.698+0000] {processor.py:840} INFO - DAG(s) 'etl_incidentes_viales_v2' retrieved from /opt/airflow/dags/etl_incidentes_dag.py
[2026-05-27T01:19:40.725+0000] {logging_mixin.py:188} INFO - [2026-05-27T01:19:40.725+0000] {dag.py:3036} INFO - Sync 1 DAGs
[2026-05-27T01:19:40.743+0000] {logging_mixin.py:188} INFO - [2026-05-27T01:19:40.743+0000] {dag.py:3823} INFO - Setting next_dagrun for etl_incidentes_viales_v2 to 2026-05-01 00:00:00+00:00, run_after=2026-06-01 00:00:00+00:00
[2026-05-27T01:19:40.760+0000] {processor.py:183} INFO - Processing /opt/airflow/dags/etl_incidentes_dag.py took 0.088 seconds
[2026-05-27T01:20:11.010+0000] {processor.py:161} INFO - Started process (PID=699) to work on /opt/airflow/dags/etl_incidentes_dag.py
[2026-05-27T01:20:11.011+0000] {processor.py:830} INFO - Processing file /opt/airflow/dags/etl_incidentes_dag.py for tasks to queue
[2026-05-27T01:20:11.012+0000] {logging_mixin.py:188} INFO - [2026-05-27T01:20:11.012+0000] {dagbag.py:538} INFO - Filling up the DagBag from /opt/airflow/dags/etl_incidentes_dag.py
[2026-05-27T01:20:11.032+0000] {processor.py:840} INFO - DAG(s) 'etl_incidentes_viales_v2' retrieved from /opt/airflow/dags/etl_incidentes_dag.py
[2026-05-27T01:20:11.057+0000] {logging_mixin.py:188} INFO - [2026-05-27T01:20:11.057+0000] {dag.py:3036} INFO - Sync 1 DAGs
[2026-05-27T01:20:11.074+0000] {logging_mixin.py:188} INFO - [2026-05-27T01:20:11.074+0000] {dag.py:3823} INFO - Setting next_dagrun for etl_incidentes_viales_v2 to 2026-05-01 00:00:00+00:00, run_after=2026-06-01 00:00:00+00:00
[2026-05-27T01:20:11.092+0000] {processor.py:183} INFO - Processing /opt/airflow/dags/etl_incidentes_dag.py took 0.084 seconds
[2026-05-27T01:20:41.223+0000] {processor.py:161} INFO - Started process (PID=704) to work on /opt/airflow/dags/etl_incidentes_dag.py
[2026-05-27T01:20:41.224+0000] {processor.py:830} INFO - Processing file /opt/airflow/dags/etl_incidentes_dag.py for tasks to queue
[2026-05-27T01:20:41.225+0000] {logging_mixin.py:188} INFO - [2026-05-27T01:20:41.224+0000] {dagbag.py:538} INFO - Filling up the DagBag from /opt/airflow/dags/etl_incidentes_dag.py
[2026-05-27T01:20:41.244+0000] {processor.py:840} INFO - DAG(s) 'etl_incidentes_viales_v2' retrieved from /opt/airflow/dags/etl_incidentes_dag.py
[2026-05-27T01:20:41.273+0000] {logging_mixin.py:188} INFO - [2026-05-27T01:20:41.273+0000] {dag.py:3036} INFO - Sync 1 DAGs
[2026-05-27T01:20:41.291+0000] {logging_mixin.py:188} INFO - [2026-05-27T01:20:41.290+0000] {dag.py:3823} INFO - Setting next_dagrun for etl_incidentes_viales_v2 to 2026-05-01 00:00:00+00:00, run_after=2026-06-01 00:00:00+00:00
[2026-05-27T01:20:41.309+0000] {processor.py:183} INFO - Processing /opt/airflow/dags/etl_incidentes_dag.py took 0.090 seconds
[2026-05-27T01:21:11.476+0000] {processor.py:161} INFO - Started process (PID=709) to work on /opt/airflow/dags/etl_incidentes_dag.py
[2026-05-27T01:21:11.477+0000] {processor.py:830} INFO - Processing file /opt/airflow/dags/etl_incidentes_dag.py for tasks to queue
[2026-05-27T01:21:11.478+0000] {logging_mixin.py:188} INFO - [2026-05-27T01:21:11.478+0000] {dagbag.py:538} INFO - Filling up the DagBag from /opt/airflow/dags/etl_incidentes_dag.py
[2026-05-27T01:21:11.500+0000] {processor.py:840} INFO - DAG(s) 'etl_incidentes_viales_v2' retrieved from /opt/airflow/dags/etl_incidentes_dag.py
[2026-05-27T01:21:11.525+0000] {logging_mixin.py:188} INFO - [2026-05-27T01:21:11.525+0000] {dag.py:3036} INFO - Sync 1 DAGs
[2026-05-27T01:21:11.543+0000] {logging_mixin.py:188} INFO - [2026-05-27T01:21:11.542+0000] {dag.py:3823} INFO - Setting next_dagrun for etl_incidentes_viales_v2 to 2026-05-01 00:00:00+00:00, run_after=2026-06-01 00:00:00+00:00
[2026-05-27T01:21:11.565+0000] {processor.py:183} INFO - Processing /opt/airflow/dags/etl_incidentes_dag.py took 0.092 seconds
[2026-05-27T01:21:41.668+0000] {processor.py:161} INFO - Started process (PID=714) to work on /opt/airflow/dags/etl_incidentes_dag.py
[2026-05-27T01:21:41.669+0000] {processor.py:830} INFO - Processing file /opt/airflow/dags/etl_incidentes_dag.py for tasks to queue
[2026-05-27T01:21:41.670+0000] {logging_mixin.py:188} INFO - [2026-05-27T01:21:41.670+0000] {dagbag.py:538} INFO - Filling up the DagBag from /opt/airflow/dags/etl_incidentes_dag.py
[2026-05-27T01:21:41.692+0000] {processor.py:840} INFO - DAG(s) 'etl_incidentes_viales_v2' retrieved from /opt/airflow/dags/etl_incidentes_dag.py
[2026-05-27T01:21:41.719+0000] {logging_mixin.py:188} INFO - [2026-05-27T01:21:41.719+0000] {dag.py:3036} INFO - Sync 1 DAGs
[2026-05-27T01:21:41.736+0000] {logging_mixin.py:188} INFO - [2026-05-27T01:21:41.736+0000] {dag.py:3823} INFO - Setting next_dagrun for etl_incidentes_viales_v2 to 2026-05-01 00:00:00+00:00, run_after=2026-06-01 00:00:00+00:00
[2026-05-27T01:21:41.754+0000] {processor.py:183} INFO - Processing /opt/airflow/dags/etl_incidentes_dag.py took 0.089 seconds
[2026-05-27T01:22:11.933+0000] {processor.py:161} INFO - Started process (PID=719) to work on /opt/airflow/dags/etl_incidentes_dag.py
[2026-05-27T01:22:11.936+0000] {processor.py:830} INFO - Processing file /opt/airflow/dags/etl_incidentes_dag.py for tasks to queue
[2026-05-27T01:22:11.937+0000] {logging_mixin.py:188} INFO - [2026-05-27T01:22:11.936+0000] {dagbag.py:538} INFO - Filling up the DagBag from /opt/airflow/dags/etl_incidentes_dag.py
[2026-05-27T01:22:11.959+0000] {processor.py:840} INFO - DAG(s) 'etl_incidentes_viales_v2' retrieved from /opt/airflow/dags/etl_incidentes_dag.py
[2026-05-27T01:22:11.986+0000] {logging_mixin.py:188} INFO - [2026-05-27T01:22:11.986+0000] {dag.py:3036} INFO - Sync 1 DAGs
[2026-05-27T01:22:12.005+0000] {logging_mixin.py:188} INFO - [2026-05-27T01:22:12.005+0000] {dag.py:3823} INFO - Setting next_dagrun for etl_incidentes_viales_v2 to 2026-05-01 00:00:00+00:00, run_after=2026-06-01 00:00:00+00:00
[2026-05-27T01:22:12.022+0000] {processor.py:183} INFO - Processing /opt/airflow/dags/etl_incidentes_dag.py took 0.092 seconds
[2026-05-27T01:22:42.154+0000] {processor.py:161} INFO - Started process (PID=724) to work on /opt/airflow/dags/etl_incidentes_dag.py
[2026-05-27T01:22:42.155+0000] {processor.py:830} INFO - Processing file /opt/airflow/dags/etl_incidentes_dag.py for tasks to queue
[2026-05-27T01:22:42.156+0000] {logging_mixin.py:188} INFO - [2026-05-27T01:22:42.156+0000] {dagbag.py:538} INFO - Filling up the DagBag from /opt/airflow/dags/etl_incidentes_dag.py
[2026-05-27T01:22:42.175+0000] {processor.py:840} INFO - DAG(s) 'etl_incidentes_viales_v2' retrieved from /opt/airflow/dags/etl_incidentes_dag.py
[2026-05-27T01:22:42.199+0000] {logging_mixin.py:188} INFO - [2026-05-27T01:22:42.199+0000] {dag.py:3036} INFO - Sync 1 DAGs
[2026-05-27T01:22:42.220+0000] {logging_mixin.py:188} INFO - [2026-05-27T01:22:42.219+0000] {dag.py:3823} INFO - Setting next_dagrun for etl_incidentes_viales_v2 to 2026-05-01 00:00:00+00:00, run_after=2026-06-01 00:00:00+00:00
[2026-05-27T01:22:42.241+0000] {processor.py:183} INFO - Processing /opt/airflow/dags/etl_incidentes_dag.py took 0.090 seconds
[2026-05-27T01:23:12.407+0000] {processor.py:161} INFO - Started process (PID=729) to work on /opt/airflow/dags/etl_incidentes_dag.py
[2026-05-27T01:23:12.409+0000] {processor.py:830} INFO - Processing file /opt/airflow/dags/etl_incidentes_dag.py for tasks to queue
[2026-05-27T01:23:12.410+0000] {logging_mixin.py:188} INFO - [2026-05-27T01:23:12.410+0000] {dagbag.py:538} INFO - Filling up the DagBag from /opt/airflow/dags/etl_incidentes_dag.py
[2026-05-27T01:23:12.436+0000] {processor.py:840} INFO - DAG(s) 'etl_incidentes_viales_v2' retrieved from /opt/airflow/dags/etl_incidentes_dag.py
[2026-05-27T01:23:12.464+0000] {logging_mixin.py:188} INFO - [2026-05-27T01:23:12.464+0000] {dag.py:3036} INFO - Sync 1 DAGs
[2026-05-27T01:23:12.487+0000] {logging_mixin.py:188} INFO - [2026-05-27T01:23:12.487+0000] {dag.py:3823} INFO - Setting next_dagrun for etl_incidentes_viales_v2 to 2026-05-01 00:00:00+00:00, run_after=2026-06-01 00:00:00+00:00
[2026-05-27T01:23:12.510+0000] {processor.py:183} INFO - Processing /opt/airflow/dags/etl_incidentes_dag.py took 0.105 seconds
[2026-05-27T01:23:42.602+0000] {processor.py:161} INFO - Started process (PID=734) to work on /opt/airflow/dags/etl_incidentes_dag.py
[2026-05-27T01:23:42.604+0000] {processor.py:830} INFO - Processing file /opt/airflow/dags/etl_incidentes_dag.py for tasks to queue
[2026-05-27T01:23:42.605+0000] {logging_mixin.py:188} INFO - [2026-05-27T01:23:42.605+0000] {dagbag.py:538} INFO - Filling up the DagBag from /opt/airflow/dags/etl_incidentes_dag.py
[2026-05-27T01:23:42.628+0000] {processor.py:840} INFO - DAG(s) 'etl_incidentes_viales_v2' retrieved from /opt/airflow/dags/etl_incidentes_dag.py
[2026-05-27T01:23:42.654+0000] {logging_mixin.py:188} INFO - [2026-05-27T01:23:42.654+0000] {dag.py:3036} INFO - Sync 1 DAGs
[2026-05-27T01:23:42.674+0000] {logging_mixin.py:188} INFO - [2026-05-27T01:23:42.674+0000] {dag.py:3823} INFO - Setting next_dagrun for etl_incidentes_viales_v2 to 2026-05-01 00:00:00+00:00, run_after=2026-06-01 00:00:00+00:00
[2026-05-27T01:23:42.694+0000] {processor.py:183} INFO - Processing /opt/airflow/dags/etl_incidentes_dag.py took 0.094 seconds
[2026-05-27T01:24:12.918+0000] {processor.py:161} INFO - Started process (PID=739) to work on /opt/airflow/dags/etl_incidentes_dag.py
[2026-05-27T01:24:12.919+0000] {processor.py:830} INFO - Processing file /opt/airflow/dags/etl_incidentes_dag.py for tasks to queue
[2026-05-27T01:24:12.920+0000] {logging_mixin.py:188} INFO - [2026-05-27T01:24:12.920+0000] {dagbag.py:538} INFO - Filling up the DagBag from /opt/airflow/dags/etl_incidentes_dag.py
[2026-05-27T01:24:12.945+0000] {processor.py:840} INFO - DAG(s) 'etl_incidentes_viales_v2' retrieved from /opt/airflow/dags/etl_incidentes_dag.py
[2026-05-27T01:24:12.976+0000] {logging_mixin.py:188} INFO - [2026-05-27T01:24:12.976+0000] {dag.py:3036} INFO - Sync 1 DAGs
[2026-05-27T01:24:12.996+0000] {logging_mixin.py:188} INFO - [2026-05-27T01:24:12.996+0000] {dag.py:3823} INFO - Setting next_dagrun for etl_incidentes_viales_v2 to 2026-05-01 00:00:00+00:00, run_after=2026-06-01 00:00:00+00:00
[2026-05-27T01:24:13.017+0000] {processor.py:183} INFO - Processing /opt/airflow/dags/etl_incidentes_dag.py took 0.101 seconds
[2026-05-27T01:24:43.113+0000] {processor.py:161} INFO - Started process (PID=744) to work on /opt/airflow/dags/etl_incidentes_dag.py
[2026-05-27T01:24:43.114+0000] {processor.py:830} INFO - Processing file /opt/airflow/dags/etl_incidentes_dag.py for tasks to queue
[2026-05-27T01:24:43.115+0000] {logging_mixin.py:188} INFO - [2026-05-27T01:24:43.114+0000] {dagbag.py:538} INFO - Filling up the DagBag from /opt/airflow/dags/etl_incidentes_dag.py
[2026-05-27T01:24:43.135+0000] {processor.py:840} INFO - DAG(s) 'etl_incidentes_viales_v2' retrieved from /opt/airflow/dags/etl_incidentes_dag.py
[2026-05-27T01:24:43.161+0000] {logging_mixin.py:188} INFO - [2026-05-27T01:24:43.161+0000] {dag.py:3036} INFO - Sync 1 DAGs
[2026-05-27T01:24:43.181+0000] {logging_mixin.py:188} INFO - [2026-05-27T01:24:43.180+0000] {dag.py:3823} INFO - Setting next_dagrun for etl_incidentes_viales_v2 to 2026-05-01 00:00:00+00:00, run_after=2026-06-01 00:00:00+00:00
[2026-05-27T01:24:43.201+0000] {processor.py:183} INFO - Processing /opt/airflow/dags/etl_incidentes_dag.py took 0.092 seconds
[2026-05-27T01:25:13.418+0000] {processor.py:161} INFO - Started process (PID=749) to work on /opt/airflow/dags/etl_incidentes_dag.py
[2026-05-27T01:25:13.419+0000] {processor.py:830} INFO - Processing file /opt/airflow/dags/etl_incidentes_dag.py for tasks to queue
[2026-05-27T01:25:13.420+0000] {logging_mixin.py:188} INFO - [2026-05-27T01:25:13.420+0000] {dagbag.py:538} INFO - Filling up the DagBag from /opt/airflow/dags/etl_incidentes_dag.py
[2026-05-27T01:25:13.441+0000] {processor.py:840} INFO - DAG(s) 'etl_incidentes_viales_v2' retrieved from /opt/airflow/dags/etl_incidentes_dag.py
[2026-05-27T01:25:13.467+0000] {logging_mixin.py:188} INFO - [2026-05-27T01:25:13.467+0000] {dag.py:3036} INFO - Sync 1 DAGs
[2026-05-27T01:25:13.487+0000] {logging_mixin.py:188} INFO - [2026-05-27T01:25:13.486+0000] {dag.py:3823} INFO - Setting next_dagrun for etl_incidentes_viales_v2 to 2026-05-01 00:00:00+00:00, run_after=2026-06-01 00:00:00+00:00
[2026-05-27T01:25:13.506+0000] {processor.py:183} INFO - Processing /opt/airflow/dags/etl_incidentes_dag.py took 0.091 seconds
[2026-05-27T01:25:43.616+0000] {processor.py:161} INFO - Started process (PID=754) to work on /opt/airflow/dags/etl_incidentes_dag.py
[2026-05-27T01:25:43.618+0000] {processor.py:830} INFO - Processing file /opt/airflow/dags/etl_incidentes_dag.py for tasks to queue
[2026-05-27T01:25:43.618+0000] {logging_mixin.py:188} INFO - [2026-05-27T01:25:43.618+0000] {dagbag.py:538} INFO - Filling up the DagBag from /opt/airflow/dags/etl_incidentes_dag.py
[2026-05-27T01:25:43.639+0000] {processor.py:840} INFO - DAG(s) 'etl_incidentes_viales_v2' retrieved from /opt/airflow/dags/etl_incidentes_dag.py
[2026-05-27T01:25:43.674+0000] {logging_mixin.py:188} INFO - [2026-05-27T01:25:43.673+0000] {dag.py:3036} INFO - Sync 1 DAGs
[2026-05-27T01:25:43.693+0000] {logging_mixin.py:188} INFO - [2026-05-27T01:25:43.692+0000] {dag.py:3823} INFO - Setting next_dagrun for etl_incidentes_viales_v2 to 2026-05-01 00:00:00+00:00, run_after=2026-06-01 00:00:00+00:00
[2026-05-27T01:25:43.710+0000] {processor.py:183} INFO - Processing /opt/airflow/dags/etl_incidentes_dag.py took 0.097 seconds
[2026-05-27T01:26:13.916+0000] {processor.py:161} INFO - Started process (PID=759) to work on /opt/airflow/dags/etl_incidentes_dag.py
[2026-05-27T01:26:13.917+0000] {processor.py:830} INFO - Processing file /opt/airflow/dags/etl_incidentes_dag.py for tasks to queue
[2026-05-27T01:26:13.918+0000] {logging_mixin.py:188} INFO - [2026-05-27T01:26:13.918+0000] {dagbag.py:538} INFO - Filling up the DagBag from /opt/airflow/dags/etl_incidentes_dag.py
[2026-05-27T01:26:13.941+0000] {processor.py:840} INFO - DAG(s) 'etl_incidentes_viales_v2' retrieved from /opt/airflow/dags/etl_incidentes_dag.py
[2026-05-27T01:26:13.967+0000] {logging_mixin.py:188} INFO - [2026-05-27T01:26:13.967+0000] {dag.py:3036} INFO - Sync 1 DAGs
[2026-05-27T01:26:13.985+0000] {logging_mixin.py:188} INFO - [2026-05-27T01:26:13.985+0000] {dag.py:3823} INFO - Setting next_dagrun for etl_incidentes_viales_v2 to 2026-05-01 00:00:00+00:00, run_after=2026-06-01 00:00:00+00:00
[2026-05-27T01:26:14.004+0000] {processor.py:183} INFO - Processing /opt/airflow/dags/etl_incidentes_dag.py took 0.090 seconds
[2026-05-27T01:26:44.123+0000] {processor.py:161} INFO - Started process (PID=764) to work on /opt/airflow/dags/etl_incidentes_dag.py
[2026-05-27T01:26:44.125+0000] {processor.py:830} INFO - Processing file /opt/airflow/dags/etl_incidentes_dag.py for tasks to queue
[2026-05-27T01:26:44.126+0000] {logging_mixin.py:188} INFO - [2026-05-27T01:26:44.126+0000] {dagbag.py:538} INFO - Filling up the DagBag from /opt/airflow/dags/etl_incidentes_dag.py
[2026-05-27T01:26:44.151+0000] {processor.py:840} INFO - DAG(s) 'etl_incidentes_viales_v2' retrieved from /opt/airflow/dags/etl_incidentes_dag.py
[2026-05-27T01:26:44.180+0000] {logging_mixin.py:188} INFO - [2026-05-27T01:26:44.179+0000] {dag.py:3036} INFO - Sync 1 DAGs
[2026-05-27T01:26:44.200+0000] {logging_mixin.py:188} INFO - [2026-05-27T01:26:44.199+0000] {dag.py:3823} INFO - Setting next_dagrun for etl_incidentes_viales_v2 to 2026-05-01 00:00:00+00:00, run_after=2026-06-01 00:00:00+00:00
[2026-05-27T01:26:44.219+0000] {processor.py:183} INFO - Processing /opt/airflow/dags/etl_incidentes_dag.py took 0.099 seconds
[2026-05-27T01:27:14.443+0000] {processor.py:161} INFO - Started process (PID=769) to work on /opt/airflow/dags/etl_incidentes_dag.py
[2026-05-27T01:27:14.446+0000] {processor.py:830} INFO - Processing file /opt/airflow/dags/etl_incidentes_dag.py for tasks to queue
[2026-05-27T01:27:14.447+0000] {logging_mixin.py:188} INFO - [2026-05-27T01:27:14.447+0000] {dagbag.py:538} INFO - Filling up the DagBag from /opt/airflow/dags/etl_incidentes_dag.py
[2026-05-27T01:27:14.472+0000] {processor.py:840} INFO - DAG(s) 'etl_incidentes_viales_v2' retrieved from /opt/airflow/dags/etl_incidentes_dag.py
[2026-05-27T01:27:14.495+0000] {logging_mixin.py:188} INFO - [2026-05-27T01:27:14.495+0000] {dag.py:3036} INFO - Sync 1 DAGs
[2026-05-27T01:27:14.513+0000] {logging_mixin.py:188} INFO - [2026-05-27T01:27:14.513+0000] {dag.py:3823} INFO - Setting next_dagrun for etl_incidentes_viales_v2 to 2026-05-01 00:00:00+00:00, run_after=2026-06-01 00:00:00+00:00
[2026-05-27T01:27:14.538+0000] {processor.py:183} INFO - Processing /opt/airflow/dags/etl_incidentes_dag.py took 0.098 seconds
[2026-05-27T01:27:44.676+0000] {processor.py:161} INFO - Started process (PID=774) to work on /opt/airflow/dags/etl_incidentes_dag.py
[2026-05-27T01:27:44.677+0000] {processor.py:830} INFO - Processing file /opt/airflow/dags/etl_incidentes_dag.py for tasks to queue
[2026-05-27T01:27:44.678+0000] {logging_mixin.py:188} INFO - [2026-05-27T01:27:44.678+0000] {dagbag.py:538} INFO - Filling up the DagBag from /opt/airflow/dags/etl_incidentes_dag.py
[2026-05-27T01:27:44.699+0000] {processor.py:840} INFO - DAG(s) 'etl_incidentes_viales_v2' retrieved from /opt/airflow/dags/etl_incidentes_dag.py
[2026-05-27T01:27:44.728+0000] {logging_mixin.py:188} INFO - [2026-05-27T01:27:44.728+0000] {dag.py:3036} INFO - Sync 1 DAGs
[2026-05-27T01:27:44.746+0000] {logging_mixin.py:188} INFO - [2026-05-27T01:27:44.746+0000] {dag.py:3823} INFO - Setting next_dagrun for etl_incidentes_viales_v2 to 2026-05-01 00:00:00+00:00, run_after=2026-06-01 00:00:00+00:00
[2026-05-27T01:27:44.765+0000] {processor.py:183} INFO - Processing /opt/airflow/dags/etl_incidentes_dag.py took 0.092 seconds
[2026-05-27T01:28:14.990+0000] {processor.py:161} INFO - Started process (PID=779) to work on /opt/airflow/dags/etl_incidentes_dag.py
[2026-05-27T01:28:14.991+0000] {processor.py:830} INFO - Processing file /opt/airflow/dags/etl_incidentes_dag.py for tasks to queue
[2026-05-27T01:28:14.992+0000] {logging_mixin.py:188} INFO - [2026-05-27T01:28:14.992+0000] {dagbag.py:538} INFO - Filling up the DagBag from /opt/airflow/dags/etl_incidentes_dag.py
[2026-05-27T01:28:15.013+0000] {processor.py:840} INFO - DAG(s) 'etl_incidentes_viales_v2' retrieved from /opt/airflow/dags/etl_incidentes_dag.py
[2026-05-27T01:28:15.037+0000] {logging_mixin.py:188} INFO - [2026-05-27T01:28:15.037+0000] {dag.py:3036} INFO - Sync 1 DAGs
[2026-05-27T01:28:15.057+0000] {logging_mixin.py:188} INFO - [2026-05-27T01:28:15.056+0000] {dag.py:3823} INFO - Setting next_dagrun for etl_incidentes_viales_v2 to 2026-05-01 00:00:00+00:00, run_after=2026-06-01 00:00:00+00:00
[2026-05-27T01:28:15.087+0000] {processor.py:183} INFO - Processing /opt/airflow/dags/etl_incidentes_dag.py took 0.099 seconds
[2026-05-27T01:28:45.234+0000] {processor.py:161} INFO - Started process (PID=784) to work on /opt/airflow/dags/etl_incidentes_dag.py
[2026-05-27T01:28:45.235+0000] {processor.py:830} INFO - Processing file /opt/airflow/dags/etl_incidentes_dag.py for tasks to queue
[2026-05-27T01:28:45.237+0000] {logging_mixin.py:188} INFO - [2026-05-27T01:28:45.236+0000] {dagbag.py:538} INFO - Filling up the DagBag from /opt/airflow/dags/etl_incidentes_dag.py
[2026-05-27T01:28:45.257+0000] {processor.py:840} INFO - DAG(s) 'etl_incidentes_viales_v2' retrieved from /opt/airflow/dags/etl_incidentes_dag.py
[2026-05-27T01:28:45.283+0000] {logging_mixin.py:188} INFO - [2026-05-27T01:28:45.283+0000] {dag.py:3036} INFO - Sync 1 DAGs
[2026-05-27T01:28:45.302+0000] {logging_mixin.py:188} INFO - [2026-05-27T01:28:45.301+0000] {dag.py:3823} INFO - Setting next_dagrun for etl_incidentes_viales_v2 to 2026-05-01 00:00:00+00:00, run_after=2026-06-01 00:00:00+00:00
[2026-05-27T01:28:45.322+0000] {processor.py:183} INFO - Processing /opt/airflow/dags/etl_incidentes_dag.py took 0.091 seconds
[2026-05-27T01:29:15.507+0000] {processor.py:161} INFO - Started process (PID=789) to work on /opt/airflow/dags/etl_incidentes_dag.py
[2026-05-27T01:29:15.508+0000] {processor.py:830} INFO - Processing file /opt/airflow/dags/etl_incidentes_dag.py for tasks to queue
[2026-05-27T01:29:15.509+0000] {logging_mixin.py:188} INFO - [2026-05-27T01:29:15.509+0000] {dagbag.py:538} INFO - Filling up the DagBag from /opt/airflow/dags/etl_incidentes_dag.py
[2026-05-27T01:29:15.528+0000] {processor.py:840} INFO - DAG(s) 'etl_incidentes_viales_v2' retrieved from /opt/airflow/dags/etl_incidentes_dag.py
[2026-05-27T01:29:15.554+0000] {logging_mixin.py:188} INFO - [2026-05-27T01:29:15.553+0000] {dag.py:3036} INFO - Sync 1 DAGs
[2026-05-27T01:29:15.574+0000] {logging_mixin.py:188} INFO - [2026-05-27T01:29:15.573+0000] {dag.py:3823} INFO - Setting next_dagrun for etl_incidentes_viales_v2 to 2026-05-01 00:00:00+00:00, run_after=2026-06-01 00:00:00+00:00
[2026-05-27T01:29:15.592+0000] {processor.py:183} INFO - Processing /opt/airflow/dags/etl_incidentes_dag.py took 0.088 seconds
[2026-05-27T01:29:45.723+0000] {processor.py:161} INFO - Started process (PID=794) to work on /opt/airflow/dags/etl_incidentes_dag.py
[2026-05-27T01:29:45.724+0000] {processor.py:830} INFO - Processing file /opt/airflow/dags/etl_incidentes_dag.py for tasks to queue
[2026-05-27T01:29:45.725+0000] {logging_mixin.py:188} INFO - [2026-05-27T01:29:45.725+0000] {dagbag.py:538} INFO - Filling up the DagBag from /opt/airflow/dags/etl_incidentes_dag.py
[2026-05-27T01:29:45.747+0000] {processor.py:840} INFO - DAG(s) 'etl_incidentes_viales_v2' retrieved from /opt/airflow/dags/etl_incidentes_dag.py
[2026-05-27T01:29:45.773+0000] {logging_mixin.py:188} INFO - [2026-05-27T01:29:45.773+0000] {dag.py:3036} INFO - Sync 1 DAGs
[2026-05-27T01:29:45.796+0000] {logging_mixin.py:188} INFO - [2026-05-27T01:29:45.795+0000] {dag.py:3823} INFO - Setting next_dagrun for etl_incidentes_viales_v2 to 2026-05-01 00:00:00+00:00, run_after=2026-06-01 00:00:00+00:00
[2026-05-27T01:29:45.816+0000] {processor.py:183} INFO - Processing /opt/airflow/dags/etl_incidentes_dag.py took 0.096 seconds
[2026-05-27T01:30:16.032+0000] {processor.py:161} INFO - Started process (PID=799) to work on /opt/airflow/dags/etl_incidentes_dag.py
[2026-05-27T01:30:16.033+0000] {processor.py:830} INFO - Processing file /opt/airflow/dags/etl_incidentes_dag.py for tasks to queue
[2026-05-27T01:30:16.035+0000] {logging_mixin.py:188} INFO - [2026-05-27T01:30:16.034+0000] {dagbag.py:538} INFO - Filling up the DagBag from /opt/airflow/dags/etl_incidentes_dag.py
[2026-05-27T01:30:16.061+0000] {processor.py:840} INFO - DAG(s) 'etl_incidentes_viales_v2' retrieved from /opt/airflow/dags/etl_incidentes_dag.py
[2026-05-27T01:30:16.091+0000] {logging_mixin.py:188} INFO - [2026-05-27T01:30:16.091+0000] {dag.py:3036} INFO - Sync 1 DAGs
[2026-05-27T01:30:16.111+0000] {logging_mixin.py:188} INFO - [2026-05-27T01:30:16.111+0000] {dag.py:3823} INFO - Setting next_dagrun for etl_incidentes_viales_v2 to 2026-05-01 00:00:00+00:00, run_after=2026-06-01 00:00:00+00:00
[2026-05-27T01:30:16.133+0000] {processor.py:183} INFO - Processing /opt/airflow/dags/etl_incidentes_dag.py took 0.104 seconds
[2026-05-27T01:30:46.251+0000] {processor.py:161} INFO - Started process (PID=804) to work on /opt/airflow/dags/etl_incidentes_dag.py
[2026-05-27T01:30:46.252+0000] {processor.py:830} INFO - Processing file /opt/airflow/dags/etl_incidentes_dag.py for tasks to queue
[2026-05-27T01:30:46.253+0000] {logging_mixin.py:188} INFO - [2026-05-27T01:30:46.252+0000] {dagbag.py:538} INFO - Filling up the DagBag from /opt/airflow/dags/etl_incidentes_dag.py
[2026-05-27T01:30:46.276+0000] {processor.py:840} INFO - DAG(s) 'etl_incidentes_viales_v2' retrieved from /opt/airflow/dags/etl_incidentes_dag.py
[2026-05-27T01:30:46.303+0000] {logging_mixin.py:188} INFO - [2026-05-27T01:30:46.302+0000] {dag.py:3036} INFO - Sync 1 DAGs
[2026-05-27T01:30:46.325+0000] {logging_mixin.py:188} INFO - [2026-05-27T01:30:46.325+0000] {dag.py:3823} INFO - Setting next_dagrun for etl_incidentes_viales_v2 to 2026-05-01 00:00:00+00:00, run_after=2026-06-01 00:00:00+00:00
[2026-05-27T01:30:46.346+0000] {processor.py:183} INFO - Processing /opt/airflow/dags/etl_incidentes_dag.py took 0.099 seconds
[2026-05-27T01:31:16.529+0000] {processor.py:161} INFO - Started process (PID=809) to work on /opt/airflow/dags/etl_incidentes_dag.py
[2026-05-27T01:31:16.530+0000] {processor.py:830} INFO - Processing file /opt/airflow/dags/etl_incidentes_dag.py for tasks to queue
[2026-05-27T01:31:16.531+0000] {logging_mixin.py:188} INFO - [2026-05-27T01:31:16.530+0000] {dagbag.py:538} INFO - Filling up the DagBag from /opt/airflow/dags/etl_incidentes_dag.py
[2026-05-27T01:31:16.555+0000] {processor.py:840} INFO - DAG(s) 'etl_incidentes_viales_v2' retrieved from /opt/airflow/dags/etl_incidentes_dag.py
[2026-05-27T01:31:16.583+0000] {logging_mixin.py:188} INFO - [2026-05-27T01:31:16.582+0000] {dag.py:3036} INFO - Sync 1 DAGs
[2026-05-27T01:31:16.606+0000] {logging_mixin.py:188} INFO - [2026-05-27T01:31:16.606+0000] {dag.py:3823} INFO - Setting next_dagrun for etl_incidentes_viales_v2 to 2026-05-01 00:00:00+00:00, run_after=2026-06-01 00:00:00+00:00
[2026-05-27T01:31:16.629+0000] {processor.py:183} INFO - Processing /opt/airflow/dags/etl_incidentes_dag.py took 0.104 seconds
[2026-05-27T01:31:46.790+0000] {processor.py:161} INFO - Started process (PID=814) to work on /opt/airflow/dags/etl_incidentes_dag.py
[2026-05-27T01:31:46.792+0000] {processor.py:830} INFO - Processing file /opt/airflow/dags/etl_incidentes_dag.py for tasks to queue
[2026-05-27T01:31:46.793+0000] {logging_mixin.py:188} INFO - [2026-05-27T01:31:46.793+0000] {dagbag.py:538} INFO - Filling up the DagBag from /opt/airflow/dags/etl_incidentes_dag.py
[2026-05-27T01:31:46.818+0000] {processor.py:840} INFO - DAG(s) 'etl_incidentes_viales_v2' retrieved from /opt/airflow/dags/etl_incidentes_dag.py
[2026-05-27T01:31:46.843+0000] {logging_mixin.py:188} INFO - [2026-05-27T01:31:46.843+0000] {dag.py:3036} INFO - Sync 1 DAGs
[2026-05-27T01:31:46.860+0000] {logging_mixin.py:188} INFO - [2026-05-27T01:31:46.860+0000] {dag.py:3823} INFO - Setting next_dagrun for etl_incidentes_viales_v2 to 2026-05-01 00:00:00+00:00, run_after=2026-06-01 00:00:00+00:00
[2026-05-27T01:31:46.883+0000] {processor.py:183} INFO - Processing /opt/airflow/dags/etl_incidentes_dag.py took 0.096 seconds
[2026-05-27T01:32:17.069+0000] {processor.py:161} INFO - Started process (PID=819) to work on /opt/airflow/dags/etl_incidentes_dag.py
[2026-05-27T01:32:17.070+0000] {processor.py:830} INFO - Processing file /opt/airflow/dags/etl_incidentes_dag.py for tasks to queue
[2026-05-27T01:32:17.071+0000] {logging_mixin.py:188} INFO - [2026-05-27T01:32:17.071+0000] {dagbag.py:538} INFO - Filling up the DagBag from /opt/airflow/dags/etl_incidentes_dag.py
[2026-05-27T01:32:17.093+0000] {processor.py:840} INFO - DAG(s) 'etl_incidentes_viales_v2' retrieved from /opt/airflow/dags/etl_incidentes_dag.py
[2026-05-27T01:32:17.118+0000] {logging_mixin.py:188} INFO - [2026-05-27T01:32:17.118+0000] {dag.py:3036} INFO - Sync 1 DAGs
[2026-05-27T01:32:17.136+0000] {logging_mixin.py:188} INFO - [2026-05-27T01:32:17.135+0000] {dag.py:3823} INFO - Setting next_dagrun for etl_incidentes_viales_v2 to 2026-05-01 00:00:00+00:00, run_after=2026-06-01 00:00:00+00:00
[2026-05-27T01:32:17.154+0000] {processor.py:183} INFO - Processing /opt/airflow/dags/etl_incidentes_dag.py took 0.087 seconds
[2026-05-27T01:32:47.287+0000] {processor.py:161} INFO - Started process (PID=824) to work on /opt/airflow/dags/etl_incidentes_dag.py
[2026-05-27T01:32:47.288+0000] {processor.py:830} INFO - Processing file /opt/airflow/dags/etl_incidentes_dag.py for tasks to queue
[2026-05-27T01:32:47.289+0000] {logging_mixin.py:188} INFO - [2026-05-27T01:32:47.289+0000] {dagbag.py:538} INFO - Filling up the DagBag from /opt/airflow/dags/etl_incidentes_dag.py
[2026-05-27T01:32:47.321+0000] {processor.py:840} INFO - DAG(s) 'etl_incidentes_viales_v2' retrieved from /opt/airflow/dags/etl_incidentes_dag.py
[2026-05-27T01:32:47.358+0000] {logging_mixin.py:188} INFO - [2026-05-27T01:32:47.358+0000] {dag.py:3036} INFO - Sync 1 DAGs
[2026-05-27T01:32:47.383+0000] {logging_mixin.py:188} INFO - [2026-05-27T01:32:47.383+0000] {dag.py:3823} INFO - Setting next_dagrun for etl_incidentes_viales_v2 to 2026-05-01 00:00:00+00:00, run_after=2026-06-01 00:00:00+00:00
[2026-05-27T01:32:47.406+0000] {processor.py:183} INFO - Processing /opt/airflow/dags/etl_incidentes_dag.py took 0.122 seconds
[2026-05-27T01:33:17.576+0000] {processor.py:161} INFO - Started process (PID=829) to work on /opt/airflow/dags/etl_incidentes_dag.py
[2026-05-27T01:33:17.580+0000] {processor.py:830} INFO - Processing file /opt/airflow/dags/etl_incidentes_dag.py for tasks to queue
[2026-05-27T01:33:17.581+0000] {logging_mixin.py:188} INFO - [2026-05-27T01:33:17.581+0000] {dagbag.py:538} INFO - Filling up the DagBag from /opt/airflow/dags/etl_incidentes_dag.py
[2026-05-27T01:33:17.614+0000] {processor.py:840} INFO - DAG(s) 'etl_incidentes_viales_v2' retrieved from /opt/airflow/dags/etl_incidentes_dag.py
[2026-05-27T01:33:17.642+0000] {logging_mixin.py:188} INFO - [2026-05-27T01:33:17.642+0000] {dag.py:3036} INFO - Sync 1 DAGs
[2026-05-27T01:33:17.662+0000] {logging_mixin.py:188} INFO - [2026-05-27T01:33:17.662+0000] {dag.py:3823} INFO - Setting next_dagrun for etl_incidentes_viales_v2 to 2026-05-01 00:00:00+00:00, run_after=2026-06-01 00:00:00+00:00
[2026-05-27T01:33:17.682+0000] {processor.py:183} INFO - Processing /opt/airflow/dags/etl_incidentes_dag.py took 0.110 seconds
[2026-05-27T01:33:47.785+0000] {processor.py:161} INFO - Started process (PID=834) to work on /opt/airflow/dags/etl_incidentes_dag.py
[2026-05-27T01:33:47.786+0000] {processor.py:830} INFO - Processing file /opt/airflow/dags/etl_incidentes_dag.py for tasks to queue
[2026-05-27T01:33:47.788+0000] {logging_mixin.py:188} INFO - [2026-05-27T01:33:47.788+0000] {dagbag.py:538} INFO - Filling up the DagBag from /opt/airflow/dags/etl_incidentes_dag.py
[2026-05-27T01:33:47.813+0000] {processor.py:840} INFO - DAG(s) 'etl_incidentes_viales_v2' retrieved from /opt/airflow/dags/etl_incidentes_dag.py
[2026-05-27T01:33:47.840+0000] {logging_mixin.py:188} INFO - [2026-05-27T01:33:47.840+0000] {dag.py:3036} INFO - Sync 1 DAGs
[2026-05-27T01:33:47.859+0000] {logging_mixin.py:188} INFO - [2026-05-27T01:33:47.858+0000] {dag.py:3823} INFO - Setting next_dagrun for etl_incidentes_viales_v2 to 2026-05-01 00:00:00+00:00, run_after=2026-06-01 00:00:00+00:00
[2026-05-27T01:33:47.877+0000] {processor.py:183} INFO - Processing /opt/airflow/dags/etl_incidentes_dag.py took 0.095 seconds
[2026-05-27T01:34:18.146+0000] {processor.py:161} INFO - Started process (PID=839) to work on /opt/airflow/dags/etl_incidentes_dag.py
[2026-05-27T01:34:18.148+0000] {processor.py:830} INFO - Processing file /opt/airflow/dags/etl_incidentes_dag.py for tasks to queue
[2026-05-27T01:34:18.149+0000] {logging_mixin.py:188} INFO - [2026-05-27T01:34:18.149+0000] {dagbag.py:538} INFO - Filling up the DagBag from /opt/airflow/dags/etl_incidentes_dag.py
[2026-05-27T01:34:18.177+0000] {processor.py:840} INFO - DAG(s) 'etl_incidentes_viales_v2' retrieved from /opt/airflow/dags/etl_incidentes_dag.py
[2026-05-27T01:34:18.203+0000] {logging_mixin.py:188} INFO - [2026-05-27T01:34:18.203+0000] {dag.py:3036} INFO - Sync 1 DAGs
[2026-05-27T01:34:18.222+0000] {logging_mixin.py:188} INFO - [2026-05-27T01:34:18.222+0000] {dag.py:3823} INFO - Setting next_dagrun for etl_incidentes_viales_v2 to 2026-05-01 00:00:00+00:00, run_after=2026-06-01 00:00:00+00:00
[2026-05-27T01:34:19.710+0000] {processor.py:183} INFO - Processing /opt/airflow/dags/etl_incidentes_dag.py took 1.567 seconds
[2026-05-27T01:34:49.978+0000] {processor.py:161} INFO - Started process (PID=844) to work on /opt/airflow/dags/etl_incidentes_dag.py
[2026-05-27T01:34:49.979+0000] {processor.py:830} INFO - Processing file /opt/airflow/dags/etl_incidentes_dag.py for tasks to queue
[2026-05-27T01:34:49.980+0000] {logging_mixin.py:188} INFO - [2026-05-27T01:34:49.980+0000] {dagbag.py:538} INFO - Filling up the DagBag from /opt/airflow/dags/etl_incidentes_dag.py
[2026-05-27T01:34:50.005+0000] {processor.py:840} INFO - DAG(s) 'etl_incidentes_viales_v2' retrieved from /opt/airflow/dags/etl_incidentes_dag.py
[2026-05-27T01:34:50.031+0000] {logging_mixin.py:188} INFO - [2026-05-27T01:34:50.030+0000] {dag.py:3036} INFO - Sync 1 DAGs
[2026-05-27T01:34:50.050+0000] {logging_mixin.py:188} INFO - [2026-05-27T01:34:50.050+0000] {dag.py:3823} INFO - Setting next_dagrun for etl_incidentes_viales_v2 to 2026-05-01 00:00:00+00:00, run_after=2026-06-01 00:00:00+00:00
[2026-05-27T01:34:50.070+0000] {processor.py:183} INFO - Processing /opt/airflow/dags/etl_incidentes_dag.py took 0.095 seconds
[2026-05-27T01:35:20.243+0000] {processor.py:161} INFO - Started process (PID=849) to work on /opt/airflow/dags/etl_incidentes_dag.py
[2026-05-27T01:35:20.244+0000] {processor.py:830} INFO - Processing file /opt/airflow/dags/etl_incidentes_dag.py for tasks to queue
[2026-05-27T01:35:20.245+0000] {logging_mixin.py:188} INFO - [2026-05-27T01:35:20.244+0000] {dagbag.py:538} INFO - Filling up the DagBag from /opt/airflow/dags/etl_incidentes_dag.py
[2026-05-27T01:35:20.275+0000] {processor.py:840} INFO - DAG(s) 'etl_incidentes_viales_v2' retrieved from /opt/airflow/dags/etl_incidentes_dag.py
[2026-05-27T01:35:20.303+0000] {logging_mixin.py:188} INFO - [2026-05-27T01:35:20.303+0000] {dag.py:3036} INFO - Sync 1 DAGs
[2026-05-27T01:35:20.320+0000] {logging_mixin.py:188} INFO - [2026-05-27T01:35:20.320+0000] {dag.py:3823} INFO - Setting next_dagrun for etl_incidentes_viales_v2 to 2026-05-01 00:00:00+00:00, run_after=2026-06-01 00:00:00+00:00
[2026-05-27T01:35:20.340+0000] {processor.py:183} INFO - Processing /opt/airflow/dags/etl_incidentes_dag.py took 0.100 seconds
[2026-05-27T01:35:50.482+0000] {processor.py:161} INFO - Started process (PID=854) to work on /opt/airflow/dags/etl_incidentes_dag.py
[2026-05-27T01:35:50.483+0000] {processor.py:830} INFO - Processing file /opt/airflow/dags/etl_incidentes_dag.py for tasks to queue
[2026-05-27T01:35:50.484+0000] {logging_mixin.py:188} INFO - [2026-05-27T01:35:50.484+0000] {dagbag.py:538} INFO - Filling up the DagBag from /opt/airflow/dags/etl_incidentes_dag.py
[2026-05-27T01:35:50.504+0000] {processor.py:840} INFO - DAG(s) 'etl_incidentes_viales_v2' retrieved from /opt/airflow/dags/etl_incidentes_dag.py
[2026-05-27T01:35:50.533+0000] {logging_mixin.py:188} INFO - [2026-05-27T01:35:50.533+0000] {dag.py:3036} INFO - Sync 1 DAGs
[2026-05-27T01:35:50.697+0000] {logging_mixin.py:188} INFO - [2026-05-27T01:35:50.697+0000] {dag.py:3823} INFO - Setting next_dagrun for etl_incidentes_viales_v2 to 2026-05-01 00:00:00+00:00, run_after=2026-06-01 00:00:00+00:00
[2026-05-27T01:35:50.714+0000] {processor.py:183} INFO - Processing /opt/airflow/dags/etl_incidentes_dag.py took 0.235 seconds
[2026-05-27T01:36:20.820+0000] {processor.py:161} INFO - Started process (PID=859) to work on /opt/airflow/dags/etl_incidentes_dag.py
[2026-05-27T01:36:20.821+0000] {processor.py:830} INFO - Processing file /opt/airflow/dags/etl_incidentes_dag.py for tasks to queue
[2026-05-27T01:36:20.822+0000] {logging_mixin.py:188} INFO - [2026-05-27T01:36:20.822+0000] {dagbag.py:538} INFO - Filling up the DagBag from /opt/airflow/dags/etl_incidentes_dag.py
[2026-05-27T01:36:20.845+0000] {processor.py:840} INFO - DAG(s) 'etl_incidentes_viales_v2' retrieved from /opt/airflow/dags/etl_incidentes_dag.py
[2026-05-27T01:36:20.871+0000] {logging_mixin.py:188} INFO - [2026-05-27T01:36:20.870+0000] {dag.py:3036} INFO - Sync 1 DAGs
[2026-05-27T01:36:20.889+0000] {logging_mixin.py:188} INFO - [2026-05-27T01:36:20.889+0000] {dag.py:3823} INFO - Setting next_dagrun for etl_incidentes_viales_v2 to 2026-05-01 00:00:00+00:00, run_after=2026-06-01 00:00:00+00:00
[2026-05-27T01:36:20.911+0000] {processor.py:183} INFO - Processing /opt/airflow/dags/etl_incidentes_dag.py took 0.094 seconds
[2026-05-27T01:36:51.162+0000] {processor.py:161} INFO - Started process (PID=864) to work on /opt/airflow/dags/etl_incidentes_dag.py
[2026-05-27T01:36:51.163+0000] {processor.py:830} INFO - Processing file /opt/airflow/dags/etl_incidentes_dag.py for tasks to queue
[2026-05-27T01:36:51.164+0000] {logging_mixin.py:188} INFO - [2026-05-27T01:36:51.164+0000] {dagbag.py:538} INFO - Filling up the DagBag from /opt/airflow/dags/etl_incidentes_dag.py
[2026-05-27T01:36:51.184+0000] {processor.py:840} INFO - DAG(s) 'etl_incidentes_viales_v2' retrieved from /opt/airflow/dags/etl_incidentes_dag.py
[2026-05-27T01:36:51.208+0000] {logging_mixin.py:188} INFO - [2026-05-27T01:36:51.208+0000] {dag.py:3036} INFO - Sync 1 DAGs
[2026-05-27T01:36:51.226+0000] {logging_mixin.py:188} INFO - [2026-05-27T01:36:51.225+0000] {dag.py:3823} INFO - Setting next_dagrun for etl_incidentes_viales_v2 to 2026-05-01 00:00:00+00:00, run_after=2026-06-01 00:00:00+00:00
[2026-05-27T01:36:51.245+0000] {processor.py:183} INFO - Processing /opt/airflow/dags/etl_incidentes_dag.py took 0.086 seconds
[2026-05-27T01:37:21.392+0000] {processor.py:161} INFO - Started process (PID=869) to work on /opt/airflow/dags/etl_incidentes_dag.py
[2026-05-27T01:37:21.394+0000] {processor.py:830} INFO - Processing file /opt/airflow/dags/etl_incidentes_dag.py for tasks to queue
[2026-05-27T01:37:21.395+0000] {logging_mixin.py:188} INFO - [2026-05-27T01:37:21.395+0000] {dagbag.py:538} INFO - Filling up the DagBag from /opt/airflow/dags/etl_incidentes_dag.py
[2026-05-27T01:37:21.418+0000] {processor.py:840} INFO - DAG(s) 'etl_incidentes_viales_v2' retrieved from /opt/airflow/dags/etl_incidentes_dag.py
[2026-05-27T01:37:21.447+0000] {logging_mixin.py:188} INFO - [2026-05-27T01:37:21.447+0000] {dag.py:3036} INFO - Sync 1 DAGs
[2026-05-27T01:37:21.600+0000] {logging_mixin.py:188} INFO - [2026-05-27T01:37:21.600+0000] {dag.py:3823} INFO - Setting next_dagrun for etl_incidentes_viales_v2 to 2026-05-01 00:00:00+00:00, run_after=2026-06-01 00:00:00+00:00
[2026-05-27T01:37:21.619+0000] {processor.py:183} INFO - Processing /opt/airflow/dags/etl_incidentes_dag.py took 0.230 seconds
[2026-05-27T01:37:51.889+0000] {processor.py:161} INFO - Started process (PID=874) to work on /opt/airflow/dags/etl_incidentes_dag.py
[2026-05-27T01:37:51.890+0000] {processor.py:830} INFO - Processing file /opt/airflow/dags/etl_incidentes_dag.py for tasks to queue
[2026-05-27T01:37:51.891+0000] {logging_mixin.py:188} INFO - [2026-05-27T01:37:51.891+0000] {dagbag.py:538} INFO - Filling up the DagBag from /opt/airflow/dags/etl_incidentes_dag.py
[2026-05-27T01:37:51.914+0000] {processor.py:840} INFO - DAG(s) 'etl_incidentes_viales_v2' retrieved from /opt/airflow/dags/etl_incidentes_dag.py
[2026-05-27T01:37:51.944+0000] {logging_mixin.py:188} INFO - [2026-05-27T01:37:51.944+0000] {dag.py:3036} INFO - Sync 1 DAGs
[2026-05-27T01:37:51.965+0000] {logging_mixin.py:188} INFO - [2026-05-27T01:37:51.965+0000] {dag.py:3823} INFO - Setting next_dagrun for etl_incidentes_viales_v2 to 2026-05-01 00:00:00+00:00, run_after=2026-06-01 00:00:00+00:00
[2026-05-27T01:37:51.986+0000] {processor.py:183} INFO - Processing /opt/airflow/dags/etl_incidentes_dag.py took 0.101 seconds
[2026-05-27T01:38:22.114+0000] {processor.py:161} INFO - Started process (PID=879) to work on /opt/airflow/dags/etl_incidentes_dag.py
[2026-05-27T01:38:22.116+0000] {processor.py:830} INFO - Processing file /opt/airflow/dags/etl_incidentes_dag.py for tasks to queue
[2026-05-27T01:38:22.117+0000] {logging_mixin.py:188} INFO - [2026-05-27T01:38:22.117+0000] {dagbag.py:538} INFO - Filling up the DagBag from /opt/airflow/dags/etl_incidentes_dag.py
[2026-05-27T01:38:22.147+0000] {processor.py:840} INFO - DAG(s) 'etl_incidentes_viales_v2' retrieved from /opt/airflow/dags/etl_incidentes_dag.py
[2026-05-27T01:38:22.171+0000] {logging_mixin.py:188} INFO - [2026-05-27T01:38:22.171+0000] {dag.py:3036} INFO - Sync 1 DAGs
[2026-05-27T01:38:22.188+0000] {logging_mixin.py:188} INFO - [2026-05-27T01:38:22.188+0000] {dag.py:3823} INFO - Setting next_dagrun for etl_incidentes_viales_v2 to 2026-05-01 00:00:00+00:00, run_after=2026-06-01 00:00:00+00:00
[2026-05-27T01:38:22.210+0000] {processor.py:183} INFO - Processing /opt/airflow/dags/etl_incidentes_dag.py took 0.099 seconds
[2026-05-27T01:38:52.463+0000] {processor.py:161} INFO - Started process (PID=884) to work on /opt/airflow/dags/etl_incidentes_dag.py
[2026-05-27T01:38:52.464+0000] {processor.py:830} INFO - Processing file /opt/airflow/dags/etl_incidentes_dag.py for tasks to queue
[2026-05-27T01:38:52.466+0000] {logging_mixin.py:188} INFO - [2026-05-27T01:38:52.465+0000] {dagbag.py:538} INFO - Filling up the DagBag from /opt/airflow/dags/etl_incidentes_dag.py
[2026-05-27T01:38:52.486+0000] {processor.py:840} INFO - DAG(s) 'etl_incidentes_viales_v2' retrieved from /opt/airflow/dags/etl_incidentes_dag.py
[2026-05-27T01:38:52.515+0000] {logging_mixin.py:188} INFO - [2026-05-27T01:38:52.514+0000] {dag.py:3036} INFO - Sync 1 DAGs
[2026-05-27T01:38:52.670+0000] {logging_mixin.py:188} INFO - [2026-05-27T01:38:52.670+0000] {dag.py:3823} INFO - Setting next_dagrun for etl_incidentes_viales_v2 to 2026-05-01 00:00:00+00:00, run_after=2026-06-01 00:00:00+00:00
[2026-05-27T01:38:52.687+0000] {processor.py:183} INFO - Processing /opt/airflow/dags/etl_incidentes_dag.py took 0.227 seconds
[2026-05-27T01:39:22.981+0000] {processor.py:161} INFO - Started process (PID=889) to work on /opt/airflow/dags/etl_incidentes_dag.py
[2026-05-27T01:39:22.982+0000] {processor.py:830} INFO - Processing file /opt/airflow/dags/etl_incidentes_dag.py for tasks to queue
[2026-05-27T01:39:22.983+0000] {logging_mixin.py:188} INFO - [2026-05-27T01:39:22.982+0000] {dagbag.py:538} INFO - Filling up the DagBag from /opt/airflow/dags/etl_incidentes_dag.py
[2026-05-27T01:39:23.007+0000] {processor.py:840} INFO - DAG(s) 'etl_incidentes_viales_v2' retrieved from /opt/airflow/dags/etl_incidentes_dag.py
[2026-05-27T01:39:23.032+0000] {logging_mixin.py:188} INFO - [2026-05-27T01:39:23.032+0000] {dag.py:3036} INFO - Sync 1 DAGs
[2026-05-27T01:39:23.050+0000] {logging_mixin.py:188} INFO - [2026-05-27T01:39:23.050+0000] {dag.py:3823} INFO - Setting next_dagrun for etl_incidentes_viales_v2 to 2026-05-01 00:00:00+00:00, run_after=2026-06-01 00:00:00+00:00
[2026-05-27T01:39:23.071+0000] {processor.py:183} INFO - Processing /opt/airflow/dags/etl_incidentes_dag.py took 0.094 seconds
[2026-05-27T01:39:53.220+0000] {processor.py:161} INFO - Started process (PID=894) to work on /opt/airflow/dags/etl_incidentes_dag.py
[2026-05-27T01:39:53.221+0000] {processor.py:830} INFO - Processing file /opt/airflow/dags/etl_incidentes_dag.py for tasks to queue
[2026-05-27T01:39:53.223+0000] {logging_mixin.py:188} INFO - [2026-05-27T01:39:53.222+0000] {dagbag.py:538} INFO - Filling up the DagBag from /opt/airflow/dags/etl_incidentes_dag.py
[2026-05-27T01:39:53.244+0000] {processor.py:840} INFO - DAG(s) 'etl_incidentes_viales_v2' retrieved from /opt/airflow/dags/etl_incidentes_dag.py
[2026-05-27T01:39:53.267+0000] {logging_mixin.py:188} INFO - [2026-05-27T01:39:53.267+0000] {dag.py:3036} INFO - Sync 1 DAGs
[2026-05-27T01:39:53.285+0000] {logging_mixin.py:188} INFO - [2026-05-27T01:39:53.285+0000] {dag.py:3823} INFO - Setting next_dagrun for etl_incidentes_viales_v2 to 2026-05-01 00:00:00+00:00, run_after=2026-06-01 00:00:00+00:00
[2026-05-27T01:39:53.308+0000] {processor.py:183} INFO - Processing /opt/airflow/dags/etl_incidentes_dag.py took 0.090 seconds
[2026-05-27T01:40:23.565+0000] {processor.py:161} INFO - Started process (PID=899) to work on /opt/airflow/dags/etl_incidentes_dag.py
[2026-05-27T01:40:23.566+0000] {processor.py:830} INFO - Processing file /opt/airflow/dags/etl_incidentes_dag.py for tasks to queue
[2026-05-27T01:40:23.567+0000] {logging_mixin.py:188} INFO - [2026-05-27T01:40:23.566+0000] {dagbag.py:538} INFO - Filling up the DagBag from /opt/airflow/dags/etl_incidentes_dag.py
[2026-05-27T01:40:23.586+0000] {processor.py:840} INFO - DAG(s) 'etl_incidentes_viales_v2' retrieved from /opt/airflow/dags/etl_incidentes_dag.py
[2026-05-27T01:40:23.611+0000] {logging_mixin.py:188} INFO - [2026-05-27T01:40:23.610+0000] {dag.py:3036} INFO - Sync 1 DAGs
[2026-05-27T01:40:23.743+0000] {logging_mixin.py:188} INFO - [2026-05-27T01:40:23.742+0000] {dag.py:3823} INFO - Setting next_dagrun for etl_incidentes_viales_v2 to 2026-05-01 00:00:00+00:00, run_after=2026-06-01 00:00:00+00:00
[2026-05-27T01:40:23.763+0000] {processor.py:183} INFO - Processing /opt/airflow/dags/etl_incidentes_dag.py took 0.201 seconds
[2026-05-27T01:40:53.862+0000] {processor.py:161} INFO - Started process (PID=904) to work on /opt/airflow/dags/etl_incidentes_dag.py
[2026-05-27T01:40:53.863+0000] {processor.py:830} INFO - Processing file /opt/airflow/dags/etl_incidentes_dag.py for tasks to queue
[2026-05-27T01:40:53.864+0000] {logging_mixin.py:188} INFO - [2026-05-27T01:40:53.863+0000] {dagbag.py:538} INFO - Filling up the DagBag from /opt/airflow/dags/etl_incidentes_dag.py
[2026-05-27T01:40:53.893+0000] {processor.py:840} INFO - DAG(s) 'etl_incidentes_viales_v2' retrieved from /opt/airflow/dags/etl_incidentes_dag.py
[2026-05-27T01:40:53.918+0000] {logging_mixin.py:188} INFO - [2026-05-27T01:40:53.918+0000] {dag.py:3036} INFO - Sync 1 DAGs
[2026-05-27T01:40:53.937+0000] {logging_mixin.py:188} INFO - [2026-05-27T01:40:53.936+0000] {dag.py:3823} INFO - Setting next_dagrun for etl_incidentes_viales_v2 to 2026-05-01 00:00:00+00:00, run_after=2026-06-01 00:00:00+00:00
[2026-05-27T01:40:53.958+0000] {processor.py:183} INFO - Processing /opt/airflow/dags/etl_incidentes_dag.py took 0.099 seconds
[2026-05-27T01:41:24.237+0000] {processor.py:161} INFO - Started process (PID=909) to work on /opt/airflow/dags/etl_incidentes_dag.py
[2026-05-27T01:41:24.238+0000] {processor.py:830} INFO - Processing file /opt/airflow/dags/etl_incidentes_dag.py for tasks to queue
[2026-05-27T01:41:24.238+0000] {logging_mixin.py:188} INFO - [2026-05-27T01:41:24.238+0000] {dagbag.py:538} INFO - Filling up the DagBag from /opt/airflow/dags/etl_incidentes_dag.py
[2026-05-27T01:41:24.261+0000] {processor.py:840} INFO - DAG(s) 'etl_incidentes_viales_v2' retrieved from /opt/airflow/dags/etl_incidentes_dag.py
[2026-05-27T01:41:24.287+0000] {logging_mixin.py:188} INFO - [2026-05-27T01:41:24.287+0000] {dag.py:3036} INFO - Sync 1 DAGs
[2026-05-27T01:41:24.306+0000] {logging_mixin.py:188} INFO - [2026-05-27T01:41:24.305+0000] {dag.py:3823} INFO - Setting next_dagrun for etl_incidentes_viales_v2 to 2026-05-01 00:00:00+00:00, run_after=2026-06-01 00:00:00+00:00
[2026-05-27T01:41:24.326+0000] {processor.py:183} INFO - Processing /opt/airflow/dags/etl_incidentes_dag.py took 0.092 seconds
[2026-05-27T01:41:54.461+0000] {processor.py:161} INFO - Started process (PID=914) to work on /opt/airflow/dags/etl_incidentes_dag.py
[2026-05-27T01:41:54.462+0000] {processor.py:830} INFO - Processing file /opt/airflow/dags/etl_incidentes_dag.py for tasks to queue
[2026-05-27T01:41:54.463+0000] {logging_mixin.py:188} INFO - [2026-05-27T01:41:54.463+0000] {dagbag.py:538} INFO - Filling up the DagBag from /opt/airflow/dags/etl_incidentes_dag.py
[2026-05-27T01:41:54.488+0000] {processor.py:840} INFO - DAG(s) 'etl_incidentes_viales_v2' retrieved from /opt/airflow/dags/etl_incidentes_dag.py
[2026-05-27T01:41:54.513+0000] {logging_mixin.py:188} INFO - [2026-05-27T01:41:54.513+0000] {dag.py:3036} INFO - Sync 1 DAGs
[2026-05-27T01:41:54.633+0000] {logging_mixin.py:188} INFO - [2026-05-27T01:41:54.632+0000] {dag.py:3823} INFO - Setting next_dagrun for etl_incidentes_viales_v2 to 2026-05-01 00:00:00+00:00, run_after=2026-06-01 00:00:00+00:00
[2026-05-27T01:41:54.649+0000] {processor.py:183} INFO - Processing /opt/airflow/dags/etl_incidentes_dag.py took 0.192 seconds
[2026-05-27T01:42:24.765+0000] {processor.py:161} INFO - Started process (PID=919) to work on /opt/airflow/dags/etl_incidentes_dag.py
[2026-05-27T01:42:24.767+0000] {processor.py:830} INFO - Processing file /opt/airflow/dags/etl_incidentes_dag.py for tasks to queue
[2026-05-27T01:42:24.768+0000] {logging_mixin.py:188} INFO - [2026-05-27T01:42:24.768+0000] {dagbag.py:538} INFO - Filling up the DagBag from /opt/airflow/dags/etl_incidentes_dag.py
[2026-05-27T01:42:24.793+0000] {processor.py:840} INFO - DAG(s) 'etl_incidentes_viales_v2' retrieved from /opt/airflow/dags/etl_incidentes_dag.py
[2026-05-27T01:42:24.819+0000] {logging_mixin.py:188} INFO - [2026-05-27T01:42:24.819+0000] {dag.py:3036} INFO - Sync 1 DAGs
[2026-05-27T01:42:24.839+0000] {logging_mixin.py:188} INFO - [2026-05-27T01:42:24.838+0000] {dag.py:3823} INFO - Setting next_dagrun for etl_incidentes_viales_v2 to 2026-05-01 00:00:00+00:00, run_after=2026-06-01 00:00:00+00:00
[2026-05-27T01:42:24.859+0000] {processor.py:183} INFO - Processing /opt/airflow/dags/etl_incidentes_dag.py took 0.099 seconds
[2026-05-27T01:42:55.080+0000] {processor.py:161} INFO - Started process (PID=924) to work on /opt/airflow/dags/etl_incidentes_dag.py
[2026-05-27T01:42:55.081+0000] {processor.py:830} INFO - Processing file /opt/airflow/dags/etl_incidentes_dag.py for tasks to queue
[2026-05-27T01:42:55.082+0000] {logging_mixin.py:188} INFO - [2026-05-27T01:42:55.081+0000] {dagbag.py:538} INFO - Filling up the DagBag from /opt/airflow/dags/etl_incidentes_dag.py
[2026-05-27T01:42:55.106+0000] {processor.py:840} INFO - DAG(s) 'etl_incidentes_viales_v2' retrieved from /opt/airflow/dags/etl_incidentes_dag.py
[2026-05-27T01:42:55.136+0000] {logging_mixin.py:188} INFO - [2026-05-27T01:42:55.136+0000] {dag.py:3036} INFO - Sync 1 DAGs
[2026-05-27T01:42:55.156+0000] {logging_mixin.py:188} INFO - [2026-05-27T01:42:55.155+0000] {dag.py:3823} INFO - Setting next_dagrun for etl_incidentes_viales_v2 to 2026-05-01 00:00:00+00:00, run_after=2026-06-01 00:00:00+00:00
[2026-05-27T01:42:55.175+0000] {processor.py:183} INFO - Processing /opt/airflow/dags/etl_incidentes_dag.py took 0.098 seconds
[2026-05-27T01:43:25.389+0000] {processor.py:161} INFO - Started process (PID=929) to work on /opt/airflow/dags/etl_incidentes_dag.py
[2026-05-27T01:43:25.390+0000] {processor.py:830} INFO - Processing file /opt/airflow/dags/etl_incidentes_dag.py for tasks to queue
[2026-05-27T01:43:25.391+0000] {logging_mixin.py:188} INFO - [2026-05-27T01:43:25.390+0000] {dagbag.py:538} INFO - Filling up the DagBag from /opt/airflow/dags/etl_incidentes_dag.py
[2026-05-27T01:43:25.417+0000] {processor.py:840} INFO - DAG(s) 'etl_incidentes_viales_v2' retrieved from /opt/airflow/dags/etl_incidentes_dag.py
[2026-05-27T01:43:25.447+0000] {logging_mixin.py:188} INFO - [2026-05-27T01:43:25.447+0000] {dag.py:3036} INFO - Sync 1 DAGs
[2026-05-27T01:43:25.592+0000] {logging_mixin.py:188} INFO - [2026-05-27T01:43:25.592+0000] {dag.py:3823} INFO - Setting next_dagrun for etl_incidentes_viales_v2 to 2026-05-01 00:00:00+00:00, run_after=2026-06-01 00:00:00+00:00
[2026-05-27T01:43:25.613+0000] {processor.py:183} INFO - Processing /opt/airflow/dags/etl_incidentes_dag.py took 0.227 seconds
[2026-05-27T01:43:55.844+0000] {processor.py:161} INFO - Started process (PID=934) to work on /opt/airflow/dags/etl_incidentes_dag.py
[2026-05-27T01:43:55.845+0000] {processor.py:830} INFO - Processing file /opt/airflow/dags/etl_incidentes_dag.py for tasks to queue
[2026-05-27T01:43:55.846+0000] {logging_mixin.py:188} INFO - [2026-05-27T01:43:55.846+0000] {dagbag.py:538} INFO - Filling up the DagBag from /opt/airflow/dags/etl_incidentes_dag.py
[2026-05-27T01:43:55.869+0000] {processor.py:840} INFO - DAG(s) 'etl_incidentes_viales_v2' retrieved from /opt/airflow/dags/etl_incidentes_dag.py
[2026-05-27T01:43:55.897+0000] {logging_mixin.py:188} INFO - [2026-05-27T01:43:55.896+0000] {dag.py:3036} INFO - Sync 1 DAGs
[2026-05-27T01:43:55.916+0000] {logging_mixin.py:188} INFO - [2026-05-27T01:43:55.916+0000] {dag.py:3823} INFO - Setting next_dagrun for etl_incidentes_viales_v2 to 2026-05-01 00:00:00+00:00, run_after=2026-06-01 00:00:00+00:00
[2026-05-27T01:43:55.936+0000] {processor.py:183} INFO - Processing /opt/airflow/dags/etl_incidentes_dag.py took 0.096 seconds
[2026-05-27T01:44:26.209+0000] {processor.py:161} INFO - Started process (PID=939) to work on /opt/airflow/dags/etl_incidentes_dag.py
[2026-05-27T01:44:26.210+0000] {processor.py:830} INFO - Processing file /opt/airflow/dags/etl_incidentes_dag.py for tasks to queue
[2026-05-27T01:44:26.214+0000] {logging_mixin.py:188} INFO - [2026-05-27T01:44:26.214+0000] {dagbag.py:538} INFO - Filling up the DagBag from /opt/airflow/dags/etl_incidentes_dag.py
[2026-05-27T01:44:26.306+0000] {processor.py:840} INFO - DAG(s) 'etl_incidentes_viales_v2' retrieved from /opt/airflow/dags/etl_incidentes_dag.py
[2026-05-27T01:44:26.332+0000] {logging_mixin.py:188} INFO - [2026-05-27T01:44:26.332+0000] {dag.py:3036} INFO - Sync 1 DAGs
[2026-05-27T01:44:26.351+0000] {logging_mixin.py:188} INFO - [2026-05-27T01:44:26.351+0000] {dag.py:3823} INFO - Setting next_dagrun for etl_incidentes_viales_v2 to 2026-05-01 00:00:00+00:00, run_after=2026-06-01 00:00:00+00:00
[2026-05-27T01:44:26.477+0000] {processor.py:183} INFO - Processing /opt/airflow/dags/etl_incidentes_dag.py took 0.271 seconds
[2026-05-27T01:44:56.732+0000] {processor.py:161} INFO - Started process (PID=944) to work on /opt/airflow/dags/etl_incidentes_dag.py
[2026-05-27T01:44:56.734+0000] {processor.py:830} INFO - Processing file /opt/airflow/dags/etl_incidentes_dag.py for tasks to queue
[2026-05-27T01:44:56.735+0000] {logging_mixin.py:188} INFO - [2026-05-27T01:44:56.734+0000] {dagbag.py:538} INFO - Filling up the DagBag from /opt/airflow/dags/etl_incidentes_dag.py
[2026-05-27T01:44:56.758+0000] {processor.py:840} INFO - DAG(s) 'etl_incidentes_viales_v2' retrieved from /opt/airflow/dags/etl_incidentes_dag.py
[2026-05-27T01:44:56.794+0000] {logging_mixin.py:188} INFO - [2026-05-27T01:44:56.794+0000] {dag.py:3036} INFO - Sync 1 DAGs
[2026-05-27T01:44:56.814+0000] {logging_mixin.py:188} INFO - [2026-05-27T01:44:56.813+0000] {dag.py:3823} INFO - Setting next_dagrun for etl_incidentes_viales_v2 to 2026-05-01 00:00:00+00:00, run_after=2026-06-01 00:00:00+00:00
[2026-05-27T01:44:56.849+0000] {processor.py:183} INFO - Processing /opt/airflow/dags/etl_incidentes_dag.py took 0.120 seconds
[2026-05-27T01:45:27.045+0000] {processor.py:161} INFO - Started process (PID=949) to work on /opt/airflow/dags/etl_incidentes_dag.py
[2026-05-27T01:45:27.046+0000] {processor.py:830} INFO - Processing file /opt/airflow/dags/etl_incidentes_dag.py for tasks to queue
[2026-05-27T01:45:27.047+0000] {logging_mixin.py:188} INFO - [2026-05-27T01:45:27.047+0000] {dagbag.py:538} INFO - Filling up the DagBag from /opt/airflow/dags/etl_incidentes_dag.py
[2026-05-27T01:45:27.078+0000] {processor.py:840} INFO - DAG(s) 'etl_incidentes_viales_v2' retrieved from /opt/airflow/dags/etl_incidentes_dag.py
[2026-05-27T01:45:27.112+0000] {logging_mixin.py:188} INFO - [2026-05-27T01:45:27.112+0000] {dag.py:3036} INFO - Sync 1 DAGs
[2026-05-27T01:45:27.144+0000] {logging_mixin.py:188} INFO - [2026-05-27T01:45:27.143+0000] {dag.py:3823} INFO - Setting next_dagrun for etl_incidentes_viales_v2 to 2026-05-01 00:00:00+00:00, run_after=2026-06-01 00:00:00+00:00
[2026-05-27T01:45:27.170+0000] {processor.py:183} INFO - Processing /opt/airflow/dags/etl_incidentes_dag.py took 0.130 seconds
[2026-05-27T01:45:57.426+0000] {processor.py:161} INFO - Started process (PID=954) to work on /opt/airflow/dags/etl_incidentes_dag.py
[2026-05-27T01:45:57.427+0000] {processor.py:830} INFO - Processing file /opt/airflow/dags/etl_incidentes_dag.py for tasks to queue
[2026-05-27T01:45:57.428+0000] {logging_mixin.py:188} INFO - [2026-05-27T01:45:57.428+0000] {dagbag.py:538} INFO - Filling up the DagBag from /opt/airflow/dags/etl_incidentes_dag.py
[2026-05-27T01:45:57.464+0000] {processor.py:840} INFO - DAG(s) 'etl_incidentes_viales_v2' retrieved from /opt/airflow/dags/etl_incidentes_dag.py
[2026-05-27T01:45:57.499+0000] {logging_mixin.py:188} INFO - [2026-05-27T01:45:57.499+0000] {dag.py:3036} INFO - Sync 1 DAGs
[2026-05-27T01:45:57.522+0000] {logging_mixin.py:188} INFO - [2026-05-27T01:45:57.522+0000] {dag.py:3823} INFO - Setting next_dagrun for etl_incidentes_viales_v2 to 2026-05-01 00:00:00+00:00, run_after=2026-06-01 00:00:00+00:00
[2026-05-27T01:45:57.708+0000] {processor.py:183} INFO - Processing /opt/airflow/dags/etl_incidentes_dag.py took 0.286 seconds
[2026-05-27T01:46:27.912+0000] {processor.py:161} INFO - Started process (PID=959) to work on /opt/airflow/dags/etl_incidentes_dag.py
[2026-05-27T01:46:27.914+0000] {processor.py:830} INFO - Processing file /opt/airflow/dags/etl_incidentes_dag.py for tasks to queue
[2026-05-27T01:46:27.914+0000] {logging_mixin.py:188} INFO - [2026-05-27T01:46:27.914+0000] {dagbag.py:538} INFO - Filling up the DagBag from /opt/airflow/dags/etl_incidentes_dag.py
[2026-05-27T01:46:27.939+0000] {processor.py:840} INFO - DAG(s) 'etl_incidentes_viales_v2' retrieved from /opt/airflow/dags/etl_incidentes_dag.py
[2026-05-27T01:46:27.966+0000] {logging_mixin.py:188} INFO - [2026-05-27T01:46:27.966+0000] {dag.py:3036} INFO - Sync 1 DAGs
[2026-05-27T01:46:28.101+0000] {logging_mixin.py:188} INFO - [2026-05-27T01:46:28.100+0000] {dag.py:3823} INFO - Setting next_dagrun for etl_incidentes_viales_v2 to 2026-05-01 00:00:00+00:00, run_after=2026-06-01 00:00:00+00:00
[2026-05-27T01:46:28.119+0000] {processor.py:183} INFO - Processing /opt/airflow/dags/etl_incidentes_dag.py took 0.210 seconds
[2026-05-27T01:46:58.408+0000] {processor.py:161} INFO - Started process (PID=964) to work on /opt/airflow/dags/etl_incidentes_dag.py
[2026-05-27T01:46:58.409+0000] {processor.py:830} INFO - Processing file /opt/airflow/dags/etl_incidentes_dag.py for tasks to queue
[2026-05-27T01:46:58.411+0000] {logging_mixin.py:188} INFO - [2026-05-27T01:46:58.410+0000] {dagbag.py:538} INFO - Filling up the DagBag from /opt/airflow/dags/etl_incidentes_dag.py
[2026-05-27T01:46:58.572+0000] {processor.py:840} INFO - DAG(s) 'etl_incidentes_viales_v2' retrieved from /opt/airflow/dags/etl_incidentes_dag.py
[2026-05-27T01:46:58.602+0000] {logging_mixin.py:188} INFO - [2026-05-27T01:46:58.602+0000] {dag.py:3036} INFO - Sync 1 DAGs
[2026-05-27T01:46:58.622+0000] {logging_mixin.py:188} INFO - [2026-05-27T01:46:58.622+0000] {dag.py:3823} INFO - Setting next_dagrun for etl_incidentes_viales_v2 to 2026-05-01 00:00:00+00:00, run_after=2026-06-01 00:00:00+00:00
[2026-05-27T01:46:58.645+0000] {processor.py:183} INFO - Processing /opt/airflow/dags/etl_incidentes_dag.py took 0.240 seconds
[2026-05-27T01:47:29.006+0000] {processor.py:161} INFO - Started process (PID=969) to work on /opt/airflow/dags/etl_incidentes_dag.py
[2026-05-27T01:47:29.008+0000] {processor.py:830} INFO - Processing file /opt/airflow/dags/etl_incidentes_dag.py for tasks to queue
[2026-05-27T01:47:29.009+0000] {logging_mixin.py:188} INFO - [2026-05-27T01:47:29.009+0000] {dagbag.py:538} INFO - Filling up the DagBag from /opt/airflow/dags/etl_incidentes_dag.py
[2026-05-27T01:47:29.035+0000] {processor.py:840} INFO - DAG(s) 'etl_incidentes_viales_v2' retrieved from /opt/airflow/dags/etl_incidentes_dag.py
[2026-05-27T01:47:29.063+0000] {logging_mixin.py:188} INFO - [2026-05-27T01:47:29.063+0000] {dag.py:3036} INFO - Sync 1 DAGs
[2026-05-27T01:47:29.084+0000] {logging_mixin.py:188} INFO - [2026-05-27T01:47:29.084+0000] {dag.py:3823} INFO - Setting next_dagrun for etl_incidentes_viales_v2 to 2026-05-01 00:00:00+00:00, run_after=2026-06-01 00:00:00+00:00
[2026-05-27T01:47:29.102+0000] {processor.py:183} INFO - Processing /opt/airflow/dags/etl_incidentes_dag.py took 0.099 seconds
[2026-05-27T01:47:59.257+0000] {processor.py:161} INFO - Started process (PID=974) to work on /opt/airflow/dags/etl_incidentes_dag.py
[2026-05-27T01:47:59.258+0000] {processor.py:830} INFO - Processing file /opt/airflow/dags/etl_incidentes_dag.py for tasks to queue
[2026-05-27T01:47:59.259+0000] {logging_mixin.py:188} INFO - [2026-05-27T01:47:59.259+0000] {dagbag.py:538} INFO - Filling up the DagBag from /opt/airflow/dags/etl_incidentes_dag.py
[2026-05-27T01:47:59.313+0000] {processor.py:840} INFO - DAG(s) 'etl_incidentes_viales_v2' retrieved from /opt/airflow/dags/etl_incidentes_dag.py
[2026-05-27T01:47:59.341+0000] {logging_mixin.py:188} INFO - [2026-05-27T01:47:59.341+0000] {dag.py:3036} INFO - Sync 1 DAGs
[2026-05-27T01:47:59.360+0000] {logging_mixin.py:188} INFO - [2026-05-27T01:47:59.360+0000] {dag.py:3823} INFO - Setting next_dagrun for etl_incidentes_viales_v2 to 2026-05-01 00:00:00+00:00, run_after=2026-06-01 00:00:00+00:00
[2026-05-27T01:47:59.379+0000] {processor.py:183} INFO - Processing /opt/airflow/dags/etl_incidentes_dag.py took 0.126 seconds
[2026-05-27T01:48:29.615+0000] {processor.py:161} INFO - Started process (PID=979) to work on /opt/airflow/dags/etl_incidentes_dag.py
[2026-05-27T01:48:29.616+0000] {processor.py:830} INFO - Processing file /opt/airflow/dags/etl_incidentes_dag.py for tasks to queue
[2026-05-27T01:48:29.617+0000] {logging_mixin.py:188} INFO - [2026-05-27T01:48:29.617+0000] {dagbag.py:538} INFO - Filling up the DagBag from /opt/airflow/dags/etl_incidentes_dag.py
[2026-05-27T01:48:29.643+0000] {processor.py:840} INFO - DAG(s) 'etl_incidentes_viales_v2' retrieved from /opt/airflow/dags/etl_incidentes_dag.py
[2026-05-27T01:48:29.672+0000] {logging_mixin.py:188} INFO - [2026-05-27T01:48:29.671+0000] {dag.py:3036} INFO - Sync 1 DAGs
[2026-05-27T01:48:29.691+0000] {logging_mixin.py:188} INFO - [2026-05-27T01:48:29.691+0000] {dag.py:3823} INFO - Setting next_dagrun for etl_incidentes_viales_v2 to 2026-05-01 00:00:00+00:00, run_after=2026-06-01 00:00:00+00:00
[2026-05-27T01:48:29.712+0000] {processor.py:183} INFO - Processing /opt/airflow/dags/etl_incidentes_dag.py took 0.100 seconds
[2026-05-27T01:48:59.860+0000] {processor.py:161} INFO - Started process (PID=984) to work on /opt/airflow/dags/etl_incidentes_dag.py
[2026-05-27T01:48:59.862+0000] {processor.py:830} INFO - Processing file /opt/airflow/dags/etl_incidentes_dag.py for tasks to queue
[2026-05-27T01:48:59.864+0000] {logging_mixin.py:188} INFO - [2026-05-27T01:48:59.864+0000] {dagbag.py:538} INFO - Filling up the DagBag from /opt/airflow/dags/etl_incidentes_dag.py
[2026-05-27T01:48:59.927+0000] {processor.py:840} INFO - DAG(s) 'etl_incidentes_viales_v2' retrieved from /opt/airflow/dags/etl_incidentes_dag.py
[2026-05-27T01:48:59.957+0000] {logging_mixin.py:188} INFO - [2026-05-27T01:48:59.957+0000] {dag.py:3036} INFO - Sync 1 DAGs
[2026-05-27T01:48:59.974+0000] {logging_mixin.py:188} INFO - [2026-05-27T01:48:59.974+0000] {dag.py:3823} INFO - Setting next_dagrun for etl_incidentes_viales_v2 to 2026-05-01 00:00:00+00:00, run_after=2026-06-01 00:00:00+00:00
[2026-05-27T01:48:59.992+0000] {processor.py:183} INFO - Processing /opt/airflow/dags/etl_incidentes_dag.py took 0.136 seconds
[2026-05-27T01:49:30.195+0000] {processor.py:161} INFO - Started process (PID=989) to work on /opt/airflow/dags/etl_incidentes_dag.py
[2026-05-27T01:49:30.197+0000] {processor.py:830} INFO - Processing file /opt/airflow/dags/etl_incidentes_dag.py for tasks to queue
[2026-05-27T01:49:30.198+0000] {logging_mixin.py:188} INFO - [2026-05-27T01:49:30.198+0000] {dagbag.py:538} INFO - Filling up the DagBag from /opt/airflow/dags/etl_incidentes_dag.py
[2026-05-27T01:49:30.242+0000] {processor.py:840} INFO - DAG(s) 'etl_incidentes_viales_v2' retrieved from /opt/airflow/dags/etl_incidentes_dag.py
[2026-05-27T01:49:30.279+0000] {logging_mixin.py:188} INFO - [2026-05-27T01:49:30.278+0000] {dag.py:3036} INFO - Sync 1 DAGs
[2026-05-27T01:49:30.302+0000] {logging_mixin.py:188} INFO - [2026-05-27T01:49:30.302+0000] {dag.py:3823} INFO - Setting next_dagrun for etl_incidentes_viales_v2 to 2026-05-01 00:00:00+00:00, run_after=2026-06-01 00:00:00+00:00
[2026-05-27T01:49:30.325+0000] {processor.py:183} INFO - Processing /opt/airflow/dags/etl_incidentes_dag.py took 0.134 seconds
[2026-05-27T01:50:00.445+0000] {processor.py:161} INFO - Started process (PID=994) to work on /opt/airflow/dags/etl_incidentes_dag.py
[2026-05-27T01:50:00.447+0000] {processor.py:830} INFO - Processing file /opt/airflow/dags/etl_incidentes_dag.py for tasks to queue
[2026-05-27T01:50:00.448+0000] {logging_mixin.py:188} INFO - [2026-05-27T01:50:00.447+0000] {dagbag.py:538} INFO - Filling up the DagBag from /opt/airflow/dags/etl_incidentes_dag.py
[2026-05-27T01:50:00.475+0000] {processor.py:840} INFO - DAG(s) 'etl_incidentes_viales_v2' retrieved from /opt/airflow/dags/etl_incidentes_dag.py
[2026-05-27T01:50:00.503+0000] {logging_mixin.py:188} INFO - [2026-05-27T01:50:00.503+0000] {dag.py:3036} INFO - Sync 1 DAGs
[2026-05-27T01:50:00.522+0000] {logging_mixin.py:188} INFO - [2026-05-27T01:50:00.522+0000] {dag.py:3823} INFO - Setting next_dagrun for etl_incidentes_viales_v2 to 2026-05-01 00:00:00+00:00, run_after=2026-06-01 00:00:00+00:00
[2026-05-27T01:50:00.544+0000] {processor.py:183} INFO - Processing /opt/airflow/dags/etl_incidentes_dag.py took 0.102 seconds
[2026-05-27T01:50:30.767+0000] {processor.py:161} INFO - Started process (PID=999) to work on /opt/airflow/dags/etl_incidentes_dag.py
[2026-05-27T01:50:30.769+0000] {processor.py:830} INFO - Processing file /opt/airflow/dags/etl_incidentes_dag.py for tasks to queue
[2026-05-27T01:50:30.770+0000] {logging_mixin.py:188} INFO - [2026-05-27T01:50:30.769+0000] {dagbag.py:538} INFO - Filling up the DagBag from /opt/airflow/dags/etl_incidentes_dag.py
[2026-05-27T01:50:30.792+0000] {processor.py:840} INFO - DAG(s) 'etl_incidentes_viales_v2' retrieved from /opt/airflow/dags/etl_incidentes_dag.py
[2026-05-27T01:50:30.818+0000] {logging_mixin.py:188} INFO - [2026-05-27T01:50:30.817+0000] {dag.py:3036} INFO - Sync 1 DAGs
[2026-05-27T01:50:30.835+0000] {logging_mixin.py:188} INFO - [2026-05-27T01:50:30.835+0000] {dag.py:3823} INFO - Setting next_dagrun for etl_incidentes_viales_v2 to 2026-05-01 00:00:00+00:00, run_after=2026-06-01 00:00:00+00:00
[2026-05-27T01:50:30.855+0000] {processor.py:183} INFO - Processing /opt/airflow/dags/etl_incidentes_dag.py took 0.091 seconds
[2026-05-27T01:51:01.071+0000] {processor.py:161} INFO - Started process (PID=1004) to work on /opt/airflow/dags/etl_incidentes_dag.py
[2026-05-27T01:51:01.072+0000] {processor.py:830} INFO - Processing file /opt/airflow/dags/etl_incidentes_dag.py for tasks to queue
[2026-05-27T01:51:01.073+0000] {logging_mixin.py:188} INFO - [2026-05-27T01:51:01.073+0000] {dagbag.py:538} INFO - Filling up the DagBag from /opt/airflow/dags/etl_incidentes_dag.py
[2026-05-27T01:51:01.117+0000] {processor.py:840} INFO - DAG(s) 'etl_incidentes_viales_v2' retrieved from /opt/airflow/dags/etl_incidentes_dag.py
[2026-05-27T01:51:01.147+0000] {logging_mixin.py:188} INFO - [2026-05-27T01:51:01.147+0000] {dag.py:3036} INFO - Sync 1 DAGs
[2026-05-27T01:51:01.163+0000] {logging_mixin.py:188} INFO - [2026-05-27T01:51:01.163+0000] {dag.py:3823} INFO - Setting next_dagrun for etl_incidentes_viales_v2 to 2026-05-01 00:00:00+00:00, run_after=2026-06-01 00:00:00+00:00
[2026-05-27T01:51:01.180+0000] {processor.py:183} INFO - Processing /opt/airflow/dags/etl_incidentes_dag.py took 0.112 seconds
[2026-05-27T01:51:31.327+0000] {processor.py:161} INFO - Started process (PID=1009) to work on /opt/airflow/dags/etl_incidentes_dag.py
[2026-05-27T01:51:31.329+0000] {processor.py:830} INFO - Processing file /opt/airflow/dags/etl_incidentes_dag.py for tasks to queue
[2026-05-27T01:51:31.330+0000] {logging_mixin.py:188} INFO - [2026-05-27T01:51:31.329+0000] {dagbag.py:538} INFO - Filling up the DagBag from /opt/airflow/dags/etl_incidentes_dag.py
[2026-05-27T01:51:31.365+0000] {processor.py:840} INFO - DAG(s) 'etl_incidentes_viales_v2' retrieved from /opt/airflow/dags/etl_incidentes_dag.py
[2026-05-27T01:51:31.391+0000] {logging_mixin.py:188} INFO - [2026-05-27T01:51:31.391+0000] {dag.py:3036} INFO - Sync 1 DAGs
[2026-05-27T01:51:31.409+0000] {logging_mixin.py:188} INFO - [2026-05-27T01:51:31.409+0000] {dag.py:3823} INFO - Setting next_dagrun for etl_incidentes_viales_v2 to 2026-05-01 00:00:00+00:00, run_after=2026-06-01 00:00:00+00:00
[2026-05-27T01:51:31.431+0000] {processor.py:183} INFO - Processing /opt/airflow/dags/etl_incidentes_dag.py took 0.107 seconds
[2026-05-27T01:52:01.638+0000] {processor.py:161} INFO - Started process (PID=1014) to work on /opt/airflow/dags/etl_incidentes_dag.py
[2026-05-27T01:52:01.640+0000] {processor.py:830} INFO - Processing file /opt/airflow/dags/etl_incidentes_dag.py for tasks to queue
[2026-05-27T01:52:01.641+0000] {logging_mixin.py:188} INFO - [2026-05-27T01:52:01.640+0000] {dagbag.py:538} INFO - Filling up the DagBag from /opt/airflow/dags/etl_incidentes_dag.py
[2026-05-27T01:52:01.664+0000] {processor.py:840} INFO - DAG(s) 'etl_incidentes_viales_v2' retrieved from /opt/airflow/dags/etl_incidentes_dag.py
[2026-05-27T01:52:01.694+0000] {logging_mixin.py:188} INFO - [2026-05-27T01:52:01.693+0000] {dag.py:3036} INFO - Sync 1 DAGs
[2026-05-27T01:52:01.712+0000] {logging_mixin.py:188} INFO - [2026-05-27T01:52:01.712+0000] {dag.py:3823} INFO - Setting next_dagrun for etl_incidentes_viales_v2 to 2026-05-01 00:00:00+00:00, run_after=2026-06-01 00:00:00+00:00
[2026-05-27T01:52:01.732+0000] {processor.py:183} INFO - Processing /opt/airflow/dags/etl_incidentes_dag.py took 0.096 seconds
[2026-05-27T01:52:31.909+0000] {processor.py:161} INFO - Started process (PID=1019) to work on /opt/airflow/dags/etl_incidentes_dag.py
[2026-05-27T01:52:31.913+0000] {processor.py:830} INFO - Processing file /opt/airflow/dags/etl_incidentes_dag.py for tasks to queue
[2026-05-27T01:52:31.916+0000] {logging_mixin.py:188} INFO - [2026-05-27T01:52:31.915+0000] {dagbag.py:538} INFO - Filling up the DagBag from /opt/airflow/dags/etl_incidentes_dag.py
[2026-05-27T01:52:31.948+0000] {processor.py:840} INFO - DAG(s) 'etl_incidentes_viales_v2' retrieved from /opt/airflow/dags/etl_incidentes_dag.py
[2026-05-27T01:52:31.971+0000] {logging_mixin.py:188} INFO - [2026-05-27T01:52:31.971+0000] {dag.py:3036} INFO - Sync 1 DAGs
[2026-05-27T01:52:31.990+0000] {logging_mixin.py:188} INFO - [2026-05-27T01:52:31.990+0000] {dag.py:3823} INFO - Setting next_dagrun for etl_incidentes_viales_v2 to 2026-05-01 00:00:00+00:00, run_after=2026-06-01 00:00:00+00:00
[2026-05-27T01:52:32.009+0000] {processor.py:183} INFO - Processing /opt/airflow/dags/etl_incidentes_dag.py took 0.124 seconds
[2026-05-27T01:53:02.191+0000] {processor.py:161} INFO - Started process (PID=1024) to work on /opt/airflow/dags/etl_incidentes_dag.py
[2026-05-27T01:53:02.193+0000] {processor.py:830} INFO - Processing file /opt/airflow/dags/etl_incidentes_dag.py for tasks to queue
[2026-05-27T01:53:02.194+0000] {logging_mixin.py:188} INFO - [2026-05-27T01:53:02.193+0000] {dagbag.py:538} INFO - Filling up the DagBag from /opt/airflow/dags/etl_incidentes_dag.py
[2026-05-27T01:53:02.216+0000] {processor.py:840} INFO - DAG(s) 'etl_incidentes_viales_v2' retrieved from /opt/airflow/dags/etl_incidentes_dag.py
[2026-05-27T01:53:02.245+0000] {logging_mixin.py:188} INFO - [2026-05-27T01:53:02.245+0000] {dag.py:3036} INFO - Sync 1 DAGs
[2026-05-27T01:53:02.266+0000] {logging_mixin.py:188} INFO - [2026-05-27T01:53:02.266+0000] {dag.py:3823} INFO - Setting next_dagrun for etl_incidentes_viales_v2 to 2026-05-01 00:00:00+00:00, run_after=2026-06-01 00:00:00+00:00
[2026-05-27T01:53:02.291+0000] {processor.py:183} INFO - Processing /opt/airflow/dags/etl_incidentes_dag.py took 0.102 seconds
[2026-05-27T01:53:32.454+0000] {processor.py:161} INFO - Started process (PID=1029) to work on /opt/airflow/dags/etl_incidentes_dag.py
[2026-05-27T01:53:32.455+0000] {processor.py:830} INFO - Processing file /opt/airflow/dags/etl_incidentes_dag.py for tasks to queue
[2026-05-27T01:53:32.456+0000] {logging_mixin.py:188} INFO - [2026-05-27T01:53:32.456+0000] {dagbag.py:538} INFO - Filling up the DagBag from /opt/airflow/dags/etl_incidentes_dag.py
[2026-05-27T01:53:32.540+0000] {processor.py:840} INFO - DAG(s) 'etl_incidentes_viales_v2' retrieved from /opt/airflow/dags/etl_incidentes_dag.py
[2026-05-27T01:53:32.576+0000] {logging_mixin.py:188} INFO - [2026-05-27T01:53:32.576+0000] {dag.py:3036} INFO - Sync 1 DAGs
[2026-05-27T01:53:32.597+0000] {logging_mixin.py:188} INFO - [2026-05-27T01:53:32.597+0000] {dag.py:3823} INFO - Setting next_dagrun for etl_incidentes_viales_v2 to 2026-05-01 00:00:00+00:00, run_after=2026-06-01 00:00:00+00:00
[2026-05-27T01:53:32.616+0000] {processor.py:183} INFO - Processing /opt/airflow/dags/etl_incidentes_dag.py took 0.165 seconds
[2026-05-27T01:54:02.780+0000] {processor.py:161} INFO - Started process (PID=1034) to work on /opt/airflow/dags/etl_incidentes_dag.py
[2026-05-27T01:54:02.782+0000] {processor.py:830} INFO - Processing file /opt/airflow/dags/etl_incidentes_dag.py for tasks to queue
[2026-05-27T01:54:02.784+0000] {logging_mixin.py:188} INFO - [2026-05-27T01:54:02.783+0000] {dagbag.py:538} INFO - Filling up the DagBag from /opt/airflow/dags/etl_incidentes_dag.py
[2026-05-27T01:54:02.846+0000] {processor.py:840} INFO - DAG(s) 'etl_incidentes_viales_v2' retrieved from /opt/airflow/dags/etl_incidentes_dag.py
[2026-05-27T01:54:02.889+0000] {logging_mixin.py:188} INFO - [2026-05-27T01:54:02.889+0000] {dag.py:3036} INFO - Sync 1 DAGs
[2026-05-27T01:54:02.907+0000] {logging_mixin.py:188} INFO - [2026-05-27T01:54:02.907+0000] {dag.py:3823} INFO - Setting next_dagrun for etl_incidentes_viales_v2 to 2026-05-01 00:00:00+00:00, run_after=2026-06-01 00:00:00+00:00
[2026-05-27T01:54:02.930+0000] {processor.py:183} INFO - Processing /opt/airflow/dags/etl_incidentes_dag.py took 0.153 seconds
[2026-05-27T01:54:33.068+0000] {processor.py:161} INFO - Started process (PID=1039) to work on /opt/airflow/dags/etl_incidentes_dag.py
[2026-05-27T01:54:33.069+0000] {processor.py:830} INFO - Processing file /opt/airflow/dags/etl_incidentes_dag.py for tasks to queue
[2026-05-27T01:54:33.070+0000] {logging_mixin.py:188} INFO - [2026-05-27T01:54:33.070+0000] {dagbag.py:538} INFO - Filling up the DagBag from /opt/airflow/dags/etl_incidentes_dag.py
[2026-05-27T01:54:33.092+0000] {processor.py:840} INFO - DAG(s) 'etl_incidentes_viales_v2' retrieved from /opt/airflow/dags/etl_incidentes_dag.py
[2026-05-27T01:54:33.119+0000] {logging_mixin.py:188} INFO - [2026-05-27T01:54:33.119+0000] {dag.py:3036} INFO - Sync 1 DAGs
[2026-05-27T01:54:33.138+0000] {logging_mixin.py:188} INFO - [2026-05-27T01:54:33.137+0000] {dag.py:3823} INFO - Setting next_dagrun for etl_incidentes_viales_v2 to 2026-05-01 00:00:00+00:00, run_after=2026-06-01 00:00:00+00:00
[2026-05-27T01:54:33.161+0000] {processor.py:183} INFO - Processing /opt/airflow/dags/etl_incidentes_dag.py took 0.096 seconds
[2026-05-27T01:55:03.300+0000] {processor.py:161} INFO - Started process (PID=1044) to work on /opt/airflow/dags/etl_incidentes_dag.py
[2026-05-27T01:55:03.304+0000] {processor.py:830} INFO - Processing file /opt/airflow/dags/etl_incidentes_dag.py for tasks to queue
[2026-05-27T01:55:03.305+0000] {logging_mixin.py:188} INFO - [2026-05-27T01:55:03.305+0000] {dagbag.py:538} INFO - Filling up the DagBag from /opt/airflow/dags/etl_incidentes_dag.py
[2026-05-27T01:55:03.334+0000] {processor.py:840} INFO - DAG(s) 'etl_incidentes_viales_v2' retrieved from /opt/airflow/dags/etl_incidentes_dag.py
[2026-05-27T01:55:03.369+0000] {logging_mixin.py:188} INFO - [2026-05-27T01:55:03.368+0000] {dag.py:3036} INFO - Sync 1 DAGs
[2026-05-27T01:55:03.391+0000] {logging_mixin.py:188} INFO - [2026-05-27T01:55:03.390+0000] {dag.py:3823} INFO - Setting next_dagrun for etl_incidentes_viales_v2 to 2026-05-01 00:00:00+00:00, run_after=2026-06-01 00:00:00+00:00
[2026-05-27T01:55:03.413+0000] {processor.py:183} INFO - Processing /opt/airflow/dags/etl_incidentes_dag.py took 0.117 seconds
[2026-05-27T01:55:33.597+0000] {processor.py:161} INFO - Started process (PID=1049) to work on /opt/airflow/dags/etl_incidentes_dag.py
[2026-05-27T01:55:33.599+0000] {processor.py:830} INFO - Processing file /opt/airflow/dags/etl_incidentes_dag.py for tasks to queue
[2026-05-27T01:55:33.600+0000] {logging_mixin.py:188} INFO - [2026-05-27T01:55:33.600+0000] {dagbag.py:538} INFO - Filling up the DagBag from /opt/airflow/dags/etl_incidentes_dag.py
[2026-05-27T01:55:33.623+0000] {processor.py:840} INFO - DAG(s) 'etl_incidentes_viales_v2' retrieved from /opt/airflow/dags/etl_incidentes_dag.py
[2026-05-27T01:55:33.649+0000] {logging_mixin.py:188} INFO - [2026-05-27T01:55:33.649+0000] {dag.py:3036} INFO - Sync 1 DAGs
[2026-05-27T01:55:33.668+0000] {logging_mixin.py:188} INFO - [2026-05-27T01:55:33.667+0000] {dag.py:3823} INFO - Setting next_dagrun for etl_incidentes_viales_v2 to 2026-05-01 00:00:00+00:00, run_after=2026-06-01 00:00:00+00:00
[2026-05-27T01:55:33.690+0000] {processor.py:183} INFO - Processing /opt/airflow/dags/etl_incidentes_dag.py took 0.095 seconds
[2026-05-27T01:56:03.872+0000] {processor.py:161} INFO - Started process (PID=1054) to work on /opt/airflow/dags/etl_incidentes_dag.py
[2026-05-27T01:56:03.874+0000] {processor.py:830} INFO - Processing file /opt/airflow/dags/etl_incidentes_dag.py for tasks to queue
[2026-05-27T01:56:03.875+0000] {logging_mixin.py:188} INFO - [2026-05-27T01:56:03.875+0000] {dagbag.py:538} INFO - Filling up the DagBag from /opt/airflow/dags/etl_incidentes_dag.py
[2026-05-27T01:56:03.904+0000] {processor.py:840} INFO - DAG(s) 'etl_incidentes_viales_v2' retrieved from /opt/airflow/dags/etl_incidentes_dag.py
[2026-05-27T01:56:03.947+0000] {logging_mixin.py:188} INFO - [2026-05-27T01:56:03.947+0000] {dag.py:3036} INFO - Sync 1 DAGs
[2026-05-27T01:56:03.967+0000] {logging_mixin.py:188} INFO - [2026-05-27T01:56:03.967+0000] {dag.py:3823} INFO - Setting next_dagrun for etl_incidentes_viales_v2 to 2026-05-01 00:00:00+00:00, run_after=2026-06-01 00:00:00+00:00
[2026-05-27T01:56:03.986+0000] {processor.py:183} INFO - Processing /opt/airflow/dags/etl_incidentes_dag.py took 0.118 seconds
[2026-05-27T01:56:34.133+0000] {processor.py:161} INFO - Started process (PID=1059) to work on /opt/airflow/dags/etl_incidentes_dag.py
[2026-05-27T01:56:34.134+0000] {processor.py:830} INFO - Processing file /opt/airflow/dags/etl_incidentes_dag.py for tasks to queue
[2026-05-27T01:56:34.135+0000] {logging_mixin.py:188} INFO - [2026-05-27T01:56:34.135+0000] {dagbag.py:538} INFO - Filling up the DagBag from /opt/airflow/dags/etl_incidentes_dag.py
[2026-05-27T01:56:34.155+0000] {processor.py:840} INFO - DAG(s) 'etl_incidentes_viales_v2' retrieved from /opt/airflow/dags/etl_incidentes_dag.py
[2026-05-27T01:56:34.194+0000] {logging_mixin.py:188} INFO - [2026-05-27T01:56:34.194+0000] {dag.py:3036} INFO - Sync 1 DAGs
[2026-05-27T01:56:34.215+0000] {logging_mixin.py:188} INFO - [2026-05-27T01:56:34.215+0000] {dag.py:3823} INFO - Setting next_dagrun for etl_incidentes_viales_v2 to 2026-05-01 00:00:00+00:00, run_after=2026-06-01 00:00:00+00:00
[2026-05-27T01:56:34.233+0000] {processor.py:183} INFO - Processing /opt/airflow/dags/etl_incidentes_dag.py took 0.103 seconds
[2026-05-27T01:57:04.460+0000] {processor.py:161} INFO - Started process (PID=1064) to work on /opt/airflow/dags/etl_incidentes_dag.py
[2026-05-27T01:57:04.461+0000] {processor.py:830} INFO - Processing file /opt/airflow/dags/etl_incidentes_dag.py for tasks to queue
[2026-05-27T01:57:04.462+0000] {logging_mixin.py:188} INFO - [2026-05-27T01:57:04.462+0000] {dagbag.py:538} INFO - Filling up the DagBag from /opt/airflow/dags/etl_incidentes_dag.py
[2026-05-27T01:57:04.486+0000] {processor.py:840} INFO - DAG(s) 'etl_incidentes_viales_v2' retrieved from /opt/airflow/dags/etl_incidentes_dag.py
[2026-05-27T01:57:04.515+0000] {logging_mixin.py:188} INFO - [2026-05-27T01:57:04.515+0000] {dag.py:3036} INFO - Sync 1 DAGs
[2026-05-27T01:57:04.532+0000] {logging_mixin.py:188} INFO - [2026-05-27T01:57:04.532+0000] {dag.py:3823} INFO - Setting next_dagrun for etl_incidentes_viales_v2 to 2026-05-01 00:00:00+00:00, run_after=2026-06-01 00:00:00+00:00
[2026-05-27T01:57:04.552+0000] {processor.py:183} INFO - Processing /opt/airflow/dags/etl_incidentes_dag.py took 0.094 seconds
[2026-05-27T01:57:34.679+0000] {processor.py:161} INFO - Started process (PID=1069) to work on /opt/airflow/dags/etl_incidentes_dag.py
[2026-05-27T01:57:34.680+0000] {processor.py:830} INFO - Processing file /opt/airflow/dags/etl_incidentes_dag.py for tasks to queue
[2026-05-27T01:57:34.681+0000] {logging_mixin.py:188} INFO - [2026-05-27T01:57:34.681+0000] {dagbag.py:538} INFO - Filling up the DagBag from /opt/airflow/dags/etl_incidentes_dag.py
[2026-05-27T01:57:34.705+0000] {processor.py:840} INFO - DAG(s) 'etl_incidentes_viales_v2' retrieved from /opt/airflow/dags/etl_incidentes_dag.py
[2026-05-27T01:57:34.731+0000] {logging_mixin.py:188} INFO - [2026-05-27T01:57:34.731+0000] {dag.py:3036} INFO - Sync 1 DAGs
[2026-05-27T01:57:34.749+0000] {logging_mixin.py:188} INFO - [2026-05-27T01:57:34.749+0000] {dag.py:3823} INFO - Setting next_dagrun for etl_incidentes_viales_v2 to 2026-05-01 00:00:00+00:00, run_after=2026-06-01 00:00:00+00:00
[2026-05-27T01:57:34.769+0000] {processor.py:183} INFO - Processing /opt/airflow/dags/etl_incidentes_dag.py took 0.093 seconds
[2026-05-27T01:58:05.051+0000] {processor.py:161} INFO - Started process (PID=1074) to work on /opt/airflow/dags/etl_incidentes_dag.py
[2026-05-27T01:58:05.052+0000] {processor.py:830} INFO - Processing file /opt/airflow/dags/etl_incidentes_dag.py for tasks to queue
[2026-05-27T01:58:05.053+0000] {logging_mixin.py:188} INFO - [2026-05-27T01:58:05.053+0000] {dagbag.py:538} INFO - Filling up the DagBag from /opt/airflow/dags/etl_incidentes_dag.py
[2026-05-27T01:58:05.076+0000] {processor.py:840} INFO - DAG(s) 'etl_incidentes_viales_v2' retrieved from /opt/airflow/dags/etl_incidentes_dag.py
[2026-05-27T01:58:05.102+0000] {logging_mixin.py:188} INFO - [2026-05-27T01:58:05.101+0000] {dag.py:3036} INFO - Sync 1 DAGs
[2026-05-27T01:58:05.121+0000] {logging_mixin.py:188} INFO - [2026-05-27T01:58:05.121+0000] {dag.py:3823} INFO - Setting next_dagrun for etl_incidentes_viales_v2 to 2026-05-01 00:00:00+00:00, run_after=2026-06-01 00:00:00+00:00
[2026-05-27T01:58:05.142+0000] {processor.py:183} INFO - Processing /opt/airflow/dags/etl_incidentes_dag.py took 0.093 seconds
[2026-05-27T01:58:35.291+0000] {processor.py:161} INFO - Started process (PID=1079) to work on /opt/airflow/dags/etl_incidentes_dag.py
[2026-05-27T01:58:35.292+0000] {processor.py:830} INFO - Processing file /opt/airflow/dags/etl_incidentes_dag.py for tasks to queue
[2026-05-27T01:58:35.294+0000] {logging_mixin.py:188} INFO - [2026-05-27T01:58:35.293+0000] {dagbag.py:538} INFO - Filling up the DagBag from /opt/airflow/dags/etl_incidentes_dag.py
[2026-05-27T01:58:35.324+0000] {processor.py:840} INFO - DAG(s) 'etl_incidentes_viales_v2' retrieved from /opt/airflow/dags/etl_incidentes_dag.py
[2026-05-27T01:58:35.352+0000] {logging_mixin.py:188} INFO - [2026-05-27T01:58:35.352+0000] {dag.py:3036} INFO - Sync 1 DAGs
[2026-05-27T01:58:35.369+0000] {logging_mixin.py:188} INFO - [2026-05-27T01:58:35.369+0000] {dag.py:3823} INFO - Setting next_dagrun for etl_incidentes_viales_v2 to 2026-05-01 00:00:00+00:00, run_after=2026-06-01 00:00:00+00:00
[2026-05-27T01:58:35.394+0000] {processor.py:183} INFO - Processing /opt/airflow/dags/etl_incidentes_dag.py took 0.106 seconds
[2026-05-27T01:59:05.617+0000] {processor.py:161} INFO - Started process (PID=1084) to work on /opt/airflow/dags/etl_incidentes_dag.py
[2026-05-27T01:59:05.618+0000] {processor.py:830} INFO - Processing file /opt/airflow/dags/etl_incidentes_dag.py for tasks to queue
[2026-05-27T01:59:05.619+0000] {logging_mixin.py:188} INFO - [2026-05-27T01:59:05.619+0000] {dagbag.py:538} INFO - Filling up the DagBag from /opt/airflow/dags/etl_incidentes_dag.py
[2026-05-27T01:59:05.641+0000] {processor.py:840} INFO - DAG(s) 'etl_incidentes_viales_v2' retrieved from /opt/airflow/dags/etl_incidentes_dag.py
[2026-05-27T01:59:05.665+0000] {logging_mixin.py:188} INFO - [2026-05-27T01:59:05.665+0000] {dag.py:3036} INFO - Sync 1 DAGs
[2026-05-27T01:59:05.685+0000] {logging_mixin.py:188} INFO - [2026-05-27T01:59:05.685+0000] {dag.py:3823} INFO - Setting next_dagrun for etl_incidentes_viales_v2 to 2026-05-01 00:00:00+00:00, run_after=2026-06-01 00:00:00+00:00
[2026-05-27T01:59:05.703+0000] {processor.py:183} INFO - Processing /opt/airflow/dags/etl_incidentes_dag.py took 0.089 seconds
[2026-05-27T01:59:35.908+0000] {processor.py:161} INFO - Started process (PID=1089) to work on /opt/airflow/dags/etl_incidentes_dag.py
[2026-05-27T01:59:35.909+0000] {processor.py:830} INFO - Processing file /opt/airflow/dags/etl_incidentes_dag.py for tasks to queue
[2026-05-27T01:59:35.910+0000] {logging_mixin.py:188} INFO - [2026-05-27T01:59:35.910+0000] {dagbag.py:538} INFO - Filling up the DagBag from /opt/airflow/dags/etl_incidentes_dag.py
[2026-05-27T01:59:35.937+0000] {processor.py:840} INFO - DAG(s) 'etl_incidentes_viales_v2' retrieved from /opt/airflow/dags/etl_incidentes_dag.py
[2026-05-27T01:59:35.961+0000] {logging_mixin.py:188} INFO - [2026-05-27T01:59:35.961+0000] {dag.py:3036} INFO - Sync 1 DAGs
[2026-05-27T01:59:35.978+0000] {logging_mixin.py:188} INFO - [2026-05-27T01:59:35.978+0000] {dag.py:3823} INFO - Setting next_dagrun for etl_incidentes_viales_v2 to 2026-05-01 00:00:00+00:00, run_after=2026-06-01 00:00:00+00:00
[2026-05-27T01:59:35.996+0000] {processor.py:183} INFO - Processing /opt/airflow/dags/etl_incidentes_dag.py took 0.091 seconds
[2026-05-27T02:00:06.134+0000] {processor.py:161} INFO - Started process (PID=1094) to work on /opt/airflow/dags/etl_incidentes_dag.py
[2026-05-27T02:00:06.135+0000] {processor.py:830} INFO - Processing file /opt/airflow/dags/etl_incidentes_dag.py for tasks to queue
[2026-05-27T02:00:06.137+0000] {logging_mixin.py:188} INFO - [2026-05-27T02:00:06.136+0000] {dagbag.py:538} INFO - Filling up the DagBag from /opt/airflow/dags/etl_incidentes_dag.py
[2026-05-27T02:00:06.166+0000] {processor.py:840} INFO - DAG(s) 'etl_incidentes_viales_v2' retrieved from /opt/airflow/dags/etl_incidentes_dag.py
[2026-05-27T02:00:06.200+0000] {logging_mixin.py:188} INFO - [2026-05-27T02:00:06.200+0000] {dag.py:3036} INFO - Sync 1 DAGs
[2026-05-27T02:00:06.220+0000] {logging_mixin.py:188} INFO - [2026-05-27T02:00:06.220+0000] {dag.py:3823} INFO - Setting next_dagrun for etl_incidentes_viales_v2 to 2026-05-01 00:00:00+00:00, run_after=2026-06-01 00:00:00+00:00
[2026-05-27T02:00:06.240+0000] {processor.py:183} INFO - Processing /opt/airflow/dags/etl_incidentes_dag.py took 0.110 seconds
[2026-05-27T02:00:36.428+0000] {processor.py:161} INFO - Started process (PID=1099) to work on /opt/airflow/dags/etl_incidentes_dag.py
[2026-05-27T02:00:36.430+0000] {processor.py:830} INFO - Processing file /opt/airflow/dags/etl_incidentes_dag.py for tasks to queue
[2026-05-27T02:00:36.431+0000] {logging_mixin.py:188} INFO - [2026-05-27T02:00:36.430+0000] {dagbag.py:538} INFO - Filling up the DagBag from /opt/airflow/dags/etl_incidentes_dag.py
[2026-05-27T02:00:36.455+0000] {processor.py:840} INFO - DAG(s) 'etl_incidentes_viales_v2' retrieved from /opt/airflow/dags/etl_incidentes_dag.py
[2026-05-27T02:00:36.482+0000] {logging_mixin.py:188} INFO - [2026-05-27T02:00:36.482+0000] {dag.py:3036} INFO - Sync 1 DAGs
[2026-05-27T02:00:36.507+0000] {logging_mixin.py:188} INFO - [2026-05-27T02:00:36.506+0000] {dag.py:3823} INFO - Setting next_dagrun for etl_incidentes_viales_v2 to 2026-05-01 00:00:00+00:00, run_after=2026-06-01 00:00:00+00:00
[2026-05-27T02:00:36.526+0000] {processor.py:183} INFO - Processing /opt/airflow/dags/etl_incidentes_dag.py took 0.102 seconds
[2026-05-27T02:01:06.695+0000] {processor.py:161} INFO - Started process (PID=1104) to work on /opt/airflow/dags/etl_incidentes_dag.py
[2026-05-27T02:01:06.697+0000] {processor.py:830} INFO - Processing file /opt/airflow/dags/etl_incidentes_dag.py for tasks to queue
[2026-05-27T02:01:06.698+0000] {logging_mixin.py:188} INFO - [2026-05-27T02:01:06.697+0000] {dagbag.py:538} INFO - Filling up the DagBag from /opt/airflow/dags/etl_incidentes_dag.py
[2026-05-27T02:01:06.757+0000] {processor.py:840} INFO - DAG(s) 'etl_incidentes_viales_v2' retrieved from /opt/airflow/dags/etl_incidentes_dag.py
[2026-05-27T02:01:06.791+0000] {logging_mixin.py:188} INFO - [2026-05-27T02:01:06.791+0000] {dag.py:3036} INFO - Sync 1 DAGs
[2026-05-27T02:01:06.807+0000] {logging_mixin.py:188} INFO - [2026-05-27T02:01:06.807+0000] {dag.py:3823} INFO - Setting next_dagrun for etl_incidentes_viales_v2 to 2026-05-01 00:00:00+00:00, run_after=2026-06-01 00:00:00+00:00
[2026-05-27T02:01:06.826+0000] {processor.py:183} INFO - Processing /opt/airflow/dags/etl_incidentes_dag.py took 0.136 seconds
[2026-05-27T02:01:36.984+0000] {processor.py:161} INFO - Started process (PID=1109) to work on /opt/airflow/dags/etl_incidentes_dag.py
[2026-05-27T02:01:36.985+0000] {processor.py:830} INFO - Processing file /opt/airflow/dags/etl_incidentes_dag.py for tasks to queue
[2026-05-27T02:01:36.987+0000] {logging_mixin.py:188} INFO - [2026-05-27T02:01:36.986+0000] {dagbag.py:538} INFO - Filling up the DagBag from /opt/airflow/dags/etl_incidentes_dag.py
[2026-05-27T02:01:37.019+0000] {processor.py:840} INFO - DAG(s) 'etl_incidentes_viales_v2' retrieved from /opt/airflow/dags/etl_incidentes_dag.py
[2026-05-27T02:01:37.058+0000] {logging_mixin.py:188} INFO - [2026-05-27T02:01:37.057+0000] {dag.py:3036} INFO - Sync 1 DAGs
[2026-05-27T02:01:37.076+0000] {logging_mixin.py:188} INFO - [2026-05-27T02:01:37.076+0000] {dag.py:3823} INFO - Setting next_dagrun for etl_incidentes_viales_v2 to 2026-05-01 00:00:00+00:00, run_after=2026-06-01 00:00:00+00:00
[2026-05-27T02:01:37.095+0000] {processor.py:183} INFO - Processing /opt/airflow/dags/etl_incidentes_dag.py took 0.114 seconds
[2026-05-27T02:02:07.249+0000] {processor.py:161} INFO - Started process (PID=1114) to work on /opt/airflow/dags/etl_incidentes_dag.py
[2026-05-27T02:02:07.251+0000] {processor.py:830} INFO - Processing file /opt/airflow/dags/etl_incidentes_dag.py for tasks to queue
[2026-05-27T02:02:07.252+0000] {logging_mixin.py:188} INFO - [2026-05-27T02:02:07.252+0000] {dagbag.py:538} INFO - Filling up the DagBag from /opt/airflow/dags/etl_incidentes_dag.py
[2026-05-27T02:02:07.279+0000] {processor.py:840} INFO - DAG(s) 'etl_incidentes_viales_v2' retrieved from /opt/airflow/dags/etl_incidentes_dag.py
[2026-05-27T02:02:07.305+0000] {logging_mixin.py:188} INFO - [2026-05-27T02:02:07.305+0000] {dag.py:3036} INFO - Sync 1 DAGs
[2026-05-27T02:02:07.323+0000] {logging_mixin.py:188} INFO - [2026-05-27T02:02:07.323+0000] {dag.py:3823} INFO - Setting next_dagrun for etl_incidentes_viales_v2 to 2026-05-01 00:00:00+00:00, run_after=2026-06-01 00:00:00+00:00
[2026-05-27T02:02:07.346+0000] {processor.py:183} INFO - Processing /opt/airflow/dags/etl_incidentes_dag.py took 0.100 seconds
[2026-05-27T02:02:37.514+0000] {processor.py:161} INFO - Started process (PID=1119) to work on /opt/airflow/dags/etl_incidentes_dag.py
[2026-05-27T02:02:37.515+0000] {processor.py:830} INFO - Processing file /opt/airflow/dags/etl_incidentes_dag.py for tasks to queue
[2026-05-27T02:02:37.516+0000] {logging_mixin.py:188} INFO - [2026-05-27T02:02:37.516+0000] {dagbag.py:538} INFO - Filling up the DagBag from /opt/airflow/dags/etl_incidentes_dag.py
[2026-05-27T02:02:37.541+0000] {processor.py:840} INFO - DAG(s) 'etl_incidentes_viales_v2' retrieved from /opt/airflow/dags/etl_incidentes_dag.py
[2026-05-27T02:02:37.570+0000] {logging_mixin.py:188} INFO - [2026-05-27T02:02:37.569+0000] {dag.py:3036} INFO - Sync 1 DAGs
[2026-05-27T02:02:37.589+0000] {logging_mixin.py:188} INFO - [2026-05-27T02:02:37.588+0000] {dag.py:3823} INFO - Setting next_dagrun for etl_incidentes_viales_v2 to 2026-05-01 00:00:00+00:00, run_after=2026-06-01 00:00:00+00:00
[2026-05-27T02:02:37.610+0000] {processor.py:183} INFO - Processing /opt/airflow/dags/etl_incidentes_dag.py took 0.099 seconds
[2026-05-27T02:03:07.726+0000] {processor.py:161} INFO - Started process (PID=1124) to work on /opt/airflow/dags/etl_incidentes_dag.py
[2026-05-27T02:03:07.727+0000] {processor.py:830} INFO - Processing file /opt/airflow/dags/etl_incidentes_dag.py for tasks to queue
[2026-05-27T02:03:07.728+0000] {logging_mixin.py:188} INFO - [2026-05-27T02:03:07.728+0000] {dagbag.py:538} INFO - Filling up the DagBag from /opt/airflow/dags/etl_incidentes_dag.py
[2026-05-27T02:03:07.749+0000] {processor.py:840} INFO - DAG(s) 'etl_incidentes_viales_v2' retrieved from /opt/airflow/dags/etl_incidentes_dag.py
[2026-05-27T02:03:07.775+0000] {logging_mixin.py:188} INFO - [2026-05-27T02:03:07.775+0000] {dag.py:3036} INFO - Sync 1 DAGs
[2026-05-27T02:03:07.793+0000] {logging_mixin.py:188} INFO - [2026-05-27T02:03:07.792+0000] {dag.py:3823} INFO - Setting next_dagrun for etl_incidentes_viales_v2 to 2026-05-01 00:00:00+00:00, run_after=2026-06-01 00:00:00+00:00
[2026-05-27T02:03:07.814+0000] {processor.py:183} INFO - Processing /opt/airflow/dags/etl_incidentes_dag.py took 0.091 seconds
[2026-05-27T02:03:38.081+0000] {processor.py:161} INFO - Started process (PID=1129) to work on /opt/airflow/dags/etl_incidentes_dag.py
[2026-05-27T02:03:38.082+0000] {processor.py:830} INFO - Processing file /opt/airflow/dags/etl_incidentes_dag.py for tasks to queue
[2026-05-27T02:03:38.084+0000] {logging_mixin.py:188} INFO - [2026-05-27T02:03:38.084+0000] {dagbag.py:538} INFO - Filling up the DagBag from /opt/airflow/dags/etl_incidentes_dag.py
[2026-05-27T02:03:38.161+0000] {processor.py:840} INFO - DAG(s) 'etl_incidentes_viales_v2' retrieved from /opt/airflow/dags/etl_incidentes_dag.py
[2026-05-27T02:03:38.194+0000] {logging_mixin.py:188} INFO - [2026-05-27T02:03:38.194+0000] {dag.py:3036} INFO - Sync 1 DAGs
[2026-05-27T02:03:38.211+0000] {logging_mixin.py:188} INFO - [2026-05-27T02:03:38.211+0000] {dag.py:3823} INFO - Setting next_dagrun for etl_incidentes_viales_v2 to 2026-05-01 00:00:00+00:00, run_after=2026-06-01 00:00:00+00:00
[2026-05-27T02:03:38.231+0000] {processor.py:183} INFO - Processing /opt/airflow/dags/etl_incidentes_dag.py took 0.152 seconds
[2026-05-27T02:04:08.453+0000] {processor.py:161} INFO - Started process (PID=1134) to work on /opt/airflow/dags/etl_incidentes_dag.py
[2026-05-27T02:04:08.454+0000] {processor.py:830} INFO - Processing file /opt/airflow/dags/etl_incidentes_dag.py for tasks to queue
[2026-05-27T02:04:08.456+0000] {logging_mixin.py:188} INFO - [2026-05-27T02:04:08.455+0000] {dagbag.py:538} INFO - Filling up the DagBag from /opt/airflow/dags/etl_incidentes_dag.py
[2026-05-27T02:04:08.479+0000] {processor.py:840} INFO - DAG(s) 'etl_incidentes_viales_v2' retrieved from /opt/airflow/dags/etl_incidentes_dag.py
[2026-05-27T02:04:08.504+0000] {logging_mixin.py:188} INFO - [2026-05-27T02:04:08.504+0000] {dag.py:3036} INFO - Sync 1 DAGs
[2026-05-27T02:04:08.522+0000] {logging_mixin.py:188} INFO - [2026-05-27T02:04:08.522+0000] {dag.py:3823} INFO - Setting next_dagrun for etl_incidentes_viales_v2 to 2026-05-01 00:00:00+00:00, run_after=2026-06-01 00:00:00+00:00
[2026-05-27T02:04:08.545+0000] {processor.py:183} INFO - Processing /opt/airflow/dags/etl_incidentes_dag.py took 0.095 seconds
[2026-05-27T02:04:38.724+0000] {processor.py:161} INFO - Started process (PID=1139) to work on /opt/airflow/dags/etl_incidentes_dag.py
[2026-05-27T02:04:38.726+0000] {processor.py:830} INFO - Processing file /opt/airflow/dags/etl_incidentes_dag.py for tasks to queue
[2026-05-27T02:04:38.728+0000] {logging_mixin.py:188} INFO - [2026-05-27T02:04:38.727+0000] {dagbag.py:538} INFO - Filling up the DagBag from /opt/airflow/dags/etl_incidentes_dag.py
[2026-05-27T02:04:38.768+0000] {processor.py:840} INFO - DAG(s) 'etl_incidentes_viales_v2' retrieved from /opt/airflow/dags/etl_incidentes_dag.py
[2026-05-27T02:04:38.803+0000] {logging_mixin.py:188} INFO - [2026-05-27T02:04:38.803+0000] {dag.py:3036} INFO - Sync 1 DAGs
[2026-05-27T02:04:38.828+0000] {logging_mixin.py:188} INFO - [2026-05-27T02:04:38.828+0000] {dag.py:3823} INFO - Setting next_dagrun for etl_incidentes_viales_v2 to 2026-05-01 00:00:00+00:00, run_after=2026-06-01 00:00:00+00:00
[2026-05-27T02:04:38.853+0000] {processor.py:183} INFO - Processing /opt/airflow/dags/etl_incidentes_dag.py took 0.132 seconds
[2026-05-27T02:05:08.973+0000] {processor.py:161} INFO - Started process (PID=1144) to work on /opt/airflow/dags/etl_incidentes_dag.py
[2026-05-27T02:05:08.974+0000] {processor.py:830} INFO - Processing file /opt/airflow/dags/etl_incidentes_dag.py for tasks to queue
[2026-05-27T02:05:08.976+0000] {logging_mixin.py:188} INFO - [2026-05-27T02:05:08.975+0000] {dagbag.py:538} INFO - Filling up the DagBag from /opt/airflow/dags/etl_incidentes_dag.py
[2026-05-27T02:05:09.000+0000] {processor.py:840} INFO - DAG(s) 'etl_incidentes_viales_v2' retrieved from /opt/airflow/dags/etl_incidentes_dag.py
[2026-05-27T02:05:09.029+0000] {logging_mixin.py:188} INFO - [2026-05-27T02:05:09.029+0000] {dag.py:3036} INFO - Sync 1 DAGs
[2026-05-27T02:05:09.050+0000] {logging_mixin.py:188} INFO - [2026-05-27T02:05:09.050+0000] {dag.py:3823} INFO - Setting next_dagrun for etl_incidentes_viales_v2 to 2026-05-01 00:00:00+00:00, run_after=2026-06-01 00:00:00+00:00
[2026-05-27T02:05:09.070+0000] {processor.py:183} INFO - Processing /opt/airflow/dags/etl_incidentes_dag.py took 0.100 seconds
[2026-05-27T02:05:39.319+0000] {processor.py:161} INFO - Started process (PID=1149) to work on /opt/airflow/dags/etl_incidentes_dag.py
[2026-05-27T02:05:39.320+0000] {processor.py:830} INFO - Processing file /opt/airflow/dags/etl_incidentes_dag.py for tasks to queue
[2026-05-27T02:05:39.321+0000] {logging_mixin.py:188} INFO - [2026-05-27T02:05:39.321+0000] {dagbag.py:538} INFO - Filling up the DagBag from /opt/airflow/dags/etl_incidentes_dag.py
[2026-05-27T02:05:39.343+0000] {processor.py:840} INFO - DAG(s) 'etl_incidentes_viales_v2' retrieved from /opt/airflow/dags/etl_incidentes_dag.py
[2026-05-27T02:05:39.375+0000] {logging_mixin.py:188} INFO - [2026-05-27T02:05:39.375+0000] {dag.py:3036} INFO - Sync 1 DAGs
[2026-05-27T02:05:39.394+0000] {logging_mixin.py:188} INFO - [2026-05-27T02:05:39.394+0000] {dag.py:3823} INFO - Setting next_dagrun for etl_incidentes_viales_v2 to 2026-05-01 00:00:00+00:00, run_after=2026-06-01 00:00:00+00:00
[2026-05-27T02:05:39.414+0000] {processor.py:183} INFO - Processing /opt/airflow/dags/etl_incidentes_dag.py took 0.098 seconds
[2026-05-27T02:06:09.557+0000] {processor.py:161} INFO - Started process (PID=1154) to work on /opt/airflow/dags/etl_incidentes_dag.py
[2026-05-27T02:06:09.559+0000] {processor.py:830} INFO - Processing file /opt/airflow/dags/etl_incidentes_dag.py for tasks to queue
[2026-05-27T02:06:09.560+0000] {logging_mixin.py:188} INFO - [2026-05-27T02:06:09.559+0000] {dagbag.py:538} INFO - Filling up the DagBag from /opt/airflow/dags/etl_incidentes_dag.py
[2026-05-27T02:06:09.621+0000] {processor.py:840} INFO - DAG(s) 'etl_incidentes_viales_v2' retrieved from /opt/airflow/dags/etl_incidentes_dag.py
[2026-05-27T02:06:09.646+0000] {logging_mixin.py:188} INFO - [2026-05-27T02:06:09.646+0000] {dag.py:3036} INFO - Sync 1 DAGs
[2026-05-27T02:06:09.662+0000] {logging_mixin.py:188} INFO - [2026-05-27T02:06:09.662+0000] {dag.py:3823} INFO - Setting next_dagrun for etl_incidentes_viales_v2 to 2026-05-01 00:00:00+00:00, run_after=2026-06-01 00:00:00+00:00
[2026-05-27T02:06:09.683+0000] {processor.py:183} INFO - Processing /opt/airflow/dags/etl_incidentes_dag.py took 0.129 seconds
[2026-05-27T02:06:39.932+0000] {processor.py:161} INFO - Started process (PID=1159) to work on /opt/airflow/dags/etl_incidentes_dag.py
[2026-05-27T02:06:39.934+0000] {processor.py:830} INFO - Processing file /opt/airflow/dags/etl_incidentes_dag.py for tasks to queue
[2026-05-27T02:06:39.937+0000] {logging_mixin.py:188} INFO - [2026-05-27T02:06:39.937+0000] {dagbag.py:538} INFO - Filling up the DagBag from /opt/airflow/dags/etl_incidentes_dag.py
[2026-05-27T02:06:40.016+0000] {processor.py:840} INFO - DAG(s) 'etl_incidentes_viales_v2' retrieved from /opt/airflow/dags/etl_incidentes_dag.py
[2026-05-27T02:06:40.046+0000] {logging_mixin.py:188} INFO - [2026-05-27T02:06:40.046+0000] {dag.py:3036} INFO - Sync 1 DAGs
[2026-05-27T02:06:40.064+0000] {logging_mixin.py:188} INFO - [2026-05-27T02:06:40.064+0000] {dag.py:3823} INFO - Setting next_dagrun for etl_incidentes_viales_v2 to 2026-05-01 00:00:00+00:00, run_after=2026-06-01 00:00:00+00:00
[2026-05-27T02:06:40.092+0000] {processor.py:183} INFO - Processing /opt/airflow/dags/etl_incidentes_dag.py took 0.162 seconds
[2026-05-27T02:07:10.186+0000] {processor.py:161} INFO - Started process (PID=1164) to work on /opt/airflow/dags/etl_incidentes_dag.py
[2026-05-27T02:07:10.187+0000] {processor.py:830} INFO - Processing file /opt/airflow/dags/etl_incidentes_dag.py for tasks to queue
[2026-05-27T02:07:10.189+0000] {logging_mixin.py:188} INFO - [2026-05-27T02:07:10.189+0000] {dagbag.py:538} INFO - Filling up the DagBag from /opt/airflow/dags/etl_incidentes_dag.py
[2026-05-27T02:07:10.241+0000] {processor.py:840} INFO - DAG(s) 'etl_incidentes_viales_v2' retrieved from /opt/airflow/dags/etl_incidentes_dag.py
[2026-05-27T02:07:10.272+0000] {logging_mixin.py:188} INFO - [2026-05-27T02:07:10.272+0000] {dag.py:3036} INFO - Sync 1 DAGs
[2026-05-27T02:07:10.290+0000] {logging_mixin.py:188} INFO - [2026-05-27T02:07:10.289+0000] {dag.py:3823} INFO - Setting next_dagrun for etl_incidentes_viales_v2 to 2026-05-01 00:00:00+00:00, run_after=2026-06-01 00:00:00+00:00
[2026-05-27T02:07:10.312+0000] {processor.py:183} INFO - Processing /opt/airflow/dags/etl_incidentes_dag.py took 0.129 seconds
[2026-05-27T02:07:40.634+0000] {processor.py:161} INFO - Started process (PID=1169) to work on /opt/airflow/dags/etl_incidentes_dag.py
[2026-05-27T02:07:40.635+0000] {processor.py:830} INFO - Processing file /opt/airflow/dags/etl_incidentes_dag.py for tasks to queue
[2026-05-27T02:07:40.639+0000] {logging_mixin.py:188} INFO - [2026-05-27T02:07:40.638+0000] {dagbag.py:538} INFO - Filling up the DagBag from /opt/airflow/dags/etl_incidentes_dag.py
[2026-05-27T02:07:40.723+0000] {processor.py:840} INFO - DAG(s) 'etl_incidentes_viales_v2' retrieved from /opt/airflow/dags/etl_incidentes_dag.py
[2026-05-27T02:07:40.765+0000] {logging_mixin.py:188} INFO - [2026-05-27T02:07:40.764+0000] {dag.py:3036} INFO - Sync 1 DAGs
[2026-05-27T02:07:40.781+0000] {logging_mixin.py:188} INFO - [2026-05-27T02:07:40.780+0000] {dag.py:3823} INFO - Setting next_dagrun for etl_incidentes_viales_v2 to 2026-05-01 00:00:00+00:00, run_after=2026-06-01 00:00:00+00:00
[2026-05-27T02:07:40.802+0000] {processor.py:183} INFO - Processing /opt/airflow/dags/etl_incidentes_dag.py took 0.170 seconds
[2026-05-27T02:08:11.034+0000] {processor.py:161} INFO - Started process (PID=1174) to work on /opt/airflow/dags/etl_incidentes_dag.py
[2026-05-27T02:08:11.035+0000] {processor.py:830} INFO - Processing file /opt/airflow/dags/etl_incidentes_dag.py for tasks to queue
[2026-05-27T02:08:11.036+0000] {logging_mixin.py:188} INFO - [2026-05-27T02:08:11.036+0000] {dagbag.py:538} INFO - Filling up the DagBag from /opt/airflow/dags/etl_incidentes_dag.py
[2026-05-27T02:08:11.062+0000] {processor.py:840} INFO - DAG(s) 'etl_incidentes_viales_v2' retrieved from /opt/airflow/dags/etl_incidentes_dag.py
[2026-05-27T02:08:11.090+0000] {logging_mixin.py:188} INFO - [2026-05-27T02:08:11.090+0000] {dag.py:3036} INFO - Sync 1 DAGs
[2026-05-27T02:08:11.110+0000] {logging_mixin.py:188} INFO - [2026-05-27T02:08:11.110+0000] {dag.py:3823} INFO - Setting next_dagrun for etl_incidentes_viales_v2 to 2026-05-01 00:00:00+00:00, run_after=2026-06-01 00:00:00+00:00
[2026-05-27T02:08:11.127+0000] {processor.py:183} INFO - Processing /opt/airflow/dags/etl_incidentes_dag.py took 0.097 seconds
[2026-05-27T02:08:41.237+0000] {processor.py:161} INFO - Started process (PID=1179) to work on /opt/airflow/dags/etl_incidentes_dag.py
[2026-05-27T02:08:41.238+0000] {processor.py:830} INFO - Processing file /opt/airflow/dags/etl_incidentes_dag.py for tasks to queue
[2026-05-27T02:08:41.239+0000] {logging_mixin.py:188} INFO - [2026-05-27T02:08:41.239+0000] {dagbag.py:538} INFO - Filling up the DagBag from /opt/airflow/dags/etl_incidentes_dag.py
[2026-05-27T02:08:41.264+0000] {processor.py:840} INFO - DAG(s) 'etl_incidentes_viales_v2' retrieved from /opt/airflow/dags/etl_incidentes_dag.py
[2026-05-27T02:08:41.292+0000] {logging_mixin.py:188} INFO - [2026-05-27T02:08:41.291+0000] {dag.py:3036} INFO - Sync 1 DAGs
[2026-05-27T02:08:41.310+0000] {logging_mixin.py:188} INFO - [2026-05-27T02:08:41.310+0000] {dag.py:3823} INFO - Setting next_dagrun for etl_incidentes_viales_v2 to 2026-05-01 00:00:00+00:00, run_after=2026-06-01 00:00:00+00:00
[2026-05-27T02:08:41.332+0000] {processor.py:183} INFO - Processing /opt/airflow/dags/etl_incidentes_dag.py took 0.099 seconds
[2026-05-27T02:09:11.574+0000] {processor.py:161} INFO - Started process (PID=1184) to work on /opt/airflow/dags/etl_incidentes_dag.py
[2026-05-27T02:09:11.575+0000] {processor.py:830} INFO - Processing file /opt/airflow/dags/etl_incidentes_dag.py for tasks to queue
[2026-05-27T02:09:11.576+0000] {logging_mixin.py:188} INFO - [2026-05-27T02:09:11.576+0000] {dagbag.py:538} INFO - Filling up the DagBag from /opt/airflow/dags/etl_incidentes_dag.py
[2026-05-27T02:09:11.607+0000] {processor.py:840} INFO - DAG(s) 'etl_incidentes_viales_v2' retrieved from /opt/airflow/dags/etl_incidentes_dag.py
[2026-05-27T02:09:11.638+0000] {logging_mixin.py:188} INFO - [2026-05-27T02:09:11.637+0000] {dag.py:3036} INFO - Sync 1 DAGs
[2026-05-27T02:09:11.659+0000] {logging_mixin.py:188} INFO - [2026-05-27T02:09:11.659+0000] {dag.py:3823} INFO - Setting next_dagrun for etl_incidentes_viales_v2 to 2026-05-01 00:00:00+00:00, run_after=2026-06-01 00:00:00+00:00
[2026-05-27T02:09:11.684+0000] {processor.py:183} INFO - Processing /opt/airflow/dags/etl_incidentes_dag.py took 0.113 seconds
[2026-05-27T02:09:41.803+0000] {processor.py:161} INFO - Started process (PID=1189) to work on /opt/airflow/dags/etl_incidentes_dag.py
[2026-05-27T02:09:41.804+0000] {processor.py:830} INFO - Processing file /opt/airflow/dags/etl_incidentes_dag.py for tasks to queue
[2026-05-27T02:09:41.805+0000] {logging_mixin.py:188} INFO - [2026-05-27T02:09:41.805+0000] {dagbag.py:538} INFO - Filling up the DagBag from /opt/airflow/dags/etl_incidentes_dag.py
[2026-05-27T02:09:41.832+0000] {processor.py:840} INFO - DAG(s) 'etl_incidentes_viales_v2' retrieved from /opt/airflow/dags/etl_incidentes_dag.py
[2026-05-27T02:09:41.868+0000] {logging_mixin.py:188} INFO - [2026-05-27T02:09:41.868+0000] {dag.py:3036} INFO - Sync 1 DAGs
[2026-05-27T02:09:41.889+0000] {logging_mixin.py:188} INFO - [2026-05-27T02:09:41.889+0000] {dag.py:3823} INFO - Setting next_dagrun for etl_incidentes_viales_v2 to 2026-05-01 00:00:00+00:00, run_after=2026-06-01 00:00:00+00:00
[2026-05-27T02:09:41.910+0000] {processor.py:183} INFO - Processing /opt/airflow/dags/etl_incidentes_dag.py took 0.111 seconds
[2026-05-27T02:10:12.114+0000] {processor.py:161} INFO - Started process (PID=1194) to work on /opt/airflow/dags/etl_incidentes_dag.py
[2026-05-27T02:10:12.115+0000] {processor.py:830} INFO - Processing file /opt/airflow/dags/etl_incidentes_dag.py for tasks to queue
[2026-05-27T02:10:12.116+0000] {logging_mixin.py:188} INFO - [2026-05-27T02:10:12.116+0000] {dagbag.py:538} INFO - Filling up the DagBag from /opt/airflow/dags/etl_incidentes_dag.py
[2026-05-27T02:10:12.137+0000] {processor.py:840} INFO - DAG(s) 'etl_incidentes_viales_v2' retrieved from /opt/airflow/dags/etl_incidentes_dag.py
[2026-05-27T02:10:12.161+0000] {logging_mixin.py:188} INFO - [2026-05-27T02:10:12.161+0000] {dag.py:3036} INFO - Sync 1 DAGs
[2026-05-27T02:10:12.179+0000] {logging_mixin.py:188} INFO - [2026-05-27T02:10:12.179+0000] {dag.py:3823} INFO - Setting next_dagrun for etl_incidentes_viales_v2 to 2026-05-01 00:00:00+00:00, run_after=2026-06-01 00:00:00+00:00
[2026-05-27T02:10:12.197+0000] {processor.py:183} INFO - Processing /opt/airflow/dags/etl_incidentes_dag.py took 0.085 seconds
[2026-05-27T02:10:42.328+0000] {processor.py:161} INFO - Started process (PID=1199) to work on /opt/airflow/dags/etl_incidentes_dag.py
[2026-05-27T02:10:42.329+0000] {processor.py:830} INFO - Processing file /opt/airflow/dags/etl_incidentes_dag.py for tasks to queue
[2026-05-27T02:10:42.331+0000] {logging_mixin.py:188} INFO - [2026-05-27T02:10:42.330+0000] {dagbag.py:538} INFO - Filling up the DagBag from /opt/airflow/dags/etl_incidentes_dag.py
[2026-05-27T02:10:42.359+0000] {processor.py:840} INFO - DAG(s) 'etl_incidentes_viales_v2' retrieved from /opt/airflow/dags/etl_incidentes_dag.py
[2026-05-27T02:10:42.387+0000] {logging_mixin.py:188} INFO - [2026-05-27T02:10:42.387+0000] {dag.py:3036} INFO - Sync 1 DAGs
[2026-05-27T02:10:42.411+0000] {logging_mixin.py:188} INFO - [2026-05-27T02:10:42.410+0000] {dag.py:3823} INFO - Setting next_dagrun for etl_incidentes_viales_v2 to 2026-05-01 00:00:00+00:00, run_after=2026-06-01 00:00:00+00:00
[2026-05-27T02:10:42.441+0000] {processor.py:183} INFO - Processing /opt/airflow/dags/etl_incidentes_dag.py took 0.116 seconds
[2026-05-27T02:11:12.605+0000] {processor.py:161} INFO - Started process (PID=1204) to work on /opt/airflow/dags/etl_incidentes_dag.py
[2026-05-27T02:11:12.607+0000] {processor.py:830} INFO - Processing file /opt/airflow/dags/etl_incidentes_dag.py for tasks to queue
[2026-05-27T02:11:12.608+0000] {logging_mixin.py:188} INFO - [2026-05-27T02:11:12.608+0000] {dagbag.py:538} INFO - Filling up the DagBag from /opt/airflow/dags/etl_incidentes_dag.py
[2026-05-27T02:11:12.627+0000] {processor.py:840} INFO - DAG(s) 'etl_incidentes_viales_v2' retrieved from /opt/airflow/dags/etl_incidentes_dag.py
[2026-05-27T02:11:12.668+0000] {logging_mixin.py:188} INFO - [2026-05-27T02:11:12.668+0000] {dag.py:3036} INFO - Sync 1 DAGs
[2026-05-27T02:11:12.687+0000] {logging_mixin.py:188} INFO - [2026-05-27T02:11:12.686+0000] {dag.py:3823} INFO - Setting next_dagrun for etl_incidentes_viales_v2 to 2026-05-01 00:00:00+00:00, run_after=2026-06-01 00:00:00+00:00
[2026-05-27T02:11:12.709+0000] {processor.py:183} INFO - Processing /opt/airflow/dags/etl_incidentes_dag.py took 0.106 seconds
[2026-05-27T02:11:42.983+0000] {processor.py:161} INFO - Started process (PID=1209) to work on /opt/airflow/dags/etl_incidentes_dag.py
[2026-05-27T02:11:42.984+0000] {processor.py:830} INFO - Processing file /opt/airflow/dags/etl_incidentes_dag.py for tasks to queue
[2026-05-27T02:11:42.985+0000] {logging_mixin.py:188} INFO - [2026-05-27T02:11:42.985+0000] {dagbag.py:538} INFO - Filling up the DagBag from /opt/airflow/dags/etl_incidentes_dag.py
[2026-05-27T02:11:43.007+0000] {processor.py:840} INFO - DAG(s) 'etl_incidentes_viales_v2' retrieved from /opt/airflow/dags/etl_incidentes_dag.py
[2026-05-27T02:11:43.030+0000] {logging_mixin.py:188} INFO - [2026-05-27T02:11:43.030+0000] {dag.py:3036} INFO - Sync 1 DAGs
[2026-05-27T02:11:43.048+0000] {logging_mixin.py:188} INFO - [2026-05-27T02:11:43.048+0000] {dag.py:3823} INFO - Setting next_dagrun for etl_incidentes_viales_v2 to 2026-05-01 00:00:00+00:00, run_after=2026-06-01 00:00:00+00:00
[2026-05-27T02:11:43.063+0000] {processor.py:183} INFO - Processing /opt/airflow/dags/etl_incidentes_dag.py took 0.084 seconds
[2026-05-27T02:12:13.214+0000] {processor.py:161} INFO - Started process (PID=1214) to work on /opt/airflow/dags/etl_incidentes_dag.py
[2026-05-27T02:12:13.216+0000] {processor.py:830} INFO - Processing file /opt/airflow/dags/etl_incidentes_dag.py for tasks to queue
[2026-05-27T02:12:13.217+0000] {logging_mixin.py:188} INFO - [2026-05-27T02:12:13.217+0000] {dagbag.py:538} INFO - Filling up the DagBag from /opt/airflow/dags/etl_incidentes_dag.py
[2026-05-27T02:12:13.239+0000] {processor.py:840} INFO - DAG(s) 'etl_incidentes_viales_v2' retrieved from /opt/airflow/dags/etl_incidentes_dag.py
[2026-05-27T02:12:13.266+0000] {logging_mixin.py:188} INFO - [2026-05-27T02:12:13.265+0000] {dag.py:3036} INFO - Sync 1 DAGs
[2026-05-27T02:12:13.285+0000] {logging_mixin.py:188} INFO - [2026-05-27T02:12:13.285+0000] {dag.py:3823} INFO - Setting next_dagrun for etl_incidentes_viales_v2 to 2026-05-01 00:00:00+00:00, run_after=2026-06-01 00:00:00+00:00
[2026-05-27T02:12:13.308+0000] {processor.py:183} INFO - Processing /opt/airflow/dags/etl_incidentes_dag.py took 0.097 seconds
[2026-05-27T02:12:43.545+0000] {processor.py:161} INFO - Started process (PID=1219) to work on /opt/airflow/dags/etl_incidentes_dag.py
[2026-05-27T02:12:43.546+0000] {processor.py:830} INFO - Processing file /opt/airflow/dags/etl_incidentes_dag.py for tasks to queue
[2026-05-27T02:12:43.547+0000] {logging_mixin.py:188} INFO - [2026-05-27T02:12:43.547+0000] {dagbag.py:538} INFO - Filling up the DagBag from /opt/airflow/dags/etl_incidentes_dag.py
[2026-05-27T02:12:43.571+0000] {processor.py:840} INFO - DAG(s) 'etl_incidentes_viales_v2' retrieved from /opt/airflow/dags/etl_incidentes_dag.py
[2026-05-27T02:12:43.598+0000] {logging_mixin.py:188} INFO - [2026-05-27T02:12:43.598+0000] {dag.py:3036} INFO - Sync 1 DAGs
[2026-05-27T02:12:43.622+0000] {logging_mixin.py:188} INFO - [2026-05-27T02:12:43.621+0000] {dag.py:3823} INFO - Setting next_dagrun for etl_incidentes_viales_v2 to 2026-05-01 00:00:00+00:00, run_after=2026-06-01 00:00:00+00:00
[2026-05-27T02:12:43.641+0000] {processor.py:183} INFO - Processing /opt/airflow/dags/etl_incidentes_dag.py took 0.099 seconds
[2026-05-27T02:13:13.821+0000] {processor.py:161} INFO - Started process (PID=1224) to work on /opt/airflow/dags/etl_incidentes_dag.py
[2026-05-27T02:13:13.822+0000] {processor.py:830} INFO - Processing file /opt/airflow/dags/etl_incidentes_dag.py for tasks to queue
[2026-05-27T02:13:13.823+0000] {logging_mixin.py:188} INFO - [2026-05-27T02:13:13.822+0000] {dagbag.py:538} INFO - Filling up the DagBag from /opt/airflow/dags/etl_incidentes_dag.py
[2026-05-27T02:13:13.844+0000] {processor.py:840} INFO - DAG(s) 'etl_incidentes_viales_v2' retrieved from /opt/airflow/dags/etl_incidentes_dag.py
[2026-05-27T02:13:13.870+0000] {logging_mixin.py:188} INFO - [2026-05-27T02:13:13.869+0000] {dag.py:3036} INFO - Sync 1 DAGs
[2026-05-27T02:13:13.886+0000] {logging_mixin.py:188} INFO - [2026-05-27T02:13:13.885+0000] {dag.py:3823} INFO - Setting next_dagrun for etl_incidentes_viales_v2 to 2026-05-01 00:00:00+00:00, run_after=2026-06-01 00:00:00+00:00
[2026-05-27T02:13:13.901+0000] {processor.py:183} INFO - Processing /opt/airflow/dags/etl_incidentes_dag.py took 0.083 seconds
[2026-05-27T02:13:44.125+0000] {processor.py:161} INFO - Started process (PID=1229) to work on /opt/airflow/dags/etl_incidentes_dag.py
[2026-05-27T02:13:44.127+0000] {processor.py:830} INFO - Processing file /opt/airflow/dags/etl_incidentes_dag.py for tasks to queue
[2026-05-27T02:13:44.130+0000] {logging_mixin.py:188} INFO - [2026-05-27T02:13:44.130+0000] {dagbag.py:538} INFO - Filling up the DagBag from /opt/airflow/dags/etl_incidentes_dag.py
[2026-05-27T02:13:44.170+0000] {processor.py:840} INFO - DAG(s) 'etl_incidentes_viales_v2' retrieved from /opt/airflow/dags/etl_incidentes_dag.py
[2026-05-27T02:13:44.204+0000] {logging_mixin.py:188} INFO - [2026-05-27T02:13:44.203+0000] {dag.py:3036} INFO - Sync 1 DAGs
[2026-05-27T02:13:44.222+0000] {logging_mixin.py:188} INFO - [2026-05-27T02:13:44.222+0000] {dag.py:3823} INFO - Setting next_dagrun for etl_incidentes_viales_v2 to 2026-05-01 00:00:00+00:00, run_after=2026-06-01 00:00:00+00:00
[2026-05-27T02:13:44.242+0000] {processor.py:183} INFO - Processing /opt/airflow/dags/etl_incidentes_dag.py took 0.120 seconds
[2026-05-27T02:14:14.438+0000] {processor.py:161} INFO - Started process (PID=1234) to work on /opt/airflow/dags/etl_incidentes_dag.py
[2026-05-27T02:14:14.439+0000] {processor.py:830} INFO - Processing file /opt/airflow/dags/etl_incidentes_dag.py for tasks to queue
[2026-05-27T02:14:14.440+0000] {logging_mixin.py:188} INFO - [2026-05-27T02:14:14.440+0000] {dagbag.py:538} INFO - Filling up the DagBag from /opt/airflow/dags/etl_incidentes_dag.py
[2026-05-27T02:14:14.464+0000] {processor.py:840} INFO - DAG(s) 'etl_incidentes_viales_v2' retrieved from /opt/airflow/dags/etl_incidentes_dag.py
[2026-05-27T02:14:14.493+0000] {logging_mixin.py:188} INFO - [2026-05-27T02:14:14.492+0000] {dag.py:3036} INFO - Sync 1 DAGs
[2026-05-27T02:14:14.514+0000] {logging_mixin.py:188} INFO - [2026-05-27T02:14:14.514+0000] {dag.py:3823} INFO - Setting next_dagrun for etl_incidentes_viales_v2 to 2026-05-01 00:00:00+00:00, run_after=2026-06-01 00:00:00+00:00
[2026-05-27T02:14:14.533+0000] {processor.py:183} INFO - Processing /opt/airflow/dags/etl_incidentes_dag.py took 0.099 seconds
[2026-05-27T02:14:44.682+0000] {processor.py:161} INFO - Started process (PID=1239) to work on /opt/airflow/dags/etl_incidentes_dag.py
[2026-05-27T02:14:44.684+0000] {processor.py:830} INFO - Processing file /opt/airflow/dags/etl_incidentes_dag.py for tasks to queue
[2026-05-27T02:14:44.686+0000] {logging_mixin.py:188} INFO - [2026-05-27T02:14:44.686+0000] {dagbag.py:538} INFO - Filling up the DagBag from /opt/airflow/dags/etl_incidentes_dag.py
[2026-05-27T02:14:44.709+0000] {processor.py:840} INFO - DAG(s) 'etl_incidentes_viales_v2' retrieved from /opt/airflow/dags/etl_incidentes_dag.py
[2026-05-27T02:14:44.738+0000] {logging_mixin.py:188} INFO - [2026-05-27T02:14:44.737+0000] {dag.py:3036} INFO - Sync 1 DAGs
[2026-05-27T02:14:44.757+0000] {logging_mixin.py:188} INFO - [2026-05-27T02:14:44.757+0000] {dag.py:3823} INFO - Setting next_dagrun for etl_incidentes_viales_v2 to 2026-05-01 00:00:00+00:00, run_after=2026-06-01 00:00:00+00:00
[2026-05-27T02:14:44.776+0000] {processor.py:183} INFO - Processing /opt/airflow/dags/etl_incidentes_dag.py took 0.097 seconds
[2026-05-27T02:15:15.065+0000] {processor.py:161} INFO - Started process (PID=1244) to work on /opt/airflow/dags/etl_incidentes_dag.py
[2026-05-27T02:15:15.066+0000] {processor.py:830} INFO - Processing file /opt/airflow/dags/etl_incidentes_dag.py for tasks to queue
[2026-05-27T02:15:15.067+0000] {logging_mixin.py:188} INFO - [2026-05-27T02:15:15.067+0000] {dagbag.py:538} INFO - Filling up the DagBag from /opt/airflow/dags/etl_incidentes_dag.py
[2026-05-27T02:15:15.088+0000] {processor.py:840} INFO - DAG(s) 'etl_incidentes_viales_v2' retrieved from /opt/airflow/dags/etl_incidentes_dag.py
[2026-05-27T02:15:15.115+0000] {logging_mixin.py:188} INFO - [2026-05-27T02:15:15.115+0000] {dag.py:3036} INFO - Sync 1 DAGs
[2026-05-27T02:15:15.136+0000] {logging_mixin.py:188} INFO - [2026-05-27T02:15:15.135+0000] {dag.py:3823} INFO - Setting next_dagrun for etl_incidentes_viales_v2 to 2026-05-01 00:00:00+00:00, run_after=2026-06-01 00:00:00+00:00
[2026-05-27T02:15:15.155+0000] {processor.py:183} INFO - Processing /opt/airflow/dags/etl_incidentes_dag.py took 0.093 seconds
[2026-05-27T02:15:45.288+0000] {processor.py:161} INFO - Started process (PID=1249) to work on /opt/airflow/dags/etl_incidentes_dag.py
[2026-05-27T02:15:45.290+0000] {processor.py:830} INFO - Processing file /opt/airflow/dags/etl_incidentes_dag.py for tasks to queue
[2026-05-27T02:15:45.291+0000] {logging_mixin.py:188} INFO - [2026-05-27T02:15:45.291+0000] {dagbag.py:538} INFO - Filling up the DagBag from /opt/airflow/dags/etl_incidentes_dag.py
[2026-05-27T02:15:45.318+0000] {processor.py:840} INFO - DAG(s) 'etl_incidentes_viales_v2' retrieved from /opt/airflow/dags/etl_incidentes_dag.py
[2026-05-27T02:15:45.347+0000] {logging_mixin.py:188} INFO - [2026-05-27T02:15:45.346+0000] {dag.py:3036} INFO - Sync 1 DAGs
[2026-05-27T02:15:45.368+0000] {logging_mixin.py:188} INFO - [2026-05-27T02:15:45.368+0000] {dag.py:3823} INFO - Setting next_dagrun for etl_incidentes_viales_v2 to 2026-05-01 00:00:00+00:00, run_after=2026-06-01 00:00:00+00:00
[2026-05-27T02:15:45.392+0000] {processor.py:183} INFO - Processing /opt/airflow/dags/etl_incidentes_dag.py took 0.107 seconds
[2026-05-27T02:16:15.646+0000] {processor.py:161} INFO - Started process (PID=1254) to work on /opt/airflow/dags/etl_incidentes_dag.py
[2026-05-27T02:16:15.647+0000] {processor.py:830} INFO - Processing file /opt/airflow/dags/etl_incidentes_dag.py for tasks to queue
[2026-05-27T02:16:15.648+0000] {logging_mixin.py:188} INFO - [2026-05-27T02:16:15.647+0000] {dagbag.py:538} INFO - Filling up the DagBag from /opt/airflow/dags/etl_incidentes_dag.py
[2026-05-27T02:16:15.672+0000] {processor.py:840} INFO - DAG(s) 'etl_incidentes_viales_v2' retrieved from /opt/airflow/dags/etl_incidentes_dag.py
[2026-05-27T02:16:15.697+0000] {logging_mixin.py:188} INFO - [2026-05-27T02:16:15.697+0000] {dag.py:3036} INFO - Sync 1 DAGs
[2026-05-27T02:16:15.716+0000] {logging_mixin.py:188} INFO - [2026-05-27T02:16:15.715+0000] {dag.py:3823} INFO - Setting next_dagrun for etl_incidentes_viales_v2 to 2026-05-01 00:00:00+00:00, run_after=2026-06-01 00:00:00+00:00
[2026-05-27T02:16:15.735+0000] {processor.py:183} INFO - Processing /opt/airflow/dags/etl_incidentes_dag.py took 0.092 seconds
[2026-05-27T02:16:45.860+0000] {processor.py:161} INFO - Started process (PID=1259) to work on /opt/airflow/dags/etl_incidentes_dag.py
[2026-05-27T02:16:45.862+0000] {processor.py:830} INFO - Processing file /opt/airflow/dags/etl_incidentes_dag.py for tasks to queue
[2026-05-27T02:16:45.863+0000] {logging_mixin.py:188} INFO - [2026-05-27T02:16:45.863+0000] {dagbag.py:538} INFO - Filling up the DagBag from /opt/airflow/dags/etl_incidentes_dag.py
[2026-05-27T02:16:45.895+0000] {processor.py:840} INFO - DAG(s) 'etl_incidentes_viales_v2' retrieved from /opt/airflow/dags/etl_incidentes_dag.py
[2026-05-27T02:16:45.921+0000] {logging_mixin.py:188} INFO - [2026-05-27T02:16:45.921+0000] {dag.py:3036} INFO - Sync 1 DAGs
[2026-05-27T02:16:45.942+0000] {logging_mixin.py:188} INFO - [2026-05-27T02:16:45.942+0000] {dag.py:3823} INFO - Setting next_dagrun for etl_incidentes_viales_v2 to 2026-05-01 00:00:00+00:00, run_after=2026-06-01 00:00:00+00:00
[2026-05-27T02:16:45.962+0000] {processor.py:183} INFO - Processing /opt/airflow/dags/etl_incidentes_dag.py took 0.106 seconds
[2026-05-27T02:17:16.192+0000] {processor.py:161} INFO - Started process (PID=1264) to work on /opt/airflow/dags/etl_incidentes_dag.py
[2026-05-27T02:17:16.193+0000] {processor.py:830} INFO - Processing file /opt/airflow/dags/etl_incidentes_dag.py for tasks to queue
[2026-05-27T02:17:16.194+0000] {logging_mixin.py:188} INFO - [2026-05-27T02:17:16.194+0000] {dagbag.py:538} INFO - Filling up the DagBag from /opt/airflow/dags/etl_incidentes_dag.py
[2026-05-27T02:17:16.240+0000] {processor.py:840} INFO - DAG(s) 'etl_incidentes_viales_v2' retrieved from /opt/airflow/dags/etl_incidentes_dag.py
[2026-05-27T02:17:16.266+0000] {logging_mixin.py:188} INFO - [2026-05-27T02:17:16.266+0000] {dag.py:3036} INFO - Sync 1 DAGs
[2026-05-27T02:17:16.284+0000] {logging_mixin.py:188} INFO - [2026-05-27T02:17:16.284+0000] {dag.py:3823} INFO - Setting next_dagrun for etl_incidentes_viales_v2 to 2026-05-01 00:00:00+00:00, run_after=2026-06-01 00:00:00+00:00
[2026-05-27T02:17:16.305+0000] {processor.py:183} INFO - Processing /opt/airflow/dags/etl_incidentes_dag.py took 0.116 seconds
[2026-05-27T02:17:46.439+0000] {processor.py:161} INFO - Started process (PID=1269) to work on /opt/airflow/dags/etl_incidentes_dag.py
[2026-05-27T02:17:46.441+0000] {processor.py:830} INFO - Processing file /opt/airflow/dags/etl_incidentes_dag.py for tasks to queue
[2026-05-27T02:17:46.441+0000] {logging_mixin.py:188} INFO - [2026-05-27T02:17:46.441+0000] {dagbag.py:538} INFO - Filling up the DagBag from /opt/airflow/dags/etl_incidentes_dag.py
[2026-05-27T02:17:46.467+0000] {processor.py:840} INFO - DAG(s) 'etl_incidentes_viales_v2' retrieved from /opt/airflow/dags/etl_incidentes_dag.py
[2026-05-27T02:17:46.496+0000] {logging_mixin.py:188} INFO - [2026-05-27T02:17:46.495+0000] {dag.py:3036} INFO - Sync 1 DAGs
[2026-05-27T02:17:46.513+0000] {logging_mixin.py:188} INFO - [2026-05-27T02:17:46.513+0000] {dag.py:3823} INFO - Setting next_dagrun for etl_incidentes_viales_v2 to 2026-05-01 00:00:00+00:00, run_after=2026-06-01 00:00:00+00:00
[2026-05-27T02:17:46.532+0000] {processor.py:183} INFO - Processing /opt/airflow/dags/etl_incidentes_dag.py took 0.096 seconds
[2026-05-27T02:18:16.783+0000] {processor.py:161} INFO - Started process (PID=1274) to work on /opt/airflow/dags/etl_incidentes_dag.py
[2026-05-27T02:18:16.784+0000] {processor.py:830} INFO - Processing file /opt/airflow/dags/etl_incidentes_dag.py for tasks to queue
[2026-05-27T02:18:16.785+0000] {logging_mixin.py:188} INFO - [2026-05-27T02:18:16.785+0000] {dagbag.py:538} INFO - Filling up the DagBag from /opt/airflow/dags/etl_incidentes_dag.py
[2026-05-27T02:18:16.813+0000] {processor.py:840} INFO - DAG(s) 'etl_incidentes_viales_v2' retrieved from /opt/airflow/dags/etl_incidentes_dag.py
[2026-05-27T02:18:16.845+0000] {logging_mixin.py:188} INFO - [2026-05-27T02:18:16.844+0000] {dag.py:3036} INFO - Sync 1 DAGs
[2026-05-27T02:18:16.863+0000] {logging_mixin.py:188} INFO - [2026-05-27T02:18:16.863+0000] {dag.py:3823} INFO - Setting next_dagrun for etl_incidentes_viales_v2 to 2026-05-01 00:00:00+00:00, run_after=2026-06-01 00:00:00+00:00
[2026-05-27T02:18:16.889+0000] {processor.py:183} INFO - Processing /opt/airflow/dags/etl_incidentes_dag.py took 0.108 seconds
[2026-05-27T02:18:47.030+0000] {processor.py:161} INFO - Started process (PID=1279) to work on /opt/airflow/dags/etl_incidentes_dag.py
[2026-05-27T02:18:47.032+0000] {processor.py:830} INFO - Processing file /opt/airflow/dags/etl_incidentes_dag.py for tasks to queue
[2026-05-27T02:18:47.033+0000] {logging_mixin.py:188} INFO - [2026-05-27T02:18:47.033+0000] {dagbag.py:538} INFO - Filling up the DagBag from /opt/airflow/dags/etl_incidentes_dag.py
[2026-05-27T02:18:47.063+0000] {processor.py:840} INFO - DAG(s) 'etl_incidentes_viales_v2' retrieved from /opt/airflow/dags/etl_incidentes_dag.py
[2026-05-27T02:18:47.101+0000] {logging_mixin.py:188} INFO - [2026-05-27T02:18:47.100+0000] {dag.py:3036} INFO - Sync 1 DAGs
[2026-05-27T02:18:47.125+0000] {logging_mixin.py:188} INFO - [2026-05-27T02:18:47.125+0000] {dag.py:3823} INFO - Setting next_dagrun for etl_incidentes_viales_v2 to 2026-05-01 00:00:00+00:00, run_after=2026-06-01 00:00:00+00:00
[2026-05-27T02:18:47.152+0000] {processor.py:183} INFO - Processing /opt/airflow/dags/etl_incidentes_dag.py took 0.127 seconds
[2026-05-27T02:19:17.327+0000] {processor.py:161} INFO - Started process (PID=1284) to work on /opt/airflow/dags/etl_incidentes_dag.py
[2026-05-27T02:19:17.328+0000] {processor.py:830} INFO - Processing file /opt/airflow/dags/etl_incidentes_dag.py for tasks to queue
[2026-05-27T02:19:17.329+0000] {logging_mixin.py:188} INFO - [2026-05-27T02:19:17.329+0000] {dagbag.py:538} INFO - Filling up the DagBag from /opt/airflow/dags/etl_incidentes_dag.py
[2026-05-27T02:19:17.354+0000] {processor.py:840} INFO - DAG(s) 'etl_incidentes_viales_v2' retrieved from /opt/airflow/dags/etl_incidentes_dag.py
[2026-05-27T02:19:17.379+0000] {logging_mixin.py:188} INFO - [2026-05-27T02:19:17.379+0000] {dag.py:3036} INFO - Sync 1 DAGs
[2026-05-27T02:19:17.398+0000] {logging_mixin.py:188} INFO - [2026-05-27T02:19:17.398+0000] {dag.py:3823} INFO - Setting next_dagrun for etl_incidentes_viales_v2 to 2026-05-01 00:00:00+00:00, run_after=2026-06-01 00:00:00+00:00
[2026-05-27T02:19:17.420+0000] {processor.py:183} INFO - Processing /opt/airflow/dags/etl_incidentes_dag.py took 0.098 seconds
[2026-05-27T02:19:47.606+0000] {processor.py:161} INFO - Started process (PID=1289) to work on /opt/airflow/dags/etl_incidentes_dag.py
[2026-05-27T02:19:47.607+0000] {processor.py:830} INFO - Processing file /opt/airflow/dags/etl_incidentes_dag.py for tasks to queue
[2026-05-27T02:19:47.608+0000] {logging_mixin.py:188} INFO - [2026-05-27T02:19:47.608+0000] {dagbag.py:538} INFO - Filling up the DagBag from /opt/airflow/dags/etl_incidentes_dag.py
[2026-05-27T02:19:47.632+0000] {processor.py:840} INFO - DAG(s) 'etl_incidentes_viales_v2' retrieved from /opt/airflow/dags/etl_incidentes_dag.py
[2026-05-27T02:19:47.662+0000] {logging_mixin.py:188} INFO - [2026-05-27T02:19:47.662+0000] {dag.py:3036} INFO - Sync 1 DAGs
[2026-05-27T02:19:47.686+0000] {logging_mixin.py:188} INFO - [2026-05-27T02:19:47.685+0000] {dag.py:3823} INFO - Setting next_dagrun for etl_incidentes_viales_v2 to 2026-05-01 00:00:00+00:00, run_after=2026-06-01 00:00:00+00:00
[2026-05-27T02:19:47.706+0000] {processor.py:183} INFO - Processing /opt/airflow/dags/etl_incidentes_dag.py took 0.103 seconds
[2026-05-27T02:20:17.917+0000] {processor.py:161} INFO - Started process (PID=1294) to work on /opt/airflow/dags/etl_incidentes_dag.py
[2026-05-27T02:20:17.920+0000] {processor.py:830} INFO - Processing file /opt/airflow/dags/etl_incidentes_dag.py for tasks to queue
[2026-05-27T02:20:17.922+0000] {logging_mixin.py:188} INFO - [2026-05-27T02:20:17.921+0000] {dagbag.py:538} INFO - Filling up the DagBag from /opt/airflow/dags/etl_incidentes_dag.py
[2026-05-27T02:20:17.981+0000] {processor.py:840} INFO - DAG(s) 'etl_incidentes_viales_v2' retrieved from /opt/airflow/dags/etl_incidentes_dag.py
[2026-05-27T02:20:18.014+0000] {logging_mixin.py:188} INFO - [2026-05-27T02:20:18.014+0000] {dag.py:3036} INFO - Sync 1 DAGs
[2026-05-27T02:20:18.034+0000] {logging_mixin.py:188} INFO - [2026-05-27T02:20:18.034+0000] {dag.py:3823} INFO - Setting next_dagrun for etl_incidentes_viales_v2 to 2026-05-01 00:00:00+00:00, run_after=2026-06-01 00:00:00+00:00
[2026-05-27T02:20:18.052+0000] {processor.py:183} INFO - Processing /opt/airflow/dags/etl_incidentes_dag.py took 0.137 seconds
[2026-05-27T02:20:48.148+0000] {processor.py:161} INFO - Started process (PID=1299) to work on /opt/airflow/dags/etl_incidentes_dag.py
[2026-05-27T02:20:48.149+0000] {processor.py:830} INFO - Processing file /opt/airflow/dags/etl_incidentes_dag.py for tasks to queue
[2026-05-27T02:20:48.150+0000] {logging_mixin.py:188} INFO - [2026-05-27T02:20:48.149+0000] {dagbag.py:538} INFO - Filling up the DagBag from /opt/airflow/dags/etl_incidentes_dag.py
[2026-05-27T02:20:48.173+0000] {processor.py:840} INFO - DAG(s) 'etl_incidentes_viales_v2' retrieved from /opt/airflow/dags/etl_incidentes_dag.py
[2026-05-27T02:20:48.199+0000] {logging_mixin.py:188} INFO - [2026-05-27T02:20:48.198+0000] {dag.py:3036} INFO - Sync 1 DAGs
[2026-05-27T02:20:48.218+0000] {logging_mixin.py:188} INFO - [2026-05-27T02:20:48.217+0000] {dag.py:3823} INFO - Setting next_dagrun for etl_incidentes_viales_v2 to 2026-05-01 00:00:00+00:00, run_after=2026-06-01 00:00:00+00:00
[2026-05-27T02:20:48.238+0000] {processor.py:183} INFO - Processing /opt/airflow/dags/etl_incidentes_dag.py took 0.093 seconds
[2026-05-27T02:21:18.475+0000] {processor.py:161} INFO - Started process (PID=1304) to work on /opt/airflow/dags/etl_incidentes_dag.py
[2026-05-27T02:21:18.477+0000] {processor.py:830} INFO - Processing file /opt/airflow/dags/etl_incidentes_dag.py for tasks to queue
[2026-05-27T02:21:18.478+0000] {logging_mixin.py:188} INFO - [2026-05-27T02:21:18.478+0000] {dagbag.py:538} INFO - Filling up the DagBag from /opt/airflow/dags/etl_incidentes_dag.py
[2026-05-27T02:21:18.509+0000] {processor.py:840} INFO - DAG(s) 'etl_incidentes_viales_v2' retrieved from /opt/airflow/dags/etl_incidentes_dag.py
[2026-05-27T02:21:18.536+0000] {logging_mixin.py:188} INFO - [2026-05-27T02:21:18.536+0000] {dag.py:3036} INFO - Sync 1 DAGs
[2026-05-27T02:21:18.555+0000] {logging_mixin.py:188} INFO - [2026-05-27T02:21:18.555+0000] {dag.py:3823} INFO - Setting next_dagrun for etl_incidentes_viales_v2 to 2026-05-01 00:00:00+00:00, run_after=2026-06-01 00:00:00+00:00
[2026-05-27T02:21:18.572+0000] {processor.py:183} INFO - Processing /opt/airflow/dags/etl_incidentes_dag.py took 0.099 seconds
[2026-05-27T02:21:48.776+0000] {processor.py:161} INFO - Started process (PID=1309) to work on /opt/airflow/dags/etl_incidentes_dag.py
[2026-05-27T02:21:48.778+0000] {processor.py:830} INFO - Processing file /opt/airflow/dags/etl_incidentes_dag.py for tasks to queue
[2026-05-27T02:21:48.780+0000] {logging_mixin.py:188} INFO - [2026-05-27T02:21:48.780+0000] {dagbag.py:538} INFO - Filling up the DagBag from /opt/airflow/dags/etl_incidentes_dag.py
[2026-05-27T02:21:48.833+0000] {processor.py:840} INFO - DAG(s) 'etl_incidentes_viales_v2' retrieved from /opt/airflow/dags/etl_incidentes_dag.py
[2026-05-27T02:21:48.861+0000] {logging_mixin.py:188} INFO - [2026-05-27T02:21:48.861+0000] {dag.py:3036} INFO - Sync 1 DAGs
[2026-05-27T02:21:48.881+0000] {logging_mixin.py:188} INFO - [2026-05-27T02:21:48.880+0000] {dag.py:3823} INFO - Setting next_dagrun for etl_incidentes_viales_v2 to 2026-05-01 00:00:00+00:00, run_after=2026-06-01 00:00:00+00:00
[2026-05-27T02:21:48.905+0000] {processor.py:183} INFO - Processing /opt/airflow/dags/etl_incidentes_dag.py took 0.131 seconds
[2026-05-27T02:22:19.020+0000] {processor.py:161} INFO - Started process (PID=1314) to work on /opt/airflow/dags/etl_incidentes_dag.py
[2026-05-27T02:22:19.022+0000] {processor.py:830} INFO - Processing file /opt/airflow/dags/etl_incidentes_dag.py for tasks to queue
[2026-05-27T02:22:19.023+0000] {logging_mixin.py:188} INFO - [2026-05-27T02:22:19.023+0000] {dagbag.py:538} INFO - Filling up the DagBag from /opt/airflow/dags/etl_incidentes_dag.py
[2026-05-27T02:22:19.077+0000] {processor.py:840} INFO - DAG(s) 'etl_incidentes_viales_v2' retrieved from /opt/airflow/dags/etl_incidentes_dag.py
[2026-05-27T02:22:19.106+0000] {logging_mixin.py:188} INFO - [2026-05-27T02:22:19.106+0000] {dag.py:3036} INFO - Sync 1 DAGs
[2026-05-27T02:22:19.127+0000] {logging_mixin.py:188} INFO - [2026-05-27T02:22:19.127+0000] {dag.py:3823} INFO - Setting next_dagrun for etl_incidentes_viales_v2 to 2026-05-01 00:00:00+00:00, run_after=2026-06-01 00:00:00+00:00
[2026-05-27T02:22:19.147+0000] {processor.py:183} INFO - Processing /opt/airflow/dags/etl_incidentes_dag.py took 0.131 seconds
[2026-05-27T02:22:49.362+0000] {processor.py:161} INFO - Started process (PID=1319) to work on /opt/airflow/dags/etl_incidentes_dag.py
[2026-05-27T02:22:49.363+0000] {processor.py:830} INFO - Processing file /opt/airflow/dags/etl_incidentes_dag.py for tasks to queue
[2026-05-27T02:22:49.364+0000] {logging_mixin.py:188} INFO - [2026-05-27T02:22:49.364+0000] {dagbag.py:538} INFO - Filling up the DagBag from /opt/airflow/dags/etl_incidentes_dag.py
[2026-05-27T02:22:49.400+0000] {processor.py:840} INFO - DAG(s) 'etl_incidentes_viales_v2' retrieved from /opt/airflow/dags/etl_incidentes_dag.py
[2026-05-27T02:22:49.427+0000] {logging_mixin.py:188} INFO - [2026-05-27T02:22:49.426+0000] {dag.py:3036} INFO - Sync 1 DAGs
[2026-05-27T02:22:49.445+0000] {logging_mixin.py:188} INFO - [2026-05-27T02:22:49.444+0000] {dag.py:3823} INFO - Setting next_dagrun for etl_incidentes_viales_v2 to 2026-05-01 00:00:00+00:00, run_after=2026-06-01 00:00:00+00:00
[2026-05-27T02:22:49.463+0000] {processor.py:183} INFO - Processing /opt/airflow/dags/etl_incidentes_dag.py took 0.104 seconds
[2026-05-27T02:23:19.569+0000] {processor.py:161} INFO - Started process (PID=1324) to work on /opt/airflow/dags/etl_incidentes_dag.py
[2026-05-27T02:23:19.570+0000] {processor.py:830} INFO - Processing file /opt/airflow/dags/etl_incidentes_dag.py for tasks to queue
[2026-05-27T02:23:19.572+0000] {logging_mixin.py:188} INFO - [2026-05-27T02:23:19.571+0000] {dagbag.py:538} INFO - Filling up the DagBag from /opt/airflow/dags/etl_incidentes_dag.py
[2026-05-27T02:23:19.593+0000] {processor.py:840} INFO - DAG(s) 'etl_incidentes_viales_v2' retrieved from /opt/airflow/dags/etl_incidentes_dag.py
[2026-05-27T02:23:19.620+0000] {logging_mixin.py:188} INFO - [2026-05-27T02:23:19.619+0000] {dag.py:3036} INFO - Sync 1 DAGs
[2026-05-27T02:23:19.637+0000] {logging_mixin.py:188} INFO - [2026-05-27T02:23:19.637+0000] {dag.py:3823} INFO - Setting next_dagrun for etl_incidentes_viales_v2 to 2026-05-01 00:00:00+00:00, run_after=2026-06-01 00:00:00+00:00
[2026-05-27T02:23:19.662+0000] {processor.py:183} INFO - Processing /opt/airflow/dags/etl_incidentes_dag.py took 0.095 seconds
[2026-05-27T02:23:49.955+0000] {processor.py:161} INFO - Started process (PID=1329) to work on /opt/airflow/dags/etl_incidentes_dag.py
[2026-05-27T02:23:49.958+0000] {processor.py:830} INFO - Processing file /opt/airflow/dags/etl_incidentes_dag.py for tasks to queue
[2026-05-27T02:23:49.960+0000] {logging_mixin.py:188} INFO - [2026-05-27T02:23:49.960+0000] {dagbag.py:538} INFO - Filling up the DagBag from /opt/airflow/dags/etl_incidentes_dag.py
[2026-05-27T02:23:50.007+0000] {processor.py:840} INFO - DAG(s) 'etl_incidentes_viales_v2' retrieved from /opt/airflow/dags/etl_incidentes_dag.py
[2026-05-27T02:23:50.031+0000] {logging_mixin.py:188} INFO - [2026-05-27T02:23:50.030+0000] {dag.py:3036} INFO - Sync 1 DAGs
[2026-05-27T02:23:50.047+0000] {logging_mixin.py:188} INFO - [2026-05-27T02:23:50.047+0000] {dag.py:3823} INFO - Setting next_dagrun for etl_incidentes_viales_v2 to 2026-05-01 00:00:00+00:00, run_after=2026-06-01 00:00:00+00:00
[2026-05-27T02:23:50.067+0000] {processor.py:183} INFO - Processing /opt/airflow/dags/etl_incidentes_dag.py took 0.114 seconds
[2026-05-27T02:24:20.409+0000] {processor.py:161} INFO - Started process (PID=1334) to work on /opt/airflow/dags/etl_incidentes_dag.py
[2026-05-27T02:24:20.412+0000] {processor.py:830} INFO - Processing file /opt/airflow/dags/etl_incidentes_dag.py for tasks to queue
[2026-05-27T02:24:20.414+0000] {logging_mixin.py:188} INFO - [2026-05-27T02:24:20.414+0000] {dagbag.py:538} INFO - Filling up the DagBag from /opt/airflow/dags/etl_incidentes_dag.py
[2026-05-27T02:24:20.502+0000] {processor.py:840} INFO - DAG(s) 'etl_incidentes_viales_v2' retrieved from /opt/airflow/dags/etl_incidentes_dag.py
[2026-05-27T02:24:20.545+0000] {logging_mixin.py:188} INFO - [2026-05-27T02:24:20.545+0000] {dag.py:3036} INFO - Sync 1 DAGs
[2026-05-27T02:24:20.565+0000] {logging_mixin.py:188} INFO - [2026-05-27T02:24:20.565+0000] {dag.py:3823} INFO - Setting next_dagrun for etl_incidentes_viales_v2 to 2026-05-01 00:00:00+00:00, run_after=2026-06-01 00:00:00+00:00
[2026-05-27T02:24:20.586+0000] {processor.py:183} INFO - Processing /opt/airflow/dags/etl_incidentes_dag.py took 0.178 seconds
[2026-05-27T02:24:50.878+0000] {processor.py:161} INFO - Started process (PID=1339) to work on /opt/airflow/dags/etl_incidentes_dag.py
[2026-05-27T02:24:50.880+0000] {processor.py:830} INFO - Processing file /opt/airflow/dags/etl_incidentes_dag.py for tasks to queue
[2026-05-27T02:24:50.881+0000] {logging_mixin.py:188} INFO - [2026-05-27T02:24:50.881+0000] {dagbag.py:538} INFO - Filling up the DagBag from /opt/airflow/dags/etl_incidentes_dag.py
[2026-05-27T02:24:50.933+0000] {processor.py:840} INFO - DAG(s) 'etl_incidentes_viales_v2' retrieved from /opt/airflow/dags/etl_incidentes_dag.py
[2026-05-27T02:24:50.958+0000] {logging_mixin.py:188} INFO - [2026-05-27T02:24:50.957+0000] {dag.py:3036} INFO - Sync 1 DAGs
[2026-05-27T02:24:50.974+0000] {logging_mixin.py:188} INFO - [2026-05-27T02:24:50.973+0000] {dag.py:3823} INFO - Setting next_dagrun for etl_incidentes_viales_v2 to 2026-05-01 00:00:00+00:00, run_after=2026-06-01 00:00:00+00:00
[2026-05-27T02:24:50.996+0000] {processor.py:183} INFO - Processing /opt/airflow/dags/etl_incidentes_dag.py took 0.121 seconds
[2026-05-27T02:25:21.123+0000] {processor.py:161} INFO - Started process (PID=1344) to work on /opt/airflow/dags/etl_incidentes_dag.py
[2026-05-27T02:25:21.126+0000] {processor.py:830} INFO - Processing file /opt/airflow/dags/etl_incidentes_dag.py for tasks to queue
[2026-05-27T02:25:21.127+0000] {logging_mixin.py:188} INFO - [2026-05-27T02:25:21.127+0000] {dagbag.py:538} INFO - Filling up the DagBag from /opt/airflow/dags/etl_incidentes_dag.py
[2026-05-27T02:25:21.157+0000] {processor.py:840} INFO - DAG(s) 'etl_incidentes_viales_v2' retrieved from /opt/airflow/dags/etl_incidentes_dag.py
[2026-05-27T02:25:21.197+0000] {logging_mixin.py:188} INFO - [2026-05-27T02:25:21.197+0000] {dag.py:3036} INFO - Sync 1 DAGs
[2026-05-27T02:25:21.215+0000] {logging_mixin.py:188} INFO - [2026-05-27T02:25:21.214+0000] {dag.py:3823} INFO - Setting next_dagrun for etl_incidentes_viales_v2 to 2026-05-01 00:00:00+00:00, run_after=2026-06-01 00:00:00+00:00
[2026-05-27T02:25:21.242+0000] {processor.py:183} INFO - Processing /opt/airflow/dags/etl_incidentes_dag.py took 0.121 seconds
[2026-05-27T02:25:51.529+0000] {processor.py:161} INFO - Started process (PID=1349) to work on /opt/airflow/dags/etl_incidentes_dag.py
[2026-05-27T02:25:51.530+0000] {processor.py:830} INFO - Processing file /opt/airflow/dags/etl_incidentes_dag.py for tasks to queue
[2026-05-27T02:25:51.531+0000] {logging_mixin.py:188} INFO - [2026-05-27T02:25:51.531+0000] {dagbag.py:538} INFO - Filling up the DagBag from /opt/airflow/dags/etl_incidentes_dag.py
[2026-05-27T02:25:51.554+0000] {processor.py:840} INFO - DAG(s) 'etl_incidentes_viales_v2' retrieved from /opt/airflow/dags/etl_incidentes_dag.py
[2026-05-27T02:25:51.581+0000] {logging_mixin.py:188} INFO - [2026-05-27T02:25:51.580+0000] {dag.py:3036} INFO - Sync 1 DAGs
[2026-05-27T02:25:51.601+0000] {logging_mixin.py:188} INFO - [2026-05-27T02:25:51.601+0000] {dag.py:3823} INFO - Setting next_dagrun for etl_incidentes_viales_v2 to 2026-05-01 00:00:00+00:00, run_after=2026-06-01 00:00:00+00:00
[2026-05-27T02:25:51.620+0000] {processor.py:183} INFO - Processing /opt/airflow/dags/etl_incidentes_dag.py took 0.093 seconds
[2026-05-27T02:26:21.820+0000] {processor.py:161} INFO - Started process (PID=1354) to work on /opt/airflow/dags/etl_incidentes_dag.py
[2026-05-27T02:26:21.821+0000] {processor.py:830} INFO - Processing file /opt/airflow/dags/etl_incidentes_dag.py for tasks to queue
[2026-05-27T02:26:21.823+0000] {logging_mixin.py:188} INFO - [2026-05-27T02:26:21.823+0000] {dagbag.py:538} INFO - Filling up the DagBag from /opt/airflow/dags/etl_incidentes_dag.py
[2026-05-27T02:26:21.881+0000] {processor.py:840} INFO - DAG(s) 'etl_incidentes_viales_v2' retrieved from /opt/airflow/dags/etl_incidentes_dag.py
[2026-05-27T02:26:21.914+0000] {logging_mixin.py:188} INFO - [2026-05-27T02:26:21.914+0000] {dag.py:3036} INFO - Sync 1 DAGs
[2026-05-27T02:26:21.931+0000] {logging_mixin.py:188} INFO - [2026-05-27T02:26:21.931+0000] {dag.py:3823} INFO - Setting next_dagrun for etl_incidentes_viales_v2 to 2026-05-01 00:00:00+00:00, run_after=2026-06-01 00:00:00+00:00
[2026-05-27T02:26:21.949+0000] {processor.py:183} INFO - Processing /opt/airflow/dags/etl_incidentes_dag.py took 0.132 seconds
[2026-05-27T02:26:52.083+0000] {processor.py:161} INFO - Started process (PID=1359) to work on /opt/airflow/dags/etl_incidentes_dag.py
[2026-05-27T02:26:52.085+0000] {processor.py:830} INFO - Processing file /opt/airflow/dags/etl_incidentes_dag.py for tasks to queue
[2026-05-27T02:26:52.087+0000] {logging_mixin.py:188} INFO - [2026-05-27T02:26:52.087+0000] {dagbag.py:538} INFO - Filling up the DagBag from /opt/airflow/dags/etl_incidentes_dag.py
[2026-05-27T02:26:52.110+0000] {processor.py:840} INFO - DAG(s) 'etl_incidentes_viales_v2' retrieved from /opt/airflow/dags/etl_incidentes_dag.py
[2026-05-27T02:26:52.148+0000] {logging_mixin.py:188} INFO - [2026-05-27T02:26:52.148+0000] {dag.py:3036} INFO - Sync 1 DAGs
[2026-05-27T02:26:52.167+0000] {logging_mixin.py:188} INFO - [2026-05-27T02:26:52.167+0000] {dag.py:3823} INFO - Setting next_dagrun for etl_incidentes_viales_v2 to 2026-05-01 00:00:00+00:00, run_after=2026-06-01 00:00:00+00:00
[2026-05-27T02:26:52.188+0000] {processor.py:183} INFO - Processing /opt/airflow/dags/etl_incidentes_dag.py took 0.108 seconds
[2026-05-27T02:27:22.488+0000] {processor.py:161} INFO - Started process (PID=1364) to work on /opt/airflow/dags/etl_incidentes_dag.py
[2026-05-27T02:27:22.490+0000] {processor.py:830} INFO - Processing file /opt/airflow/dags/etl_incidentes_dag.py for tasks to queue
[2026-05-27T02:27:22.491+0000] {logging_mixin.py:188} INFO - [2026-05-27T02:27:22.491+0000] {dagbag.py:538} INFO - Filling up the DagBag from /opt/airflow/dags/etl_incidentes_dag.py
[2026-05-27T02:27:22.542+0000] {processor.py:840} INFO - DAG(s) 'etl_incidentes_viales_v2' retrieved from /opt/airflow/dags/etl_incidentes_dag.py
[2026-05-27T02:27:22.566+0000] {logging_mixin.py:188} INFO - [2026-05-27T02:27:22.566+0000] {dag.py:3036} INFO - Sync 1 DAGs
[2026-05-27T02:27:22.583+0000] {logging_mixin.py:188} INFO - [2026-05-27T02:27:22.582+0000] {dag.py:3823} INFO - Setting next_dagrun for etl_incidentes_viales_v2 to 2026-05-01 00:00:00+00:00, run_after=2026-06-01 00:00:00+00:00
[2026-05-27T02:27:22.601+0000] {processor.py:183} INFO - Processing /opt/airflow/dags/etl_incidentes_dag.py took 0.115 seconds
[2026-05-27T02:27:52.780+0000] {processor.py:161} INFO - Started process (PID=1369) to work on /opt/airflow/dags/etl_incidentes_dag.py
[2026-05-27T02:27:52.781+0000] {processor.py:830} INFO - Processing file /opt/airflow/dags/etl_incidentes_dag.py for tasks to queue
[2026-05-27T02:27:52.787+0000] {logging_mixin.py:188} INFO - [2026-05-27T02:27:52.787+0000] {dagbag.py:538} INFO - Filling up the DagBag from /opt/airflow/dags/etl_incidentes_dag.py
[2026-05-27T02:27:52.826+0000] {processor.py:840} INFO - DAG(s) 'etl_incidentes_viales_v2' retrieved from /opt/airflow/dags/etl_incidentes_dag.py
[2026-05-27T02:27:52.852+0000] {logging_mixin.py:188} INFO - [2026-05-27T02:27:52.852+0000] {dag.py:3036} INFO - Sync 1 DAGs
[2026-05-27T02:27:52.870+0000] {logging_mixin.py:188} INFO - [2026-05-27T02:27:52.870+0000] {dag.py:3823} INFO - Setting next_dagrun for etl_incidentes_viales_v2 to 2026-05-01 00:00:00+00:00, run_after=2026-06-01 00:00:00+00:00
[2026-05-27T02:27:52.892+0000] {processor.py:183} INFO - Processing /opt/airflow/dags/etl_incidentes_dag.py took 0.114 seconds
[2026-05-27T02:28:23.042+0000] {processor.py:161} INFO - Started process (PID=1374) to work on /opt/airflow/dags/etl_incidentes_dag.py
[2026-05-27T02:28:23.043+0000] {processor.py:830} INFO - Processing file /opt/airflow/dags/etl_incidentes_dag.py for tasks to queue
[2026-05-27T02:28:23.044+0000] {logging_mixin.py:188} INFO - [2026-05-27T02:28:23.043+0000] {dagbag.py:538} INFO - Filling up the DagBag from /opt/airflow/dags/etl_incidentes_dag.py
[2026-05-27T02:28:23.066+0000] {processor.py:840} INFO - DAG(s) 'etl_incidentes_viales_v2' retrieved from /opt/airflow/dags/etl_incidentes_dag.py
[2026-05-27T02:28:23.090+0000] {logging_mixin.py:188} INFO - [2026-05-27T02:28:23.090+0000] {dag.py:3036} INFO - Sync 1 DAGs
[2026-05-27T02:28:23.108+0000] {logging_mixin.py:188} INFO - [2026-05-27T02:28:23.108+0000] {dag.py:3823} INFO - Setting next_dagrun for etl_incidentes_viales_v2 to 2026-05-01 00:00:00+00:00, run_after=2026-06-01 00:00:00+00:00
[2026-05-27T02:28:23.129+0000] {processor.py:183} INFO - Processing /opt/airflow/dags/etl_incidentes_dag.py took 0.090 seconds
[2026-05-27T02:28:53.341+0000] {processor.py:161} INFO - Started process (PID=1379) to work on /opt/airflow/dags/etl_incidentes_dag.py
[2026-05-27T02:28:53.342+0000] {processor.py:830} INFO - Processing file /opt/airflow/dags/etl_incidentes_dag.py for tasks to queue
[2026-05-27T02:28:53.343+0000] {logging_mixin.py:188} INFO - [2026-05-27T02:28:53.343+0000] {dagbag.py:538} INFO - Filling up the DagBag from /opt/airflow/dags/etl_incidentes_dag.py
[2026-05-27T02:28:53.367+0000] {processor.py:840} INFO - DAG(s) 'etl_incidentes_viales_v2' retrieved from /opt/airflow/dags/etl_incidentes_dag.py
[2026-05-27T02:28:53.393+0000] {logging_mixin.py:188} INFO - [2026-05-27T02:28:53.392+0000] {dag.py:3036} INFO - Sync 1 DAGs
[2026-05-27T02:28:53.413+0000] {logging_mixin.py:188} INFO - [2026-05-27T02:28:53.413+0000] {dag.py:3823} INFO - Setting next_dagrun for etl_incidentes_viales_v2 to 2026-05-01 00:00:00+00:00, run_after=2026-06-01 00:00:00+00:00
[2026-05-27T02:28:53.435+0000] {processor.py:183} INFO - Processing /opt/airflow/dags/etl_incidentes_dag.py took 0.096 seconds
[2026-05-27T02:29:23.660+0000] {processor.py:161} INFO - Started process (PID=1384) to work on /opt/airflow/dags/etl_incidentes_dag.py
[2026-05-27T02:29:23.661+0000] {processor.py:830} INFO - Processing file /opt/airflow/dags/etl_incidentes_dag.py for tasks to queue
[2026-05-27T02:29:23.665+0000] {logging_mixin.py:188} INFO - [2026-05-27T02:29:23.665+0000] {dagbag.py:538} INFO - Filling up the DagBag from /opt/airflow/dags/etl_incidentes_dag.py
[2026-05-27T02:29:23.696+0000] {processor.py:840} INFO - DAG(s) 'etl_incidentes_viales_v2' retrieved from /opt/airflow/dags/etl_incidentes_dag.py
[2026-05-27T02:29:23.723+0000] {logging_mixin.py:188} INFO - [2026-05-27T02:29:23.723+0000] {dag.py:3036} INFO - Sync 1 DAGs
[2026-05-27T02:29:23.741+0000] {logging_mixin.py:188} INFO - [2026-05-27T02:29:23.740+0000] {dag.py:3823} INFO - Setting next_dagrun for etl_incidentes_viales_v2 to 2026-05-01 00:00:00+00:00, run_after=2026-06-01 00:00:00+00:00
[2026-05-27T02:29:23.762+0000] {processor.py:183} INFO - Processing /opt/airflow/dags/etl_incidentes_dag.py took 0.105 seconds
[2026-05-27T02:29:53.874+0000] {processor.py:161} INFO - Started process (PID=1389) to work on /opt/airflow/dags/etl_incidentes_dag.py
[2026-05-27T02:29:53.875+0000] {processor.py:830} INFO - Processing file /opt/airflow/dags/etl_incidentes_dag.py for tasks to queue
[2026-05-27T02:29:53.876+0000] {logging_mixin.py:188} INFO - [2026-05-27T02:29:53.876+0000] {dagbag.py:538} INFO - Filling up the DagBag from /opt/airflow/dags/etl_incidentes_dag.py
[2026-05-27T02:29:53.898+0000] {processor.py:840} INFO - DAG(s) 'etl_incidentes_viales_v2' retrieved from /opt/airflow/dags/etl_incidentes_dag.py
[2026-05-27T02:29:53.921+0000] {logging_mixin.py:188} INFO - [2026-05-27T02:29:53.921+0000] {dag.py:3036} INFO - Sync 1 DAGs
[2026-05-27T02:29:53.939+0000] {logging_mixin.py:188} INFO - [2026-05-27T02:29:53.939+0000] {dag.py:3823} INFO - Setting next_dagrun for etl_incidentes_viales_v2 to 2026-05-01 00:00:00+00:00, run_after=2026-06-01 00:00:00+00:00
[2026-05-27T02:29:53.964+0000] {processor.py:183} INFO - Processing /opt/airflow/dags/etl_incidentes_dag.py took 0.093 seconds
[2026-05-27T02:30:24.235+0000] {processor.py:161} INFO - Started process (PID=1394) to work on /opt/airflow/dags/etl_incidentes_dag.py
[2026-05-27T02:30:24.236+0000] {processor.py:830} INFO - Processing file /opt/airflow/dags/etl_incidentes_dag.py for tasks to queue
[2026-05-27T02:30:24.237+0000] {logging_mixin.py:188} INFO - [2026-05-27T02:30:24.237+0000] {dagbag.py:538} INFO - Filling up the DagBag from /opt/airflow/dags/etl_incidentes_dag.py
[2026-05-27T02:30:24.261+0000] {processor.py:840} INFO - DAG(s) 'etl_incidentes_viales_v2' retrieved from /opt/airflow/dags/etl_incidentes_dag.py
[2026-05-27T02:30:24.297+0000] {logging_mixin.py:188} INFO - [2026-05-27T02:30:24.297+0000] {dag.py:3036} INFO - Sync 1 DAGs
[2026-05-27T02:30:24.314+0000] {logging_mixin.py:188} INFO - [2026-05-27T02:30:24.314+0000] {dag.py:3823} INFO - Setting next_dagrun for etl_incidentes_viales_v2 to 2026-05-01 00:00:00+00:00, run_after=2026-06-01 00:00:00+00:00
[2026-05-27T02:30:24.339+0000] {processor.py:183} INFO - Processing /opt/airflow/dags/etl_incidentes_dag.py took 0.107 seconds
[2026-05-27T02:30:54.505+0000] {processor.py:161} INFO - Started process (PID=1399) to work on /opt/airflow/dags/etl_incidentes_dag.py
[2026-05-27T02:30:54.507+0000] {processor.py:830} INFO - Processing file /opt/airflow/dags/etl_incidentes_dag.py for tasks to queue
[2026-05-27T02:30:54.508+0000] {logging_mixin.py:188} INFO - [2026-05-27T02:30:54.507+0000] {dagbag.py:538} INFO - Filling up the DagBag from /opt/airflow/dags/etl_incidentes_dag.py
[2026-05-27T02:30:54.561+0000] {processor.py:840} INFO - DAG(s) 'etl_incidentes_viales_v2' retrieved from /opt/airflow/dags/etl_incidentes_dag.py
[2026-05-27T02:30:54.601+0000] {logging_mixin.py:188} INFO - [2026-05-27T02:30:54.601+0000] {dag.py:3036} INFO - Sync 1 DAGs
[2026-05-27T02:30:54.617+0000] {logging_mixin.py:188} INFO - [2026-05-27T02:30:54.617+0000] {dag.py:3823} INFO - Setting next_dagrun for etl_incidentes_viales_v2 to 2026-05-01 00:00:00+00:00, run_after=2026-06-01 00:00:00+00:00
[2026-05-27T02:30:54.639+0000] {processor.py:183} INFO - Processing /opt/airflow/dags/etl_incidentes_dag.py took 0.136 seconds
[2026-05-27T02:31:24.837+0000] {processor.py:161} INFO - Started process (PID=1404) to work on /opt/airflow/dags/etl_incidentes_dag.py
[2026-05-27T02:31:24.840+0000] {processor.py:830} INFO - Processing file /opt/airflow/dags/etl_incidentes_dag.py for tasks to queue
[2026-05-27T02:31:24.842+0000] {logging_mixin.py:188} INFO - [2026-05-27T02:31:24.842+0000] {dagbag.py:538} INFO - Filling up the DagBag from /opt/airflow/dags/etl_incidentes_dag.py
[2026-05-27T02:31:24.881+0000] {processor.py:840} INFO - DAG(s) 'etl_incidentes_viales_v2' retrieved from /opt/airflow/dags/etl_incidentes_dag.py
[2026-05-27T02:31:24.916+0000] {logging_mixin.py:188} INFO - [2026-05-27T02:31:24.916+0000] {dag.py:3036} INFO - Sync 1 DAGs
[2026-05-27T02:31:24.937+0000] {logging_mixin.py:188} INFO - [2026-05-27T02:31:24.937+0000] {dag.py:3823} INFO - Setting next_dagrun for etl_incidentes_viales_v2 to 2026-05-01 00:00:00+00:00, run_after=2026-06-01 00:00:00+00:00
[2026-05-27T02:31:24.965+0000] {processor.py:183} INFO - Processing /opt/airflow/dags/etl_incidentes_dag.py took 0.131 seconds
[2026-05-27T02:31:55.102+0000] {processor.py:161} INFO - Started process (PID=1409) to work on /opt/airflow/dags/etl_incidentes_dag.py
[2026-05-27T02:31:55.103+0000] {processor.py:830} INFO - Processing file /opt/airflow/dags/etl_incidentes_dag.py for tasks to queue
[2026-05-27T02:31:55.104+0000] {logging_mixin.py:188} INFO - [2026-05-27T02:31:55.104+0000] {dagbag.py:538} INFO - Filling up the DagBag from /opt/airflow/dags/etl_incidentes_dag.py
[2026-05-27T02:31:55.128+0000] {processor.py:840} INFO - DAG(s) 'etl_incidentes_viales_v2' retrieved from /opt/airflow/dags/etl_incidentes_dag.py
[2026-05-27T02:31:55.158+0000] {logging_mixin.py:188} INFO - [2026-05-27T02:31:55.157+0000] {dag.py:3036} INFO - Sync 1 DAGs
[2026-05-27T02:31:55.177+0000] {logging_mixin.py:188} INFO - [2026-05-27T02:31:55.177+0000] {dag.py:3823} INFO - Setting next_dagrun for etl_incidentes_viales_v2 to 2026-05-01 00:00:00+00:00, run_after=2026-06-01 00:00:00+00:00
[2026-05-27T02:31:55.198+0000] {processor.py:183} INFO - Processing /opt/airflow/dags/etl_incidentes_dag.py took 0.099 seconds
[2026-05-27T02:32:25.463+0000] {processor.py:161} INFO - Started process (PID=1414) to work on /opt/airflow/dags/etl_incidentes_dag.py
[2026-05-27T02:32:25.465+0000] {processor.py:830} INFO - Processing file /opt/airflow/dags/etl_incidentes_dag.py for tasks to queue
[2026-05-27T02:32:25.465+0000] {logging_mixin.py:188} INFO - [2026-05-27T02:32:25.465+0000] {dagbag.py:538} INFO - Filling up the DagBag from /opt/airflow/dags/etl_incidentes_dag.py
[2026-05-27T02:32:25.491+0000] {processor.py:840} INFO - DAG(s) 'etl_incidentes_viales_v2' retrieved from /opt/airflow/dags/etl_incidentes_dag.py
[2026-05-27T02:32:25.523+0000] {logging_mixin.py:188} INFO - [2026-05-27T02:32:25.523+0000] {dag.py:3036} INFO - Sync 1 DAGs
[2026-05-27T02:32:25.540+0000] {logging_mixin.py:188} INFO - [2026-05-27T02:32:25.539+0000] {dag.py:3823} INFO - Setting next_dagrun for etl_incidentes_viales_v2 to 2026-05-01 00:00:00+00:00, run_after=2026-06-01 00:00:00+00:00
[2026-05-27T02:32:25.557+0000] {processor.py:183} INFO - Processing /opt/airflow/dags/etl_incidentes_dag.py took 0.097 seconds
[2026-05-27T02:32:55.688+0000] {processor.py:161} INFO - Started process (PID=1419) to work on /opt/airflow/dags/etl_incidentes_dag.py
[2026-05-27T02:32:55.690+0000] {processor.py:830} INFO - Processing file /opt/airflow/dags/etl_incidentes_dag.py for tasks to queue
[2026-05-27T02:32:55.691+0000] {logging_mixin.py:188} INFO - [2026-05-27T02:32:55.690+0000] {dagbag.py:538} INFO - Filling up the DagBag from /opt/airflow/dags/etl_incidentes_dag.py
[2026-05-27T02:32:55.713+0000] {processor.py:840} INFO - DAG(s) 'etl_incidentes_viales_v2' retrieved from /opt/airflow/dags/etl_incidentes_dag.py
[2026-05-27T02:32:55.742+0000] {logging_mixin.py:188} INFO - [2026-05-27T02:32:55.742+0000] {dag.py:3036} INFO - Sync 1 DAGs
[2026-05-27T02:32:55.762+0000] {logging_mixin.py:188} INFO - [2026-05-27T02:32:55.761+0000] {dag.py:3823} INFO - Setting next_dagrun for etl_incidentes_viales_v2 to 2026-05-01 00:00:00+00:00, run_after=2026-06-01 00:00:00+00:00
[2026-05-27T02:32:55.782+0000] {processor.py:183} INFO - Processing /opt/airflow/dags/etl_incidentes_dag.py took 0.096 seconds
[2026-05-27T02:33:26.055+0000] {processor.py:161} INFO - Started process (PID=1424) to work on /opt/airflow/dags/etl_incidentes_dag.py
[2026-05-27T02:33:26.056+0000] {processor.py:830} INFO - Processing file /opt/airflow/dags/etl_incidentes_dag.py for tasks to queue
[2026-05-27T02:33:26.057+0000] {logging_mixin.py:188} INFO - [2026-05-27T02:33:26.057+0000] {dagbag.py:538} INFO - Filling up the DagBag from /opt/airflow/dags/etl_incidentes_dag.py
[2026-05-27T02:33:26.080+0000] {processor.py:840} INFO - DAG(s) 'etl_incidentes_viales_v2' retrieved from /opt/airflow/dags/etl_incidentes_dag.py
[2026-05-27T02:33:26.105+0000] {logging_mixin.py:188} INFO - [2026-05-27T02:33:26.105+0000] {dag.py:3036} INFO - Sync 1 DAGs
[2026-05-27T02:33:26.124+0000] {logging_mixin.py:188} INFO - [2026-05-27T02:33:26.124+0000] {dag.py:3823} INFO - Setting next_dagrun for etl_incidentes_viales_v2 to 2026-05-01 00:00:00+00:00, run_after=2026-06-01 00:00:00+00:00
[2026-05-27T02:33:26.145+0000] {processor.py:183} INFO - Processing /opt/airflow/dags/etl_incidentes_dag.py took 0.092 seconds
[2026-05-27T02:33:56.369+0000] {processor.py:161} INFO - Started process (PID=1429) to work on /opt/airflow/dags/etl_incidentes_dag.py
[2026-05-27T02:33:56.370+0000] {processor.py:830} INFO - Processing file /opt/airflow/dags/etl_incidentes_dag.py for tasks to queue
[2026-05-27T02:33:56.372+0000] {logging_mixin.py:188} INFO - [2026-05-27T02:33:56.372+0000] {dagbag.py:538} INFO - Filling up the DagBag from /opt/airflow/dags/etl_incidentes_dag.py
[2026-05-27T02:33:56.444+0000] {processor.py:840} INFO - DAG(s) 'etl_incidentes_viales_v2' retrieved from /opt/airflow/dags/etl_incidentes_dag.py
[2026-05-27T02:33:56.486+0000] {logging_mixin.py:188} INFO - [2026-05-27T02:33:56.486+0000] {dag.py:3036} INFO - Sync 1 DAGs
[2026-05-27T02:33:56.502+0000] {logging_mixin.py:188} INFO - [2026-05-27T02:33:56.501+0000] {dag.py:3823} INFO - Setting next_dagrun for etl_incidentes_viales_v2 to 2026-05-01 00:00:00+00:00, run_after=2026-06-01 00:00:00+00:00
[2026-05-27T02:33:56.526+0000] {processor.py:183} INFO - Processing /opt/airflow/dags/etl_incidentes_dag.py took 0.160 seconds
[2026-05-27T02:34:26.667+0000] {processor.py:161} INFO - Started process (PID=1434) to work on /opt/airflow/dags/etl_incidentes_dag.py
[2026-05-27T02:34:26.668+0000] {processor.py:830} INFO - Processing file /opt/airflow/dags/etl_incidentes_dag.py for tasks to queue
[2026-05-27T02:34:26.669+0000] {logging_mixin.py:188} INFO - [2026-05-27T02:34:26.669+0000] {dagbag.py:538} INFO - Filling up the DagBag from /opt/airflow/dags/etl_incidentes_dag.py
[2026-05-27T02:34:26.690+0000] {processor.py:840} INFO - DAG(s) 'etl_incidentes_viales_v2' retrieved from /opt/airflow/dags/etl_incidentes_dag.py
[2026-05-27T02:34:26.721+0000] {logging_mixin.py:188} INFO - [2026-05-27T02:34:26.721+0000] {dag.py:3036} INFO - Sync 1 DAGs
[2026-05-27T02:34:26.743+0000] {logging_mixin.py:188} INFO - [2026-05-27T02:34:26.742+0000] {dag.py:3823} INFO - Setting next_dagrun for etl_incidentes_viales_v2 to 2026-05-01 00:00:00+00:00, run_after=2026-06-01 00:00:00+00:00
[2026-05-27T02:34:26.764+0000] {processor.py:183} INFO - Processing /opt/airflow/dags/etl_incidentes_dag.py took 0.101 seconds
[2026-05-27T02:34:57.012+0000] {processor.py:161} INFO - Started process (PID=1439) to work on /opt/airflow/dags/etl_incidentes_dag.py
[2026-05-27T02:34:57.013+0000] {processor.py:830} INFO - Processing file /opt/airflow/dags/etl_incidentes_dag.py for tasks to queue
[2026-05-27T02:34:57.014+0000] {logging_mixin.py:188} INFO - [2026-05-27T02:34:57.014+0000] {dagbag.py:538} INFO - Filling up the DagBag from /opt/airflow/dags/etl_incidentes_dag.py
[2026-05-27T02:34:57.035+0000] {processor.py:840} INFO - DAG(s) 'etl_incidentes_viales_v2' retrieved from /opt/airflow/dags/etl_incidentes_dag.py
[2026-05-27T02:34:57.060+0000] {logging_mixin.py:188} INFO - [2026-05-27T02:34:57.060+0000] {dag.py:3036} INFO - Sync 1 DAGs
[2026-05-27T02:34:57.080+0000] {logging_mixin.py:188} INFO - [2026-05-27T02:34:57.079+0000] {dag.py:3823} INFO - Setting next_dagrun for etl_incidentes_viales_v2 to 2026-05-01 00:00:00+00:00, run_after=2026-06-01 00:00:00+00:00
[2026-05-27T02:34:57.098+0000] {processor.py:183} INFO - Processing /opt/airflow/dags/etl_incidentes_dag.py took 0.089 seconds
[2026-05-27T02:35:27.280+0000] {processor.py:161} INFO - Started process (PID=1444) to work on /opt/airflow/dags/etl_incidentes_dag.py
[2026-05-27T02:35:27.281+0000] {processor.py:830} INFO - Processing file /opt/airflow/dags/etl_incidentes_dag.py for tasks to queue
[2026-05-27T02:35:27.282+0000] {logging_mixin.py:188} INFO - [2026-05-27T02:35:27.282+0000] {dagbag.py:538} INFO - Filling up the DagBag from /opt/airflow/dags/etl_incidentes_dag.py
[2026-05-27T02:35:27.333+0000] {processor.py:840} INFO - DAG(s) 'etl_incidentes_viales_v2' retrieved from /opt/airflow/dags/etl_incidentes_dag.py
[2026-05-27T02:35:27.367+0000] {logging_mixin.py:188} INFO - [2026-05-27T02:35:27.366+0000] {dag.py:3036} INFO - Sync 1 DAGs
[2026-05-27T02:35:27.382+0000] {logging_mixin.py:188} INFO - [2026-05-27T02:35:27.382+0000] {dag.py:3823} INFO - Setting next_dagrun for etl_incidentes_viales_v2 to 2026-05-01 00:00:00+00:00, run_after=2026-06-01 00:00:00+00:00
[2026-05-27T02:35:27.405+0000] {processor.py:183} INFO - Processing /opt/airflow/dags/etl_incidentes_dag.py took 0.128 seconds
[2026-05-27T02:35:57.555+0000] {processor.py:161} INFO - Started process (PID=1449) to work on /opt/airflow/dags/etl_incidentes_dag.py
[2026-05-27T02:35:57.556+0000] {processor.py:830} INFO - Processing file /opt/airflow/dags/etl_incidentes_dag.py for tasks to queue
[2026-05-27T02:35:57.557+0000] {logging_mixin.py:188} INFO - [2026-05-27T02:35:57.557+0000] {dagbag.py:538} INFO - Filling up the DagBag from /opt/airflow/dags/etl_incidentes_dag.py
[2026-05-27T02:35:57.578+0000] {processor.py:840} INFO - DAG(s) 'etl_incidentes_viales_v2' retrieved from /opt/airflow/dags/etl_incidentes_dag.py
[2026-05-27T02:35:57.616+0000] {logging_mixin.py:188} INFO - [2026-05-27T02:35:57.616+0000] {dag.py:3036} INFO - Sync 1 DAGs
[2026-05-27T02:35:57.633+0000] {logging_mixin.py:188} INFO - [2026-05-27T02:35:57.633+0000] {dag.py:3823} INFO - Setting next_dagrun for etl_incidentes_viales_v2 to 2026-05-01 00:00:00+00:00, run_after=2026-06-01 00:00:00+00:00
[2026-05-27T02:35:57.656+0000] {processor.py:183} INFO - Processing /opt/airflow/dags/etl_incidentes_dag.py took 0.105 seconds
[2026-05-27T02:36:27.876+0000] {processor.py:161} INFO - Started process (PID=1454) to work on /opt/airflow/dags/etl_incidentes_dag.py
[2026-05-27T02:36:27.877+0000] {processor.py:830} INFO - Processing file /opt/airflow/dags/etl_incidentes_dag.py for tasks to queue
[2026-05-27T02:36:27.878+0000] {logging_mixin.py:188} INFO - [2026-05-27T02:36:27.878+0000] {dagbag.py:538} INFO - Filling up the DagBag from /opt/airflow/dags/etl_incidentes_dag.py
[2026-05-27T02:36:27.901+0000] {processor.py:840} INFO - DAG(s) 'etl_incidentes_viales_v2' retrieved from /opt/airflow/dags/etl_incidentes_dag.py
[2026-05-27T02:36:27.929+0000] {logging_mixin.py:188} INFO - [2026-05-27T02:36:27.929+0000] {dag.py:3036} INFO - Sync 1 DAGs
[2026-05-27T02:36:27.947+0000] {logging_mixin.py:188} INFO - [2026-05-27T02:36:27.947+0000] {dag.py:3823} INFO - Setting next_dagrun for etl_incidentes_viales_v2 to 2026-05-01 00:00:00+00:00, run_after=2026-06-01 00:00:00+00:00
[2026-05-27T02:36:27.966+0000] {processor.py:183} INFO - Processing /opt/airflow/dags/etl_incidentes_dag.py took 0.094 seconds
[2026-05-27T02:36:58.134+0000] {processor.py:161} INFO - Started process (PID=1459) to work on /opt/airflow/dags/etl_incidentes_dag.py
[2026-05-27T02:36:58.135+0000] {processor.py:830} INFO - Processing file /opt/airflow/dags/etl_incidentes_dag.py for tasks to queue
[2026-05-27T02:36:58.136+0000] {logging_mixin.py:188} INFO - [2026-05-27T02:36:58.136+0000] {dagbag.py:538} INFO - Filling up the DagBag from /opt/airflow/dags/etl_incidentes_dag.py
[2026-05-27T02:36:58.156+0000] {processor.py:840} INFO - DAG(s) 'etl_incidentes_viales_v2' retrieved from /opt/airflow/dags/etl_incidentes_dag.py
[2026-05-27T02:36:58.181+0000] {logging_mixin.py:188} INFO - [2026-05-27T02:36:58.181+0000] {dag.py:3036} INFO - Sync 1 DAGs
[2026-05-27T02:36:58.198+0000] {logging_mixin.py:188} INFO - [2026-05-27T02:36:58.198+0000] {dag.py:3823} INFO - Setting next_dagrun for etl_incidentes_viales_v2 to 2026-05-01 00:00:00+00:00, run_after=2026-06-01 00:00:00+00:00
[2026-05-27T02:36:58.217+0000] {processor.py:183} INFO - Processing /opt/airflow/dags/etl_incidentes_dag.py took 0.086 seconds
[2026-05-27T02:37:28.462+0000] {processor.py:161} INFO - Started process (PID=1464) to work on /opt/airflow/dags/etl_incidentes_dag.py
[2026-05-27T02:37:28.463+0000] {processor.py:830} INFO - Processing file /opt/airflow/dags/etl_incidentes_dag.py for tasks to queue
[2026-05-27T02:37:28.464+0000] {logging_mixin.py:188} INFO - [2026-05-27T02:37:28.464+0000] {dagbag.py:538} INFO - Filling up the DagBag from /opt/airflow/dags/etl_incidentes_dag.py
[2026-05-27T02:37:28.508+0000] {processor.py:840} INFO - DAG(s) 'etl_incidentes_viales_v2' retrieved from /opt/airflow/dags/etl_incidentes_dag.py
[2026-05-27T02:37:28.536+0000] {logging_mixin.py:188} INFO - [2026-05-27T02:37:28.536+0000] {dag.py:3036} INFO - Sync 1 DAGs
[2026-05-27T02:37:28.555+0000] {logging_mixin.py:188} INFO - [2026-05-27T02:37:28.555+0000] {dag.py:3823} INFO - Setting next_dagrun for etl_incidentes_viales_v2 to 2026-05-01 00:00:00+00:00, run_after=2026-06-01 00:00:00+00:00
[2026-05-27T02:37:28.575+0000] {processor.py:183} INFO - Processing /opt/airflow/dags/etl_incidentes_dag.py took 0.115 seconds
[2026-05-27T02:37:58.667+0000] {processor.py:161} INFO - Started process (PID=1469) to work on /opt/airflow/dags/etl_incidentes_dag.py
[2026-05-27T02:37:58.668+0000] {processor.py:830} INFO - Processing file /opt/airflow/dags/etl_incidentes_dag.py for tasks to queue
[2026-05-27T02:37:58.669+0000] {logging_mixin.py:188} INFO - [2026-05-27T02:37:58.668+0000] {dagbag.py:538} INFO - Filling up the DagBag from /opt/airflow/dags/etl_incidentes_dag.py
[2026-05-27T02:37:58.692+0000] {processor.py:840} INFO - DAG(s) 'etl_incidentes_viales_v2' retrieved from /opt/airflow/dags/etl_incidentes_dag.py
[2026-05-27T02:37:58.722+0000] {logging_mixin.py:188} INFO - [2026-05-27T02:37:58.721+0000] {dag.py:3036} INFO - Sync 1 DAGs
[2026-05-27T02:37:58.741+0000] {logging_mixin.py:188} INFO - [2026-05-27T02:37:58.741+0000] {dag.py:3823} INFO - Setting next_dagrun for etl_incidentes_viales_v2 to 2026-05-01 00:00:00+00:00, run_after=2026-06-01 00:00:00+00:00
[2026-05-27T02:37:58.760+0000] {processor.py:183} INFO - Processing /opt/airflow/dags/etl_incidentes_dag.py took 0.096 seconds
[2026-05-27T02:38:28.883+0000] {processor.py:161} INFO - Started process (PID=1474) to work on /opt/airflow/dags/etl_incidentes_dag.py
[2026-05-27T02:38:28.885+0000] {processor.py:830} INFO - Processing file /opt/airflow/dags/etl_incidentes_dag.py for tasks to queue
[2026-05-27T02:38:28.886+0000] {logging_mixin.py:188} INFO - [2026-05-27T02:38:28.885+0000] {dagbag.py:538} INFO - Filling up the DagBag from /opt/airflow/dags/etl_incidentes_dag.py
[2026-05-27T02:38:28.918+0000] {processor.py:840} INFO - DAG(s) 'etl_incidentes_viales_v2' retrieved from /opt/airflow/dags/etl_incidentes_dag.py
[2026-05-27T02:38:28.945+0000] {logging_mixin.py:188} INFO - [2026-05-27T02:38:28.945+0000] {dag.py:3036} INFO - Sync 1 DAGs
[2026-05-27T02:38:28.966+0000] {logging_mixin.py:188} INFO - [2026-05-27T02:38:28.966+0000] {dag.py:3823} INFO - Setting next_dagrun for etl_incidentes_viales_v2 to 2026-05-01 00:00:00+00:00, run_after=2026-06-01 00:00:00+00:00
[2026-05-27T02:38:28.986+0000] {processor.py:183} INFO - Processing /opt/airflow/dags/etl_incidentes_dag.py took 0.106 seconds
[2026-05-27T02:38:59.170+0000] {processor.py:161} INFO - Started process (PID=1479) to work on /opt/airflow/dags/etl_incidentes_dag.py
[2026-05-27T02:38:59.172+0000] {processor.py:830} INFO - Processing file /opt/airflow/dags/etl_incidentes_dag.py for tasks to queue
[2026-05-27T02:38:59.173+0000] {logging_mixin.py:188} INFO - [2026-05-27T02:38:59.173+0000] {dagbag.py:538} INFO - Filling up the DagBag from /opt/airflow/dags/etl_incidentes_dag.py
[2026-05-27T02:38:59.203+0000] {processor.py:840} INFO - DAG(s) 'etl_incidentes_viales_v2' retrieved from /opt/airflow/dags/etl_incidentes_dag.py
[2026-05-27T02:38:59.229+0000] {logging_mixin.py:188} INFO - [2026-05-27T02:38:59.228+0000] {dag.py:3036} INFO - Sync 1 DAGs
[2026-05-27T02:38:59.247+0000] {logging_mixin.py:188} INFO - [2026-05-27T02:38:59.247+0000] {dag.py:3823} INFO - Setting next_dagrun for etl_incidentes_viales_v2 to 2026-05-01 00:00:00+00:00, run_after=2026-06-01 00:00:00+00:00
[2026-05-27T02:38:59.266+0000] {processor.py:183} INFO - Processing /opt/airflow/dags/etl_incidentes_dag.py took 0.099 seconds
[2026-05-27T02:39:29.403+0000] {processor.py:161} INFO - Started process (PID=1484) to work on /opt/airflow/dags/etl_incidentes_dag.py
[2026-05-27T02:39:29.405+0000] {processor.py:830} INFO - Processing file /opt/airflow/dags/etl_incidentes_dag.py for tasks to queue
[2026-05-27T02:39:29.407+0000] {logging_mixin.py:188} INFO - [2026-05-27T02:39:29.407+0000] {dagbag.py:538} INFO - Filling up the DagBag from /opt/airflow/dags/etl_incidentes_dag.py
[2026-05-27T02:39:29.435+0000] {processor.py:840} INFO - DAG(s) 'etl_incidentes_viales_v2' retrieved from /opt/airflow/dags/etl_incidentes_dag.py
[2026-05-27T02:39:29.466+0000] {logging_mixin.py:188} INFO - [2026-05-27T02:39:29.466+0000] {dag.py:3036} INFO - Sync 1 DAGs
[2026-05-27T02:39:29.486+0000] {logging_mixin.py:188} INFO - [2026-05-27T02:39:29.486+0000] {dag.py:3823} INFO - Setting next_dagrun for etl_incidentes_viales_v2 to 2026-05-01 00:00:00+00:00, run_after=2026-06-01 00:00:00+00:00
[2026-05-27T02:39:29.505+0000] {processor.py:183} INFO - Processing /opt/airflow/dags/etl_incidentes_dag.py took 0.105 seconds
[2026-05-27T02:39:59.830+0000] {processor.py:161} INFO - Started process (PID=1489) to work on /opt/airflow/dags/etl_incidentes_dag.py
[2026-05-27T02:39:59.833+0000] {processor.py:830} INFO - Processing file /opt/airflow/dags/etl_incidentes_dag.py for tasks to queue
[2026-05-27T02:39:59.834+0000] {logging_mixin.py:188} INFO - [2026-05-27T02:39:59.834+0000] {dagbag.py:538} INFO - Filling up the DagBag from /opt/airflow/dags/etl_incidentes_dag.py
[2026-05-27T02:39:59.932+0000] {processor.py:840} INFO - DAG(s) 'etl_incidentes_viales_v2' retrieved from /opt/airflow/dags/etl_incidentes_dag.py
[2026-05-27T02:39:59.957+0000] {logging_mixin.py:188} INFO - [2026-05-27T02:39:59.956+0000] {dag.py:3036} INFO - Sync 1 DAGs
[2026-05-27T02:39:59.974+0000] {logging_mixin.py:188} INFO - [2026-05-27T02:39:59.973+0000] {dag.py:3823} INFO - Setting next_dagrun for etl_incidentes_viales_v2 to 2026-05-01 00:00:00+00:00, run_after=2026-06-01 00:00:00+00:00
[2026-05-27T02:39:59.992+0000] {processor.py:183} INFO - Processing /opt/airflow/dags/etl_incidentes_dag.py took 0.165 seconds
[2026-05-27T02:40:30.236+0000] {processor.py:161} INFO - Started process (PID=1494) to work on /opt/airflow/dags/etl_incidentes_dag.py
[2026-05-27T02:40:30.238+0000] {processor.py:830} INFO - Processing file /opt/airflow/dags/etl_incidentes_dag.py for tasks to queue
[2026-05-27T02:40:30.239+0000] {logging_mixin.py:188} INFO - [2026-05-27T02:40:30.239+0000] {dagbag.py:538} INFO - Filling up the DagBag from /opt/airflow/dags/etl_incidentes_dag.py
[2026-05-27T02:40:30.261+0000] {processor.py:840} INFO - DAG(s) 'etl_incidentes_viales_v2' retrieved from /opt/airflow/dags/etl_incidentes_dag.py
[2026-05-27T02:40:30.289+0000] {logging_mixin.py:188} INFO - [2026-05-27T02:40:30.289+0000] {dag.py:3036} INFO - Sync 1 DAGs
[2026-05-27T02:40:30.314+0000] {logging_mixin.py:188} INFO - [2026-05-27T02:40:30.314+0000] {dag.py:3823} INFO - Setting next_dagrun for etl_incidentes_viales_v2 to 2026-05-01 00:00:00+00:00, run_after=2026-06-01 00:00:00+00:00
[2026-05-27T02:40:30.336+0000] {processor.py:183} INFO - Processing /opt/airflow/dags/etl_incidentes_dag.py took 0.102 seconds
[2026-05-27T02:41:00.496+0000] {processor.py:161} INFO - Started process (PID=1499) to work on /opt/airflow/dags/etl_incidentes_dag.py
[2026-05-27T02:41:00.498+0000] {processor.py:830} INFO - Processing file /opt/airflow/dags/etl_incidentes_dag.py for tasks to queue
[2026-05-27T02:41:00.499+0000] {logging_mixin.py:188} INFO - [2026-05-27T02:41:00.498+0000] {dagbag.py:538} INFO - Filling up the DagBag from /opt/airflow/dags/etl_incidentes_dag.py
[2026-05-27T02:41:00.530+0000] {processor.py:840} INFO - DAG(s) 'etl_incidentes_viales_v2' retrieved from /opt/airflow/dags/etl_incidentes_dag.py
[2026-05-27T02:41:00.557+0000] {logging_mixin.py:188} INFO - [2026-05-27T02:41:00.557+0000] {dag.py:3036} INFO - Sync 1 DAGs
[2026-05-27T02:41:00.578+0000] {logging_mixin.py:188} INFO - [2026-05-27T02:41:00.578+0000] {dag.py:3823} INFO - Setting next_dagrun for etl_incidentes_viales_v2 to 2026-05-01 00:00:00+00:00, run_after=2026-06-01 00:00:00+00:00
[2026-05-27T02:41:00.598+0000] {processor.py:183} INFO - Processing /opt/airflow/dags/etl_incidentes_dag.py took 0.104 seconds
[2026-05-27T02:41:30.816+0000] {processor.py:161} INFO - Started process (PID=1504) to work on /opt/airflow/dags/etl_incidentes_dag.py
[2026-05-27T02:41:30.817+0000] {processor.py:830} INFO - Processing file /opt/airflow/dags/etl_incidentes_dag.py for tasks to queue
[2026-05-27T02:41:30.818+0000] {logging_mixin.py:188} INFO - [2026-05-27T02:41:30.818+0000] {dagbag.py:538} INFO - Filling up the DagBag from /opt/airflow/dags/etl_incidentes_dag.py
[2026-05-27T02:41:30.842+0000] {processor.py:840} INFO - DAG(s) 'etl_incidentes_viales_v2' retrieved from /opt/airflow/dags/etl_incidentes_dag.py
[2026-05-27T02:41:30.867+0000] {logging_mixin.py:188} INFO - [2026-05-27T02:41:30.866+0000] {dag.py:3036} INFO - Sync 1 DAGs
[2026-05-27T02:41:30.884+0000] {logging_mixin.py:188} INFO - [2026-05-27T02:41:30.884+0000] {dag.py:3823} INFO - Setting next_dagrun for etl_incidentes_viales_v2 to 2026-05-01 00:00:00+00:00, run_after=2026-06-01 00:00:00+00:00
[2026-05-27T02:41:30.904+0000] {processor.py:183} INFO - Processing /opt/airflow/dags/etl_incidentes_dag.py took 0.091 seconds
[2026-05-27T02:42:01.054+0000] {processor.py:161} INFO - Started process (PID=1509) to work on /opt/airflow/dags/etl_incidentes_dag.py
[2026-05-27T02:42:01.057+0000] {processor.py:830} INFO - Processing file /opt/airflow/dags/etl_incidentes_dag.py for tasks to queue
[2026-05-27T02:42:01.058+0000] {logging_mixin.py:188} INFO - [2026-05-27T02:42:01.057+0000] {dagbag.py:538} INFO - Filling up the DagBag from /opt/airflow/dags/etl_incidentes_dag.py
[2026-05-27T02:42:01.117+0000] {processor.py:840} INFO - DAG(s) 'etl_incidentes_viales_v2' retrieved from /opt/airflow/dags/etl_incidentes_dag.py
[2026-05-27T02:42:01.147+0000] {logging_mixin.py:188} INFO - [2026-05-27T02:42:01.147+0000] {dag.py:3036} INFO - Sync 1 DAGs
[2026-05-27T02:42:01.165+0000] {logging_mixin.py:188} INFO - [2026-05-27T02:42:01.165+0000] {dag.py:3823} INFO - Setting next_dagrun for etl_incidentes_viales_v2 to 2026-05-01 00:00:00+00:00, run_after=2026-06-01 00:00:00+00:00
[2026-05-27T02:42:01.186+0000] {processor.py:183} INFO - Processing /opt/airflow/dags/etl_incidentes_dag.py took 0.135 seconds
[2026-05-27T02:42:31.334+0000] {processor.py:161} INFO - Started process (PID=1514) to work on /opt/airflow/dags/etl_incidentes_dag.py
[2026-05-27T02:42:31.335+0000] {processor.py:830} INFO - Processing file /opt/airflow/dags/etl_incidentes_dag.py for tasks to queue
[2026-05-27T02:42:31.338+0000] {logging_mixin.py:188} INFO - [2026-05-27T02:42:31.338+0000] {dagbag.py:538} INFO - Filling up the DagBag from /opt/airflow/dags/etl_incidentes_dag.py
[2026-05-27T02:42:31.365+0000] {processor.py:840} INFO - DAG(s) 'etl_incidentes_viales_v2' retrieved from /opt/airflow/dags/etl_incidentes_dag.py
[2026-05-27T02:42:31.399+0000] {logging_mixin.py:188} INFO - [2026-05-27T02:42:31.398+0000] {dag.py:3036} INFO - Sync 1 DAGs
[2026-05-27T02:42:31.417+0000] {logging_mixin.py:188} INFO - [2026-05-27T02:42:31.417+0000] {dag.py:3823} INFO - Setting next_dagrun for etl_incidentes_viales_v2 to 2026-05-01 00:00:00+00:00, run_after=2026-06-01 00:00:00+00:00
[2026-05-27T02:42:31.437+0000] {processor.py:183} INFO - Processing /opt/airflow/dags/etl_incidentes_dag.py took 0.106 seconds
[2026-05-27T02:43:01.584+0000] {processor.py:161} INFO - Started process (PID=1519) to work on /opt/airflow/dags/etl_incidentes_dag.py
[2026-05-27T02:43:01.585+0000] {processor.py:830} INFO - Processing file /opt/airflow/dags/etl_incidentes_dag.py for tasks to queue
[2026-05-27T02:43:01.586+0000] {logging_mixin.py:188} INFO - [2026-05-27T02:43:01.586+0000] {dagbag.py:538} INFO - Filling up the DagBag from /opt/airflow/dags/etl_incidentes_dag.py
[2026-05-27T02:43:01.610+0000] {processor.py:840} INFO - DAG(s) 'etl_incidentes_viales_v2' retrieved from /opt/airflow/dags/etl_incidentes_dag.py
[2026-05-27T02:43:01.635+0000] {logging_mixin.py:188} INFO - [2026-05-27T02:43:01.634+0000] {dag.py:3036} INFO - Sync 1 DAGs
[2026-05-27T02:43:01.653+0000] {logging_mixin.py:188} INFO - [2026-05-27T02:43:01.653+0000] {dag.py:3823} INFO - Setting next_dagrun for etl_incidentes_viales_v2 to 2026-05-01 00:00:00+00:00, run_after=2026-06-01 00:00:00+00:00
[2026-05-27T02:43:01.678+0000] {processor.py:183} INFO - Processing /opt/airflow/dags/etl_incidentes_dag.py took 0.096 seconds
[2026-05-27T02:43:31.857+0000] {processor.py:161} INFO - Started process (PID=1524) to work on /opt/airflow/dags/etl_incidentes_dag.py
[2026-05-27T02:43:31.858+0000] {processor.py:830} INFO - Processing file /opt/airflow/dags/etl_incidentes_dag.py for tasks to queue
[2026-05-27T02:43:31.859+0000] {logging_mixin.py:188} INFO - [2026-05-27T02:43:31.859+0000] {dagbag.py:538} INFO - Filling up the DagBag from /opt/airflow/dags/etl_incidentes_dag.py
[2026-05-27T02:43:31.880+0000] {processor.py:840} INFO - DAG(s) 'etl_incidentes_viales_v2' retrieved from /opt/airflow/dags/etl_incidentes_dag.py
[2026-05-27T02:43:31.904+0000] {logging_mixin.py:188} INFO - [2026-05-27T02:43:31.904+0000] {dag.py:3036} INFO - Sync 1 DAGs
[2026-05-27T02:43:31.921+0000] {logging_mixin.py:188} INFO - [2026-05-27T02:43:31.921+0000] {dag.py:3823} INFO - Setting next_dagrun for etl_incidentes_viales_v2 to 2026-05-01 00:00:00+00:00, run_after=2026-06-01 00:00:00+00:00
[2026-05-27T02:43:31.939+0000] {processor.py:183} INFO - Processing /opt/airflow/dags/etl_incidentes_dag.py took 0.085 seconds
[2026-05-27T02:44:02.141+0000] {processor.py:161} INFO - Started process (PID=1529) to work on /opt/airflow/dags/etl_incidentes_dag.py
[2026-05-27T02:44:02.147+0000] {processor.py:830} INFO - Processing file /opt/airflow/dags/etl_incidentes_dag.py for tasks to queue
[2026-05-27T02:44:02.149+0000] {logging_mixin.py:188} INFO - [2026-05-27T02:44:02.148+0000] {dagbag.py:538} INFO - Filling up the DagBag from /opt/airflow/dags/etl_incidentes_dag.py
[2026-05-27T02:44:02.221+0000] {processor.py:840} INFO - DAG(s) 'etl_incidentes_viales_v2' retrieved from /opt/airflow/dags/etl_incidentes_dag.py
[2026-05-27T02:44:02.256+0000] {logging_mixin.py:188} INFO - [2026-05-27T02:44:02.256+0000] {dag.py:3036} INFO - Sync 1 DAGs
[2026-05-27T02:44:02.275+0000] {logging_mixin.py:188} INFO - [2026-05-27T02:44:02.275+0000] {dag.py:3823} INFO - Setting next_dagrun for etl_incidentes_viales_v2 to 2026-05-01 00:00:00+00:00, run_after=2026-06-01 00:00:00+00:00
[2026-05-27T02:44:02.297+0000] {processor.py:183} INFO - Processing /opt/airflow/dags/etl_incidentes_dag.py took 0.159 seconds
[2026-05-27T02:44:32.415+0000] {processor.py:161} INFO - Started process (PID=1534) to work on /opt/airflow/dags/etl_incidentes_dag.py
[2026-05-27T02:44:32.418+0000] {processor.py:830} INFO - Processing file /opt/airflow/dags/etl_incidentes_dag.py for tasks to queue
[2026-05-27T02:44:32.419+0000] {logging_mixin.py:188} INFO - [2026-05-27T02:44:32.419+0000] {dagbag.py:538} INFO - Filling up the DagBag from /opt/airflow/dags/etl_incidentes_dag.py
[2026-05-27T02:44:32.484+0000] {processor.py:840} INFO - DAG(s) 'etl_incidentes_viales_v2' retrieved from /opt/airflow/dags/etl_incidentes_dag.py
[2026-05-27T02:44:32.512+0000] {logging_mixin.py:188} INFO - [2026-05-27T02:44:32.512+0000] {dag.py:3036} INFO - Sync 1 DAGs
[2026-05-27T02:44:32.531+0000] {logging_mixin.py:188} INFO - [2026-05-27T02:44:32.531+0000] {dag.py:3823} INFO - Setting next_dagrun for etl_incidentes_viales_v2 to 2026-05-01 00:00:00+00:00, run_after=2026-06-01 00:00:00+00:00
[2026-05-27T02:44:32.552+0000] {processor.py:183} INFO - Processing /opt/airflow/dags/etl_incidentes_dag.py took 0.140 seconds
[2026-05-27T02:45:02.737+0000] {processor.py:161} INFO - Started process (PID=1539) to work on /opt/airflow/dags/etl_incidentes_dag.py
[2026-05-27T02:45:02.739+0000] {processor.py:830} INFO - Processing file /opt/airflow/dags/etl_incidentes_dag.py for tasks to queue
[2026-05-27T02:45:02.740+0000] {logging_mixin.py:188} INFO - [2026-05-27T02:45:02.740+0000] {dagbag.py:538} INFO - Filling up the DagBag from /opt/airflow/dags/etl_incidentes_dag.py
[2026-05-27T02:45:02.765+0000] {processor.py:840} INFO - DAG(s) 'etl_incidentes_viales_v2' retrieved from /opt/airflow/dags/etl_incidentes_dag.py
[2026-05-27T02:45:02.791+0000] {logging_mixin.py:188} INFO - [2026-05-27T02:45:02.791+0000] {dag.py:3036} INFO - Sync 1 DAGs
[2026-05-27T02:45:02.809+0000] {logging_mixin.py:188} INFO - [2026-05-27T02:45:02.809+0000] {dag.py:3823} INFO - Setting next_dagrun for etl_incidentes_viales_v2 to 2026-05-01 00:00:00+00:00, run_after=2026-06-01 00:00:00+00:00
[2026-05-27T02:45:02.833+0000] {processor.py:183} INFO - Processing /opt/airflow/dags/etl_incidentes_dag.py took 0.100 seconds
[2026-05-27T02:45:32.989+0000] {processor.py:161} INFO - Started process (PID=1544) to work on /opt/airflow/dags/etl_incidentes_dag.py
[2026-05-27T02:45:32.991+0000] {processor.py:830} INFO - Processing file /opt/airflow/dags/etl_incidentes_dag.py for tasks to queue
[2026-05-27T02:45:32.992+0000] {logging_mixin.py:188} INFO - [2026-05-27T02:45:32.992+0000] {dagbag.py:538} INFO - Filling up the DagBag from /opt/airflow/dags/etl_incidentes_dag.py
[2026-05-27T02:45:33.014+0000] {processor.py:840} INFO - DAG(s) 'etl_incidentes_viales_v2' retrieved from /opt/airflow/dags/etl_incidentes_dag.py
[2026-05-27T02:45:33.039+0000] {logging_mixin.py:188} INFO - [2026-05-27T02:45:33.038+0000] {dag.py:3036} INFO - Sync 1 DAGs
[2026-05-27T02:45:33.056+0000] {logging_mixin.py:188} INFO - [2026-05-27T02:45:33.056+0000] {dag.py:3823} INFO - Setting next_dagrun for etl_incidentes_viales_v2 to 2026-05-01 00:00:00+00:00, run_after=2026-06-01 00:00:00+00:00
[2026-05-27T02:45:33.075+0000] {processor.py:183} INFO - Processing /opt/airflow/dags/etl_incidentes_dag.py took 0.090 seconds
[2026-05-27T02:46:03.297+0000] {processor.py:161} INFO - Started process (PID=1549) to work on /opt/airflow/dags/etl_incidentes_dag.py
[2026-05-27T02:46:03.298+0000] {processor.py:830} INFO - Processing file /opt/airflow/dags/etl_incidentes_dag.py for tasks to queue
[2026-05-27T02:46:03.301+0000] {logging_mixin.py:188} INFO - [2026-05-27T02:46:03.301+0000] {dagbag.py:538} INFO - Filling up the DagBag from /opt/airflow/dags/etl_incidentes_dag.py
[2026-05-27T02:46:03.334+0000] {processor.py:840} INFO - DAG(s) 'etl_incidentes_viales_v2' retrieved from /opt/airflow/dags/etl_incidentes_dag.py
[2026-05-27T02:46:03.374+0000] {logging_mixin.py:188} INFO - [2026-05-27T02:46:03.374+0000] {dag.py:3036} INFO - Sync 1 DAGs
[2026-05-27T02:46:03.392+0000] {logging_mixin.py:188} INFO - [2026-05-27T02:46:03.391+0000] {dag.py:3823} INFO - Setting next_dagrun for etl_incidentes_viales_v2 to 2026-05-01 00:00:00+00:00, run_after=2026-06-01 00:00:00+00:00
[2026-05-27T02:46:03.416+0000] {processor.py:183} INFO - Processing /opt/airflow/dags/etl_incidentes_dag.py took 0.121 seconds
[2026-05-27T02:46:33.539+0000] {processor.py:161} INFO - Started process (PID=1554) to work on /opt/airflow/dags/etl_incidentes_dag.py
[2026-05-27T02:46:33.541+0000] {processor.py:830} INFO - Processing file /opt/airflow/dags/etl_incidentes_dag.py for tasks to queue
[2026-05-27T02:46:33.542+0000] {logging_mixin.py:188} INFO - [2026-05-27T02:46:33.542+0000] {dagbag.py:538} INFO - Filling up the DagBag from /opt/airflow/dags/etl_incidentes_dag.py
[2026-05-27T02:46:33.561+0000] {processor.py:840} INFO - DAG(s) 'etl_incidentes_viales_v2' retrieved from /opt/airflow/dags/etl_incidentes_dag.py
[2026-05-27T02:46:33.596+0000] {logging_mixin.py:188} INFO - [2026-05-27T02:46:33.596+0000] {dag.py:3036} INFO - Sync 1 DAGs
[2026-05-27T02:46:33.614+0000] {logging_mixin.py:188} INFO - [2026-05-27T02:46:33.613+0000] {dag.py:3823} INFO - Setting next_dagrun for etl_incidentes_viales_v2 to 2026-05-01 00:00:00+00:00, run_after=2026-06-01 00:00:00+00:00
[2026-05-27T02:46:33.638+0000] {processor.py:183} INFO - Processing /opt/airflow/dags/etl_incidentes_dag.py took 0.102 seconds
[2026-05-27T02:47:03.864+0000] {processor.py:161} INFO - Started process (PID=1559) to work on /opt/airflow/dags/etl_incidentes_dag.py
[2026-05-27T02:47:03.866+0000] {processor.py:830} INFO - Processing file /opt/airflow/dags/etl_incidentes_dag.py for tasks to queue
[2026-05-27T02:47:03.867+0000] {logging_mixin.py:188} INFO - [2026-05-27T02:47:03.867+0000] {dagbag.py:538} INFO - Filling up the DagBag from /opt/airflow/dags/etl_incidentes_dag.py
[2026-05-27T02:47:03.894+0000] {processor.py:840} INFO - DAG(s) 'etl_incidentes_viales_v2' retrieved from /opt/airflow/dags/etl_incidentes_dag.py
[2026-05-27T02:47:03.921+0000] {logging_mixin.py:188} INFO - [2026-05-27T02:47:03.920+0000] {dag.py:3036} INFO - Sync 1 DAGs
[2026-05-27T02:47:03.943+0000] {logging_mixin.py:188} INFO - [2026-05-27T02:47:03.942+0000] {dag.py:3823} INFO - Setting next_dagrun for etl_incidentes_viales_v2 to 2026-05-01 00:00:00+00:00, run_after=2026-06-01 00:00:00+00:00
[2026-05-27T02:47:03.966+0000] {processor.py:183} INFO - Processing /opt/airflow/dags/etl_incidentes_dag.py took 0.105 seconds
[2026-05-27T02:47:34.131+0000] {processor.py:161} INFO - Started process (PID=1564) to work on /opt/airflow/dags/etl_incidentes_dag.py
[2026-05-27T02:47:34.132+0000] {processor.py:830} INFO - Processing file /opt/airflow/dags/etl_incidentes_dag.py for tasks to queue
[2026-05-27T02:47:34.133+0000] {logging_mixin.py:188} INFO - [2026-05-27T02:47:34.132+0000] {dagbag.py:538} INFO - Filling up the DagBag from /opt/airflow/dags/etl_incidentes_dag.py
[2026-05-27T02:47:34.162+0000] {processor.py:840} INFO - DAG(s) 'etl_incidentes_viales_v2' retrieved from /opt/airflow/dags/etl_incidentes_dag.py
[2026-05-27T02:47:34.206+0000] {logging_mixin.py:188} INFO - [2026-05-27T02:47:34.206+0000] {dag.py:3036} INFO - Sync 1 DAGs
[2026-05-27T02:47:34.223+0000] {logging_mixin.py:188} INFO - [2026-05-27T02:47:34.223+0000] {dag.py:3823} INFO - Setting next_dagrun for etl_incidentes_viales_v2 to 2026-05-01 00:00:00+00:00, run_after=2026-06-01 00:00:00+00:00
[2026-05-27T02:47:34.246+0000] {processor.py:183} INFO - Processing /opt/airflow/dags/etl_incidentes_dag.py took 0.118 seconds
[2026-05-27T02:48:04.373+0000] {processor.py:161} INFO - Started process (PID=1569) to work on /opt/airflow/dags/etl_incidentes_dag.py
[2026-05-27T02:48:04.375+0000] {processor.py:830} INFO - Processing file /opt/airflow/dags/etl_incidentes_dag.py for tasks to queue
[2026-05-27T02:48:04.376+0000] {logging_mixin.py:188} INFO - [2026-05-27T02:48:04.376+0000] {dagbag.py:538} INFO - Filling up the DagBag from /opt/airflow/dags/etl_incidentes_dag.py
[2026-05-27T02:48:04.407+0000] {processor.py:840} INFO - DAG(s) 'etl_incidentes_viales_v2' retrieved from /opt/airflow/dags/etl_incidentes_dag.py
[2026-05-27T02:48:04.433+0000] {logging_mixin.py:188} INFO - [2026-05-27T02:48:04.433+0000] {dag.py:3036} INFO - Sync 1 DAGs
[2026-05-27T02:48:04.451+0000] {logging_mixin.py:188} INFO - [2026-05-27T02:48:04.451+0000] {dag.py:3823} INFO - Setting next_dagrun for etl_incidentes_viales_v2 to 2026-05-01 00:00:00+00:00, run_after=2026-06-01 00:00:00+00:00
[2026-05-27T02:48:04.472+0000] {processor.py:183} INFO - Processing /opt/airflow/dags/etl_incidentes_dag.py took 0.102 seconds
[2026-05-27T02:48:34.685+0000] {processor.py:161} INFO - Started process (PID=1574) to work on /opt/airflow/dags/etl_incidentes_dag.py
[2026-05-27T02:48:34.686+0000] {processor.py:830} INFO - Processing file /opt/airflow/dags/etl_incidentes_dag.py for tasks to queue
[2026-05-27T02:48:34.687+0000] {logging_mixin.py:188} INFO - [2026-05-27T02:48:34.687+0000] {dagbag.py:538} INFO - Filling up the DagBag from /opt/airflow/dags/etl_incidentes_dag.py
[2026-05-27T02:48:34.713+0000] {processor.py:840} INFO - DAG(s) 'etl_incidentes_viales_v2' retrieved from /opt/airflow/dags/etl_incidentes_dag.py
[2026-05-27T02:48:34.741+0000] {logging_mixin.py:188} INFO - [2026-05-27T02:48:34.740+0000] {dag.py:3036} INFO - Sync 1 DAGs
[2026-05-27T02:48:34.757+0000] {logging_mixin.py:188} INFO - [2026-05-27T02:48:34.757+0000] {dag.py:3823} INFO - Setting next_dagrun for etl_incidentes_viales_v2 to 2026-05-01 00:00:00+00:00, run_after=2026-06-01 00:00:00+00:00
[2026-05-27T02:48:34.776+0000] {processor.py:183} INFO - Processing /opt/airflow/dags/etl_incidentes_dag.py took 0.094 seconds
[2026-05-27T02:49:04.923+0000] {processor.py:161} INFO - Started process (PID=1579) to work on /opt/airflow/dags/etl_incidentes_dag.py
[2026-05-27T02:49:04.925+0000] {processor.py:830} INFO - Processing file /opt/airflow/dags/etl_incidentes_dag.py for tasks to queue
[2026-05-27T02:49:04.926+0000] {logging_mixin.py:188} INFO - [2026-05-27T02:49:04.925+0000] {dagbag.py:538} INFO - Filling up the DagBag from /opt/airflow/dags/etl_incidentes_dag.py
[2026-05-27T02:49:04.953+0000] {processor.py:840} INFO - DAG(s) 'etl_incidentes_viales_v2' retrieved from /opt/airflow/dags/etl_incidentes_dag.py
[2026-05-27T02:49:04.978+0000] {logging_mixin.py:188} INFO - [2026-05-27T02:49:04.978+0000] {dag.py:3036} INFO - Sync 1 DAGs
[2026-05-27T02:49:04.997+0000] {logging_mixin.py:188} INFO - [2026-05-27T02:49:04.997+0000] {dag.py:3823} INFO - Setting next_dagrun for etl_incidentes_viales_v2 to 2026-05-01 00:00:00+00:00, run_after=2026-06-01 00:00:00+00:00
[2026-05-27T02:49:05.017+0000] {processor.py:183} INFO - Processing /opt/airflow/dags/etl_incidentes_dag.py took 0.096 seconds
[2026-05-27T02:49:35.325+0000] {processor.py:161} INFO - Started process (PID=1584) to work on /opt/airflow/dags/etl_incidentes_dag.py
[2026-05-27T02:49:35.327+0000] {processor.py:830} INFO - Processing file /opt/airflow/dags/etl_incidentes_dag.py for tasks to queue
[2026-05-27T02:49:35.329+0000] {logging_mixin.py:188} INFO - [2026-05-27T02:49:35.329+0000] {dagbag.py:538} INFO - Filling up the DagBag from /opt/airflow/dags/etl_incidentes_dag.py
[2026-05-27T02:49:35.394+0000] {processor.py:840} INFO - DAG(s) 'etl_incidentes_viales_v2' retrieved from /opt/airflow/dags/etl_incidentes_dag.py
[2026-05-27T02:49:35.421+0000] {logging_mixin.py:188} INFO - [2026-05-27T02:49:35.421+0000] {dag.py:3036} INFO - Sync 1 DAGs
[2026-05-27T02:49:35.443+0000] {logging_mixin.py:188} INFO - [2026-05-27T02:49:35.442+0000] {dag.py:3823} INFO - Setting next_dagrun for etl_incidentes_viales_v2 to 2026-05-01 00:00:00+00:00, run_after=2026-06-01 00:00:00+00:00
[2026-05-27T02:49:35.467+0000] {processor.py:183} INFO - Processing /opt/airflow/dags/etl_incidentes_dag.py took 0.144 seconds
[2026-05-27T02:50:05.518+0000] {processor.py:161} INFO - Started process (PID=1589) to work on /opt/airflow/dags/etl_incidentes_dag.py
[2026-05-27T02:50:05.520+0000] {processor.py:830} INFO - Processing file /opt/airflow/dags/etl_incidentes_dag.py for tasks to queue
[2026-05-27T02:50:05.521+0000] {logging_mixin.py:188} INFO - [2026-05-27T02:50:05.520+0000] {dagbag.py:538} INFO - Filling up the DagBag from /opt/airflow/dags/etl_incidentes_dag.py
[2026-05-27T02:50:05.546+0000] {processor.py:840} INFO - DAG(s) 'etl_incidentes_viales_v2' retrieved from /opt/airflow/dags/etl_incidentes_dag.py
[2026-05-27T02:50:05.582+0000] {logging_mixin.py:188} INFO - [2026-05-27T02:50:05.582+0000] {dag.py:3036} INFO - Sync 1 DAGs
[2026-05-27T02:50:05.607+0000] {logging_mixin.py:188} INFO - [2026-05-27T02:50:05.607+0000] {dag.py:3823} INFO - Setting next_dagrun for etl_incidentes_viales_v2 to 2026-05-01 00:00:00+00:00, run_after=2026-06-01 00:00:00+00:00
[2026-05-27T02:50:05.630+0000] {processor.py:183} INFO - Processing /opt/airflow/dags/etl_incidentes_dag.py took 0.115 seconds
[2026-05-27T02:50:35.831+0000] {processor.py:161} INFO - Started process (PID=1594) to work on /opt/airflow/dags/etl_incidentes_dag.py
[2026-05-27T02:50:35.834+0000] {processor.py:830} INFO - Processing file /opt/airflow/dags/etl_incidentes_dag.py for tasks to queue
[2026-05-27T02:50:35.835+0000] {logging_mixin.py:188} INFO - [2026-05-27T02:50:35.835+0000] {dagbag.py:538} INFO - Filling up the DagBag from /opt/airflow/dags/etl_incidentes_dag.py
[2026-05-27T02:50:35.896+0000] {processor.py:840} INFO - DAG(s) 'etl_incidentes_viales_v2' retrieved from /opt/airflow/dags/etl_incidentes_dag.py
[2026-05-27T02:50:35.923+0000] {logging_mixin.py:188} INFO - [2026-05-27T02:50:35.923+0000] {dag.py:3036} INFO - Sync 1 DAGs
[2026-05-27T02:50:35.940+0000] {logging_mixin.py:188} INFO - [2026-05-27T02:50:35.940+0000] {dag.py:3823} INFO - Setting next_dagrun for etl_incidentes_viales_v2 to 2026-05-01 00:00:00+00:00, run_after=2026-06-01 00:00:00+00:00
[2026-05-27T02:50:35.961+0000] {processor.py:183} INFO - Processing /opt/airflow/dags/etl_incidentes_dag.py took 0.132 seconds
[2026-05-27T02:51:06.217+0000] {processor.py:161} INFO - Started process (PID=1599) to work on /opt/airflow/dags/etl_incidentes_dag.py
[2026-05-27T02:51:06.219+0000] {processor.py:830} INFO - Processing file /opt/airflow/dags/etl_incidentes_dag.py for tasks to queue
[2026-05-27T02:51:06.220+0000] {logging_mixin.py:188} INFO - [2026-05-27T02:51:06.220+0000] {dagbag.py:538} INFO - Filling up the DagBag from /opt/airflow/dags/etl_incidentes_dag.py
[2026-05-27T02:51:06.270+0000] {processor.py:840} INFO - DAG(s) 'etl_incidentes_viales_v2' retrieved from /opt/airflow/dags/etl_incidentes_dag.py
[2026-05-27T02:51:06.298+0000] {logging_mixin.py:188} INFO - [2026-05-27T02:51:06.298+0000] {dag.py:3036} INFO - Sync 1 DAGs
[2026-05-27T02:51:06.318+0000] {logging_mixin.py:188} INFO - [2026-05-27T02:51:06.317+0000] {dag.py:3823} INFO - Setting next_dagrun for etl_incidentes_viales_v2 to 2026-05-01 00:00:00+00:00, run_after=2026-06-01 00:00:00+00:00
[2026-05-27T02:51:06.337+0000] {processor.py:183} INFO - Processing /opt/airflow/dags/etl_incidentes_dag.py took 0.124 seconds
[2026-05-27T02:51:36.460+0000] {processor.py:161} INFO - Started process (PID=1604) to work on /opt/airflow/dags/etl_incidentes_dag.py
[2026-05-27T02:51:36.461+0000] {processor.py:830} INFO - Processing file /opt/airflow/dags/etl_incidentes_dag.py for tasks to queue
[2026-05-27T02:51:36.462+0000] {logging_mixin.py:188} INFO - [2026-05-27T02:51:36.462+0000] {dagbag.py:538} INFO - Filling up the DagBag from /opt/airflow/dags/etl_incidentes_dag.py
[2026-05-27T02:51:36.496+0000] {processor.py:840} INFO - DAG(s) 'etl_incidentes_viales_v2' retrieved from /opt/airflow/dags/etl_incidentes_dag.py
[2026-05-27T02:51:36.533+0000] {logging_mixin.py:188} INFO - [2026-05-27T02:51:36.533+0000] {dag.py:3036} INFO - Sync 1 DAGs
[2026-05-27T02:51:36.554+0000] {logging_mixin.py:188} INFO - [2026-05-27T02:51:36.554+0000] {dag.py:3823} INFO - Setting next_dagrun for etl_incidentes_viales_v2 to 2026-05-01 00:00:00+00:00, run_after=2026-06-01 00:00:00+00:00
[2026-05-27T02:51:36.576+0000] {processor.py:183} INFO - Processing /opt/airflow/dags/etl_incidentes_dag.py took 0.120 seconds
[2026-05-27T02:52:06.859+0000] {processor.py:161} INFO - Started process (PID=1609) to work on /opt/airflow/dags/etl_incidentes_dag.py
[2026-05-27T02:52:06.861+0000] {processor.py:830} INFO - Processing file /opt/airflow/dags/etl_incidentes_dag.py for tasks to queue
[2026-05-27T02:52:06.862+0000] {logging_mixin.py:188} INFO - [2026-05-27T02:52:06.862+0000] {dagbag.py:538} INFO - Filling up the DagBag from /opt/airflow/dags/etl_incidentes_dag.py
[2026-05-27T02:52:06.888+0000] {processor.py:840} INFO - DAG(s) 'etl_incidentes_viales_v2' retrieved from /opt/airflow/dags/etl_incidentes_dag.py
[2026-05-27T02:52:06.918+0000] {logging_mixin.py:188} INFO - [2026-05-27T02:52:06.918+0000] {dag.py:3036} INFO - Sync 1 DAGs
[2026-05-27T02:52:06.941+0000] {logging_mixin.py:188} INFO - [2026-05-27T02:52:06.941+0000] {dag.py:3823} INFO - Setting next_dagrun for etl_incidentes_viales_v2 to 2026-05-01 00:00:00+00:00, run_after=2026-06-01 00:00:00+00:00
[2026-05-27T02:52:06.966+0000] {processor.py:183} INFO - Processing /opt/airflow/dags/etl_incidentes_dag.py took 0.111 seconds
[2026-05-27T02:52:37.204+0000] {processor.py:161} INFO - Started process (PID=1614) to work on /opt/airflow/dags/etl_incidentes_dag.py
[2026-05-27T02:52:37.205+0000] {processor.py:830} INFO - Processing file /opt/airflow/dags/etl_incidentes_dag.py for tasks to queue
[2026-05-27T02:52:37.206+0000] {logging_mixin.py:188} INFO - [2026-05-27T02:52:37.206+0000] {dagbag.py:538} INFO - Filling up the DagBag from /opt/airflow/dags/etl_incidentes_dag.py
[2026-05-27T02:52:37.225+0000] {processor.py:840} INFO - DAG(s) 'etl_incidentes_viales_v2' retrieved from /opt/airflow/dags/etl_incidentes_dag.py
[2026-05-27T02:52:37.265+0000] {logging_mixin.py:188} INFO - [2026-05-27T02:52:37.265+0000] {dag.py:3036} INFO - Sync 1 DAGs
[2026-05-27T02:52:37.283+0000] {logging_mixin.py:188} INFO - [2026-05-27T02:52:37.282+0000] {dag.py:3823} INFO - Setting next_dagrun for etl_incidentes_viales_v2 to 2026-05-01 00:00:00+00:00, run_after=2026-06-01 00:00:00+00:00
[2026-05-27T02:52:37.305+0000] {processor.py:183} INFO - Processing /opt/airflow/dags/etl_incidentes_dag.py took 0.104 seconds
[2026-05-27T02:53:07.490+0000] {processor.py:161} INFO - Started process (PID=1619) to work on /opt/airflow/dags/etl_incidentes_dag.py
[2026-05-27T02:53:07.491+0000] {processor.py:830} INFO - Processing file /opt/airflow/dags/etl_incidentes_dag.py for tasks to queue
[2026-05-27T02:53:07.492+0000] {logging_mixin.py:188} INFO - [2026-05-27T02:53:07.492+0000] {dagbag.py:538} INFO - Filling up the DagBag from /opt/airflow/dags/etl_incidentes_dag.py
[2026-05-27T02:53:07.519+0000] {processor.py:840} INFO - DAG(s) 'etl_incidentes_viales_v2' retrieved from /opt/airflow/dags/etl_incidentes_dag.py
[2026-05-27T02:53:07.546+0000] {logging_mixin.py:188} INFO - [2026-05-27T02:53:07.546+0000] {dag.py:3036} INFO - Sync 1 DAGs
[2026-05-27T02:53:07.564+0000] {logging_mixin.py:188} INFO - [2026-05-27T02:53:07.564+0000] {dag.py:3823} INFO - Setting next_dagrun for etl_incidentes_viales_v2 to 2026-05-01 00:00:00+00:00, run_after=2026-06-01 00:00:00+00:00
[2026-05-27T02:53:07.584+0000] {processor.py:183} INFO - Processing /opt/airflow/dags/etl_incidentes_dag.py took 0.097 seconds
[2026-05-27T02:53:37.735+0000] {processor.py:161} INFO - Started process (PID=1624) to work on /opt/airflow/dags/etl_incidentes_dag.py
[2026-05-27T02:53:37.737+0000] {processor.py:830} INFO - Processing file /opt/airflow/dags/etl_incidentes_dag.py for tasks to queue
[2026-05-27T02:53:37.738+0000] {logging_mixin.py:188} INFO - [2026-05-27T02:53:37.737+0000] {dagbag.py:538} INFO - Filling up the DagBag from /opt/airflow/dags/etl_incidentes_dag.py
[2026-05-27T02:53:37.765+0000] {processor.py:840} INFO - DAG(s) 'etl_incidentes_viales_v2' retrieved from /opt/airflow/dags/etl_incidentes_dag.py
[2026-05-27T02:53:37.794+0000] {logging_mixin.py:188} INFO - [2026-05-27T02:53:37.794+0000] {dag.py:3036} INFO - Sync 1 DAGs
[2026-05-27T02:53:37.815+0000] {logging_mixin.py:188} INFO - [2026-05-27T02:53:37.815+0000] {dag.py:3823} INFO - Setting next_dagrun for etl_incidentes_viales_v2 to 2026-05-01 00:00:00+00:00, run_after=2026-06-01 00:00:00+00:00
[2026-05-27T02:53:37.838+0000] {processor.py:183} INFO - Processing /opt/airflow/dags/etl_incidentes_dag.py took 0.106 seconds
[2026-05-27T02:54:08.073+0000] {processor.py:161} INFO - Started process (PID=1629) to work on /opt/airflow/dags/etl_incidentes_dag.py
[2026-05-27T02:54:08.074+0000] {processor.py:830} INFO - Processing file /opt/airflow/dags/etl_incidentes_dag.py for tasks to queue
[2026-05-27T02:54:08.075+0000] {logging_mixin.py:188} INFO - [2026-05-27T02:54:08.075+0000] {dagbag.py:538} INFO - Filling up the DagBag from /opt/airflow/dags/etl_incidentes_dag.py
[2026-05-27T02:54:08.107+0000] {processor.py:840} INFO - DAG(s) 'etl_incidentes_viales_v2' retrieved from /opt/airflow/dags/etl_incidentes_dag.py
[2026-05-27T02:54:08.134+0000] {logging_mixin.py:188} INFO - [2026-05-27T02:54:08.134+0000] {dag.py:3036} INFO - Sync 1 DAGs
[2026-05-27T02:54:08.152+0000] {logging_mixin.py:188} INFO - [2026-05-27T02:54:08.152+0000] {dag.py:3823} INFO - Setting next_dagrun for etl_incidentes_viales_v2 to 2026-05-01 00:00:00+00:00, run_after=2026-06-01 00:00:00+00:00
[2026-05-27T02:54:08.168+0000] {processor.py:183} INFO - Processing /opt/airflow/dags/etl_incidentes_dag.py took 0.097 seconds
[2026-05-27T02:54:38.367+0000] {processor.py:161} INFO - Started process (PID=1634) to work on /opt/airflow/dags/etl_incidentes_dag.py
[2026-05-27T02:54:38.368+0000] {processor.py:830} INFO - Processing file /opt/airflow/dags/etl_incidentes_dag.py for tasks to queue
[2026-05-27T02:54:38.369+0000] {logging_mixin.py:188} INFO - [2026-05-27T02:54:38.369+0000] {dagbag.py:538} INFO - Filling up the DagBag from /opt/airflow/dags/etl_incidentes_dag.py
[2026-05-27T02:54:38.404+0000] {processor.py:840} INFO - DAG(s) 'etl_incidentes_viales_v2' retrieved from /opt/airflow/dags/etl_incidentes_dag.py
[2026-05-27T02:54:38.445+0000] {logging_mixin.py:188} INFO - [2026-05-27T02:54:38.445+0000] {dag.py:3036} INFO - Sync 1 DAGs
[2026-05-27T02:54:38.475+0000] {logging_mixin.py:188} INFO - [2026-05-27T02:54:38.474+0000] {dag.py:3823} INFO - Setting next_dagrun for etl_incidentes_viales_v2 to 2026-05-01 00:00:00+00:00, run_after=2026-06-01 00:00:00+00:00
[2026-05-27T02:54:38.513+0000] {processor.py:183} INFO - Processing /opt/airflow/dags/etl_incidentes_dag.py took 0.151 seconds
[2026-05-27T02:55:08.594+0000] {processor.py:161} INFO - Started process (PID=1639) to work on /opt/airflow/dags/etl_incidentes_dag.py
[2026-05-27T02:55:08.595+0000] {processor.py:830} INFO - Processing file /opt/airflow/dags/etl_incidentes_dag.py for tasks to queue
[2026-05-27T02:55:08.596+0000] {logging_mixin.py:188} INFO - [2026-05-27T02:55:08.596+0000] {dagbag.py:538} INFO - Filling up the DagBag from /opt/airflow/dags/etl_incidentes_dag.py
[2026-05-27T02:55:08.620+0000] {processor.py:840} INFO - DAG(s) 'etl_incidentes_viales_v2' retrieved from /opt/airflow/dags/etl_incidentes_dag.py
[2026-05-27T02:55:08.646+0000] {logging_mixin.py:188} INFO - [2026-05-27T02:55:08.646+0000] {dag.py:3036} INFO - Sync 1 DAGs
[2026-05-27T02:55:08.665+0000] {logging_mixin.py:188} INFO - [2026-05-27T02:55:08.665+0000] {dag.py:3823} INFO - Setting next_dagrun for etl_incidentes_viales_v2 to 2026-05-01 00:00:00+00:00, run_after=2026-06-01 00:00:00+00:00
[2026-05-27T02:55:08.685+0000] {processor.py:183} INFO - Processing /opt/airflow/dags/etl_incidentes_dag.py took 0.095 seconds
[2026-05-27T02:55:38.920+0000] {processor.py:161} INFO - Started process (PID=1644) to work on /opt/airflow/dags/etl_incidentes_dag.py
[2026-05-27T02:55:38.921+0000] {processor.py:830} INFO - Processing file /opt/airflow/dags/etl_incidentes_dag.py for tasks to queue
[2026-05-27T02:55:38.922+0000] {logging_mixin.py:188} INFO - [2026-05-27T02:55:38.922+0000] {dagbag.py:538} INFO - Filling up the DagBag from /opt/airflow/dags/etl_incidentes_dag.py
[2026-05-27T02:55:38.958+0000] {processor.py:840} INFO - DAG(s) 'etl_incidentes_viales_v2' retrieved from /opt/airflow/dags/etl_incidentes_dag.py
[2026-05-27T02:55:38.989+0000] {logging_mixin.py:188} INFO - [2026-05-27T02:55:38.989+0000] {dag.py:3036} INFO - Sync 1 DAGs
[2026-05-27T02:55:39.009+0000] {logging_mixin.py:188} INFO - [2026-05-27T02:55:39.009+0000] {dag.py:3823} INFO - Setting next_dagrun for etl_incidentes_viales_v2 to 2026-05-01 00:00:00+00:00, run_after=2026-06-01 00:00:00+00:00
[2026-05-27T02:55:39.031+0000] {processor.py:183} INFO - Processing /opt/airflow/dags/etl_incidentes_dag.py took 0.114 seconds
[2026-05-27T02:56:09.155+0000] {processor.py:161} INFO - Started process (PID=1649) to work on /opt/airflow/dags/etl_incidentes_dag.py
[2026-05-27T02:56:09.157+0000] {processor.py:830} INFO - Processing file /opt/airflow/dags/etl_incidentes_dag.py for tasks to queue
[2026-05-27T02:56:09.158+0000] {logging_mixin.py:188} INFO - [2026-05-27T02:56:09.157+0000] {dagbag.py:538} INFO - Filling up the DagBag from /opt/airflow/dags/etl_incidentes_dag.py
[2026-05-27T02:56:09.187+0000] {processor.py:840} INFO - DAG(s) 'etl_incidentes_viales_v2' retrieved from /opt/airflow/dags/etl_incidentes_dag.py
[2026-05-27T02:56:09.219+0000] {logging_mixin.py:188} INFO - [2026-05-27T02:56:09.219+0000] {dag.py:3036} INFO - Sync 1 DAGs
[2026-05-27T02:56:09.243+0000] {logging_mixin.py:188} INFO - [2026-05-27T02:56:09.243+0000] {dag.py:3823} INFO - Setting next_dagrun for etl_incidentes_viales_v2 to 2026-05-01 00:00:00+00:00, run_after=2026-06-01 00:00:00+00:00
[2026-05-27T02:56:09.270+0000] {processor.py:183} INFO - Processing /opt/airflow/dags/etl_incidentes_dag.py took 0.119 seconds
[2026-05-27T02:56:39.356+0000] {processor.py:161} INFO - Started process (PID=1654) to work on /opt/airflow/dags/etl_incidentes_dag.py
[2026-05-27T02:56:39.358+0000] {processor.py:830} INFO - Processing file /opt/airflow/dags/etl_incidentes_dag.py for tasks to queue
[2026-05-27T02:56:39.359+0000] {logging_mixin.py:188} INFO - [2026-05-27T02:56:39.359+0000] {dagbag.py:538} INFO - Filling up the DagBag from /opt/airflow/dags/etl_incidentes_dag.py
[2026-05-27T02:56:39.384+0000] {processor.py:840} INFO - DAG(s) 'etl_incidentes_viales_v2' retrieved from /opt/airflow/dags/etl_incidentes_dag.py
[2026-05-27T02:56:39.413+0000] {logging_mixin.py:188} INFO - [2026-05-27T02:56:39.413+0000] {dag.py:3036} INFO - Sync 1 DAGs
[2026-05-27T02:56:39.437+0000] {logging_mixin.py:188} INFO - [2026-05-27T02:56:39.436+0000] {dag.py:3823} INFO - Setting next_dagrun for etl_incidentes_viales_v2 to 2026-05-01 00:00:00+00:00, run_after=2026-06-01 00:00:00+00:00
[2026-05-27T02:56:39.461+0000] {processor.py:183} INFO - Processing /opt/airflow/dags/etl_incidentes_dag.py took 0.108 seconds
[2026-05-27T02:57:09.681+0000] {processor.py:161} INFO - Started process (PID=1659) to work on /opt/airflow/dags/etl_incidentes_dag.py
[2026-05-27T02:57:09.683+0000] {processor.py:830} INFO - Processing file /opt/airflow/dags/etl_incidentes_dag.py for tasks to queue
[2026-05-27T02:57:09.684+0000] {logging_mixin.py:188} INFO - [2026-05-27T02:57:09.683+0000] {dagbag.py:538} INFO - Filling up the DagBag from /opt/airflow/dags/etl_incidentes_dag.py
[2026-05-27T02:57:09.707+0000] {processor.py:840} INFO - DAG(s) 'etl_incidentes_viales_v2' retrieved from /opt/airflow/dags/etl_incidentes_dag.py
[2026-05-27T02:57:09.732+0000] {logging_mixin.py:188} INFO - [2026-05-27T02:57:09.732+0000] {dag.py:3036} INFO - Sync 1 DAGs
[2026-05-27T02:57:09.750+0000] {logging_mixin.py:188} INFO - [2026-05-27T02:57:09.750+0000] {dag.py:3823} INFO - Setting next_dagrun for etl_incidentes_viales_v2 to 2026-05-01 00:00:00+00:00, run_after=2026-06-01 00:00:00+00:00
[2026-05-27T02:57:09.772+0000] {processor.py:183} INFO - Processing /opt/airflow/dags/etl_incidentes_dag.py took 0.094 seconds
[2026-05-27T02:57:39.953+0000] {processor.py:161} INFO - Started process (PID=1664) to work on /opt/airflow/dags/etl_incidentes_dag.py
[2026-05-27T02:57:39.955+0000] {processor.py:830} INFO - Processing file /opt/airflow/dags/etl_incidentes_dag.py for tasks to queue
[2026-05-27T02:57:39.956+0000] {logging_mixin.py:188} INFO - [2026-05-27T02:57:39.955+0000] {dagbag.py:538} INFO - Filling up the DagBag from /opt/airflow/dags/etl_incidentes_dag.py
[2026-05-27T02:57:39.990+0000] {processor.py:840} INFO - DAG(s) 'etl_incidentes_viales_v2' retrieved from /opt/airflow/dags/etl_incidentes_dag.py
[2026-05-27T02:57:40.019+0000] {logging_mixin.py:188} INFO - [2026-05-27T02:57:40.019+0000] {dag.py:3036} INFO - Sync 1 DAGs
[2026-05-27T02:57:40.042+0000] {logging_mixin.py:188} INFO - [2026-05-27T02:57:40.042+0000] {dag.py:3823} INFO - Setting next_dagrun for etl_incidentes_viales_v2 to 2026-05-01 00:00:00+00:00, run_after=2026-06-01 00:00:00+00:00
[2026-05-27T02:57:40.068+0000] {processor.py:183} INFO - Processing /opt/airflow/dags/etl_incidentes_dag.py took 0.118 seconds
[2026-05-27T02:58:10.271+0000] {processor.py:161} INFO - Started process (PID=1669) to work on /opt/airflow/dags/etl_incidentes_dag.py
[2026-05-27T02:58:10.272+0000] {processor.py:830} INFO - Processing file /opt/airflow/dags/etl_incidentes_dag.py for tasks to queue
[2026-05-27T02:58:10.273+0000] {logging_mixin.py:188} INFO - [2026-05-27T02:58:10.273+0000] {dagbag.py:538} INFO - Filling up the DagBag from /opt/airflow/dags/etl_incidentes_dag.py
[2026-05-27T02:58:10.299+0000] {processor.py:840} INFO - DAG(s) 'etl_incidentes_viales_v2' retrieved from /opt/airflow/dags/etl_incidentes_dag.py
[2026-05-27T02:58:10.330+0000] {logging_mixin.py:188} INFO - [2026-05-27T02:58:10.330+0000] {dag.py:3036} INFO - Sync 1 DAGs
[2026-05-27T02:58:10.352+0000] {logging_mixin.py:188} INFO - [2026-05-27T02:58:10.352+0000] {dag.py:3823} INFO - Setting next_dagrun for etl_incidentes_viales_v2 to 2026-05-01 00:00:00+00:00, run_after=2026-06-01 00:00:00+00:00
[2026-05-27T02:58:10.376+0000] {processor.py:183} INFO - Processing /opt/airflow/dags/etl_incidentes_dag.py took 0.109 seconds
[2026-05-27T02:58:40.615+0000] {processor.py:161} INFO - Started process (PID=1674) to work on /opt/airflow/dags/etl_incidentes_dag.py
[2026-05-27T02:58:40.616+0000] {processor.py:830} INFO - Processing file /opt/airflow/dags/etl_incidentes_dag.py for tasks to queue
[2026-05-27T02:58:40.617+0000] {logging_mixin.py:188} INFO - [2026-05-27T02:58:40.617+0000] {dagbag.py:538} INFO - Filling up the DagBag from /opt/airflow/dags/etl_incidentes_dag.py
[2026-05-27T02:58:40.657+0000] {processor.py:840} INFO - DAG(s) 'etl_incidentes_viales_v2' retrieved from /opt/airflow/dags/etl_incidentes_dag.py
[2026-05-27T02:58:40.703+0000] {logging_mixin.py:188} INFO - [2026-05-27T02:58:40.703+0000] {dag.py:3036} INFO - Sync 1 DAGs
[2026-05-27T02:58:40.743+0000] {logging_mixin.py:188} INFO - [2026-05-27T02:58:40.743+0000] {dag.py:3823} INFO - Setting next_dagrun for etl_incidentes_viales_v2 to 2026-05-01 00:00:00+00:00, run_after=2026-06-01 00:00:00+00:00
[2026-05-27T02:58:40.780+0000] {processor.py:183} INFO - Processing /opt/airflow/dags/etl_incidentes_dag.py took 0.168 seconds
[2026-05-27T02:59:10.853+0000] {processor.py:161} INFO - Started process (PID=1679) to work on /opt/airflow/dags/etl_incidentes_dag.py
[2026-05-27T02:59:10.854+0000] {processor.py:830} INFO - Processing file /opt/airflow/dags/etl_incidentes_dag.py for tasks to queue
[2026-05-27T02:59:10.855+0000] {logging_mixin.py:188} INFO - [2026-05-27T02:59:10.855+0000] {dagbag.py:538} INFO - Filling up the DagBag from /opt/airflow/dags/etl_incidentes_dag.py
[2026-05-27T02:59:10.880+0000] {processor.py:840} INFO - DAG(s) 'etl_incidentes_viales_v2' retrieved from /opt/airflow/dags/etl_incidentes_dag.py
[2026-05-27T02:59:10.912+0000] {logging_mixin.py:188} INFO - [2026-05-27T02:59:10.912+0000] {dag.py:3036} INFO - Sync 1 DAGs
[2026-05-27T02:59:10.934+0000] {logging_mixin.py:188} INFO - [2026-05-27T02:59:10.933+0000] {dag.py:3823} INFO - Setting next_dagrun for etl_incidentes_viales_v2 to 2026-05-01 00:00:00+00:00, run_after=2026-06-01 00:00:00+00:00
[2026-05-27T02:59:10.957+0000] {processor.py:183} INFO - Processing /opt/airflow/dags/etl_incidentes_dag.py took 0.108 seconds
[2026-05-27T02:59:41.102+0000] {processor.py:161} INFO - Started process (PID=1684) to work on /opt/airflow/dags/etl_incidentes_dag.py
[2026-05-27T02:59:41.103+0000] {processor.py:830} INFO - Processing file /opt/airflow/dags/etl_incidentes_dag.py for tasks to queue
[2026-05-27T02:59:41.104+0000] {logging_mixin.py:188} INFO - [2026-05-27T02:59:41.104+0000] {dagbag.py:538} INFO - Filling up the DagBag from /opt/airflow/dags/etl_incidentes_dag.py
[2026-05-27T02:59:41.138+0000] {processor.py:840} INFO - DAG(s) 'etl_incidentes_viales_v2' retrieved from /opt/airflow/dags/etl_incidentes_dag.py
[2026-05-27T02:59:41.174+0000] {logging_mixin.py:188} INFO - [2026-05-27T02:59:41.174+0000] {dag.py:3036} INFO - Sync 1 DAGs
[2026-05-27T02:59:41.203+0000] {logging_mixin.py:188} INFO - [2026-05-27T02:59:41.203+0000] {dag.py:3823} INFO - Setting next_dagrun for etl_incidentes_viales_v2 to 2026-05-01 00:00:00+00:00, run_after=2026-06-01 00:00:00+00:00
[2026-05-27T02:59:41.238+0000] {processor.py:183} INFO - Processing /opt/airflow/dags/etl_incidentes_dag.py took 0.140 seconds
[2026-05-27T03:00:11.334+0000] {processor.py:161} INFO - Started process (PID=1689) to work on /opt/airflow/dags/etl_incidentes_dag.py
[2026-05-27T03:00:11.336+0000] {processor.py:830} INFO - Processing file /opt/airflow/dags/etl_incidentes_dag.py for tasks to queue
[2026-05-27T03:00:11.337+0000] {logging_mixin.py:188} INFO - [2026-05-27T03:00:11.337+0000] {dagbag.py:538} INFO - Filling up the DagBag from /opt/airflow/dags/etl_incidentes_dag.py
[2026-05-27T03:00:11.362+0000] {processor.py:840} INFO - DAG(s) 'etl_incidentes_viales_v2' retrieved from /opt/airflow/dags/etl_incidentes_dag.py
[2026-05-27T03:00:11.390+0000] {logging_mixin.py:188} INFO - [2026-05-27T03:00:11.390+0000] {dag.py:3036} INFO - Sync 1 DAGs
[2026-05-27T03:00:11.413+0000] {logging_mixin.py:188} INFO - [2026-05-27T03:00:11.413+0000] {dag.py:3823} INFO - Setting next_dagrun for etl_incidentes_viales_v2 to 2026-05-01 00:00:00+00:00, run_after=2026-06-01 00:00:00+00:00
[2026-05-27T03:00:11.434+0000] {processor.py:183} INFO - Processing /opt/airflow/dags/etl_incidentes_dag.py took 0.103 seconds
[2026-05-27T03:00:41.663+0000] {processor.py:161} INFO - Started process (PID=1694) to work on /opt/airflow/dags/etl_incidentes_dag.py
[2026-05-27T03:00:41.664+0000] {processor.py:830} INFO - Processing file /opt/airflow/dags/etl_incidentes_dag.py for tasks to queue
[2026-05-27T03:00:41.666+0000] {logging_mixin.py:188} INFO - [2026-05-27T03:00:41.665+0000] {dagbag.py:538} INFO - Filling up the DagBag from /opt/airflow/dags/etl_incidentes_dag.py
[2026-05-27T03:00:41.692+0000] {processor.py:840} INFO - DAG(s) 'etl_incidentes_viales_v2' retrieved from /opt/airflow/dags/etl_incidentes_dag.py
[2026-05-27T03:00:41.722+0000] {logging_mixin.py:188} INFO - [2026-05-27T03:00:41.721+0000] {dag.py:3036} INFO - Sync 1 DAGs
[2026-05-27T03:00:41.745+0000] {logging_mixin.py:188} INFO - [2026-05-27T03:00:41.745+0000] {dag.py:3823} INFO - Setting next_dagrun for etl_incidentes_viales_v2 to 2026-05-01 00:00:00+00:00, run_after=2026-06-01 00:00:00+00:00
[2026-05-27T03:00:41.769+0000] {processor.py:183} INFO - Processing /opt/airflow/dags/etl_incidentes_dag.py took 0.110 seconds
[2026-05-27T03:01:11.881+0000] {processor.py:161} INFO - Started process (PID=1699) to work on /opt/airflow/dags/etl_incidentes_dag.py
[2026-05-27T03:01:11.884+0000] {processor.py:830} INFO - Processing file /opt/airflow/dags/etl_incidentes_dag.py for tasks to queue
[2026-05-27T03:01:11.888+0000] {logging_mixin.py:188} INFO - [2026-05-27T03:01:11.888+0000] {dagbag.py:538} INFO - Filling up the DagBag from /opt/airflow/dags/etl_incidentes_dag.py
[2026-05-27T03:01:12.083+0000] {processor.py:840} INFO - DAG(s) 'etl_incidentes_viales_v2' retrieved from /opt/airflow/dags/etl_incidentes_dag.py
[2026-05-27T03:01:12.129+0000] {logging_mixin.py:188} INFO - [2026-05-27T03:01:12.129+0000] {dag.py:3036} INFO - Sync 1 DAGs
[2026-05-27T03:01:12.165+0000] {logging_mixin.py:188} INFO - [2026-05-27T03:01:12.165+0000] {dag.py:3823} INFO - Setting next_dagrun for etl_incidentes_viales_v2 to 2026-05-01 00:00:00+00:00, run_after=2026-06-01 00:00:00+00:00
[2026-05-27T03:01:12.197+0000] {processor.py:183} INFO - Processing /opt/airflow/dags/etl_incidentes_dag.py took 0.321 seconds
[2026-05-27T03:01:42.454+0000] {processor.py:161} INFO - Started process (PID=1704) to work on /opt/airflow/dags/etl_incidentes_dag.py
[2026-05-27T03:01:42.457+0000] {processor.py:830} INFO - Processing file /opt/airflow/dags/etl_incidentes_dag.py for tasks to queue
[2026-05-27T03:01:42.459+0000] {logging_mixin.py:188} INFO - [2026-05-27T03:01:42.458+0000] {dagbag.py:538} INFO - Filling up the DagBag from /opt/airflow/dags/etl_incidentes_dag.py
[2026-05-27T03:01:42.538+0000] {processor.py:840} INFO - DAG(s) 'etl_incidentes_viales_v2' retrieved from /opt/airflow/dags/etl_incidentes_dag.py
[2026-05-27T03:01:42.591+0000] {logging_mixin.py:188} INFO - [2026-05-27T03:01:42.591+0000] {dag.py:3036} INFO - Sync 1 DAGs
[2026-05-27T03:01:42.633+0000] {logging_mixin.py:188} INFO - [2026-05-27T03:01:42.633+0000] {dag.py:3823} INFO - Setting next_dagrun for etl_incidentes_viales_v2 to 2026-05-01 00:00:00+00:00, run_after=2026-06-01 00:00:00+00:00
[2026-05-27T03:01:42.677+0000] {processor.py:183} INFO - Processing /opt/airflow/dags/etl_incidentes_dag.py took 0.228 seconds
[2026-05-27T03:02:12.919+0000] {processor.py:161} INFO - Started process (PID=1709) to work on /opt/airflow/dags/etl_incidentes_dag.py
[2026-05-27T03:02:12.921+0000] {processor.py:830} INFO - Processing file /opt/airflow/dags/etl_incidentes_dag.py for tasks to queue
[2026-05-27T03:02:12.922+0000] {logging_mixin.py:188} INFO - [2026-05-27T03:02:12.922+0000] {dagbag.py:538} INFO - Filling up the DagBag from /opt/airflow/dags/etl_incidentes_dag.py
[2026-05-27T03:02:12.956+0000] {processor.py:840} INFO - DAG(s) 'etl_incidentes_viales_v2' retrieved from /opt/airflow/dags/etl_incidentes_dag.py
[2026-05-27T03:02:12.999+0000] {logging_mixin.py:188} INFO - [2026-05-27T03:02:12.999+0000] {dag.py:3036} INFO - Sync 1 DAGs
[2026-05-27T03:02:13.030+0000] {logging_mixin.py:188} INFO - [2026-05-27T03:02:13.030+0000] {dag.py:3823} INFO - Setting next_dagrun for etl_incidentes_viales_v2 to 2026-05-01 00:00:00+00:00, run_after=2026-06-01 00:00:00+00:00
[2026-05-27T03:02:13.064+0000] {processor.py:183} INFO - Processing /opt/airflow/dags/etl_incidentes_dag.py took 0.149 seconds
[2026-05-27T03:02:43.153+0000] {processor.py:161} INFO - Started process (PID=1714) to work on /opt/airflow/dags/etl_incidentes_dag.py
[2026-05-27T03:02:43.155+0000] {processor.py:830} INFO - Processing file /opt/airflow/dags/etl_incidentes_dag.py for tasks to queue
[2026-05-27T03:02:43.158+0000] {logging_mixin.py:188} INFO - [2026-05-27T03:02:43.156+0000] {dagbag.py:538} INFO - Filling up the DagBag from /opt/airflow/dags/etl_incidentes_dag.py
[2026-05-27T03:02:43.187+0000] {processor.py:840} INFO - DAG(s) 'etl_incidentes_viales_v2' retrieved from /opt/airflow/dags/etl_incidentes_dag.py
[2026-05-27T03:02:43.224+0000] {logging_mixin.py:188} INFO - [2026-05-27T03:02:43.223+0000] {dag.py:3036} INFO - Sync 1 DAGs
[2026-05-27T03:02:43.251+0000] {logging_mixin.py:188} INFO - [2026-05-27T03:02:43.251+0000] {dag.py:3823} INFO - Setting next_dagrun for etl_incidentes_viales_v2 to 2026-05-01 00:00:00+00:00, run_after=2026-06-01 00:00:00+00:00
[2026-05-27T03:02:43.282+0000] {processor.py:183} INFO - Processing /opt/airflow/dags/etl_incidentes_dag.py took 0.133 seconds
[2026-05-27T03:03:13.594+0000] {processor.py:161} INFO - Started process (PID=1719) to work on /opt/airflow/dags/etl_incidentes_dag.py
[2026-05-27T03:03:13.595+0000] {processor.py:830} INFO - Processing file /opt/airflow/dags/etl_incidentes_dag.py for tasks to queue
[2026-05-27T03:03:13.597+0000] {logging_mixin.py:188} INFO - [2026-05-27T03:03:13.597+0000] {dagbag.py:538} INFO - Filling up the DagBag from /opt/airflow/dags/etl_incidentes_dag.py
[2026-05-27T03:03:13.671+0000] {processor.py:840} INFO - DAG(s) 'etl_incidentes_viales_v2' retrieved from /opt/airflow/dags/etl_incidentes_dag.py
[2026-05-27T03:03:13.711+0000] {logging_mixin.py:188} INFO - [2026-05-27T03:03:13.711+0000] {dag.py:3036} INFO - Sync 1 DAGs
[2026-05-27T03:03:13.728+0000] {logging_mixin.py:188} INFO - [2026-05-27T03:03:13.727+0000] {dag.py:3823} INFO - Setting next_dagrun for etl_incidentes_viales_v2 to 2026-05-01 00:00:00+00:00, run_after=2026-06-01 00:00:00+00:00
[2026-05-27T03:03:13.753+0000] {processor.py:183} INFO - Processing /opt/airflow/dags/etl_incidentes_dag.py took 0.162 seconds
[2026-05-27T03:03:43.799+0000] {processor.py:161} INFO - Started process (PID=1724) to work on /opt/airflow/dags/etl_incidentes_dag.py
[2026-05-27T03:03:43.800+0000] {processor.py:830} INFO - Processing file /opt/airflow/dags/etl_incidentes_dag.py for tasks to queue
[2026-05-27T03:03:43.801+0000] {logging_mixin.py:188} INFO - [2026-05-27T03:03:43.801+0000] {dagbag.py:538} INFO - Filling up the DagBag from /opt/airflow/dags/etl_incidentes_dag.py
[2026-05-27T03:03:43.824+0000] {processor.py:840} INFO - DAG(s) 'etl_incidentes_viales_v2' retrieved from /opt/airflow/dags/etl_incidentes_dag.py
[2026-05-27T03:03:43.850+0000] {logging_mixin.py:188} INFO - [2026-05-27T03:03:43.850+0000] {dag.py:3036} INFO - Sync 1 DAGs
[2026-05-27T03:03:43.871+0000] {logging_mixin.py:188} INFO - [2026-05-27T03:03:43.871+0000] {dag.py:3823} INFO - Setting next_dagrun for etl_incidentes_viales_v2 to 2026-05-01 00:00:00+00:00, run_after=2026-06-01 00:00:00+00:00
[2026-05-27T03:03:43.896+0000] {processor.py:183} INFO - Processing /opt/airflow/dags/etl_incidentes_dag.py took 0.100 seconds
[2026-05-27T03:04:14.060+0000] {processor.py:161} INFO - Started process (PID=1729) to work on /opt/airflow/dags/etl_incidentes_dag.py
[2026-05-27T03:04:14.061+0000] {processor.py:830} INFO - Processing file /opt/airflow/dags/etl_incidentes_dag.py for tasks to queue
[2026-05-27T03:04:14.062+0000] {logging_mixin.py:188} INFO - [2026-05-27T03:04:14.062+0000] {dagbag.py:538} INFO - Filling up the DagBag from /opt/airflow/dags/etl_incidentes_dag.py
[2026-05-27T03:04:14.084+0000] {processor.py:840} INFO - DAG(s) 'etl_incidentes_viales_v2' retrieved from /opt/airflow/dags/etl_incidentes_dag.py
[2026-05-27T03:04:14.111+0000] {logging_mixin.py:188} INFO - [2026-05-27T03:04:14.111+0000] {dag.py:3036} INFO - Sync 1 DAGs
[2026-05-27T03:04:14.130+0000] {logging_mixin.py:188} INFO - [2026-05-27T03:04:14.130+0000] {dag.py:3823} INFO - Setting next_dagrun for etl_incidentes_viales_v2 to 2026-05-01 00:00:00+00:00, run_after=2026-06-01 00:00:00+00:00
[2026-05-27T03:04:14.149+0000] {processor.py:183} INFO - Processing /opt/airflow/dags/etl_incidentes_dag.py took 0.091 seconds
[2026-05-27T03:04:44.307+0000] {processor.py:161} INFO - Started process (PID=1734) to work on /opt/airflow/dags/etl_incidentes_dag.py
[2026-05-27T03:04:44.308+0000] {processor.py:830} INFO - Processing file /opt/airflow/dags/etl_incidentes_dag.py for tasks to queue
[2026-05-27T03:04:44.309+0000] {logging_mixin.py:188} INFO - [2026-05-27T03:04:44.309+0000] {dagbag.py:538} INFO - Filling up the DagBag from /opt/airflow/dags/etl_incidentes_dag.py
[2026-05-27T03:04:44.333+0000] {processor.py:840} INFO - DAG(s) 'etl_incidentes_viales_v2' retrieved from /opt/airflow/dags/etl_incidentes_dag.py
[2026-05-27T03:04:44.358+0000] {logging_mixin.py:188} INFO - [2026-05-27T03:04:44.358+0000] {dag.py:3036} INFO - Sync 1 DAGs
[2026-05-27T03:04:44.377+0000] {logging_mixin.py:188} INFO - [2026-05-27T03:04:44.377+0000] {dag.py:3823} INFO - Setting next_dagrun for etl_incidentes_viales_v2 to 2026-05-01 00:00:00+00:00, run_after=2026-06-01 00:00:00+00:00
[2026-05-27T03:04:44.396+0000] {processor.py:183} INFO - Processing /opt/airflow/dags/etl_incidentes_dag.py took 0.093 seconds
[2026-05-27T03:05:14.588+0000] {processor.py:161} INFO - Started process (PID=1739) to work on /opt/airflow/dags/etl_incidentes_dag.py
[2026-05-27T03:05:14.589+0000] {processor.py:830} INFO - Processing file /opt/airflow/dags/etl_incidentes_dag.py for tasks to queue
[2026-05-27T03:05:14.591+0000] {logging_mixin.py:188} INFO - [2026-05-27T03:05:14.590+0000] {dagbag.py:538} INFO - Filling up the DagBag from /opt/airflow/dags/etl_incidentes_dag.py
[2026-05-27T03:05:14.628+0000] {processor.py:840} INFO - DAG(s) 'etl_incidentes_viales_v2' retrieved from /opt/airflow/dags/etl_incidentes_dag.py
[2026-05-27T03:05:14.671+0000] {logging_mixin.py:188} INFO - [2026-05-27T03:05:14.671+0000] {dag.py:3036} INFO - Sync 1 DAGs
[2026-05-27T03:05:14.688+0000] {logging_mixin.py:188} INFO - [2026-05-27T03:05:14.688+0000] {dag.py:3823} INFO - Setting next_dagrun for etl_incidentes_viales_v2 to 2026-05-01 00:00:00+00:00, run_after=2026-06-01 00:00:00+00:00
[2026-05-27T03:05:14.716+0000] {processor.py:183} INFO - Processing /opt/airflow/dags/etl_incidentes_dag.py took 0.130 seconds
[2026-05-27T03:05:44.890+0000] {processor.py:161} INFO - Started process (PID=1744) to work on /opt/airflow/dags/etl_incidentes_dag.py
[2026-05-27T03:05:44.891+0000] {processor.py:830} INFO - Processing file /opt/airflow/dags/etl_incidentes_dag.py for tasks to queue
[2026-05-27T03:05:44.893+0000] {logging_mixin.py:188} INFO - [2026-05-27T03:05:44.893+0000] {dagbag.py:538} INFO - Filling up the DagBag from /opt/airflow/dags/etl_incidentes_dag.py
[2026-05-27T03:05:44.922+0000] {processor.py:840} INFO - DAG(s) 'etl_incidentes_viales_v2' retrieved from /opt/airflow/dags/etl_incidentes_dag.py
[2026-05-27T03:05:44.951+0000] {logging_mixin.py:188} INFO - [2026-05-27T03:05:44.951+0000] {dag.py:3036} INFO - Sync 1 DAGs
[2026-05-27T03:05:44.971+0000] {logging_mixin.py:188} INFO - [2026-05-27T03:05:44.970+0000] {dag.py:3823} INFO - Setting next_dagrun for etl_incidentes_viales_v2 to 2026-05-01 00:00:00+00:00, run_after=2026-06-01 00:00:00+00:00
[2026-05-27T03:05:44.993+0000] {processor.py:183} INFO - Processing /opt/airflow/dags/etl_incidentes_dag.py took 0.106 seconds
[2026-05-27T03:06:15.116+0000] {processor.py:161} INFO - Started process (PID=1749) to work on /opt/airflow/dags/etl_incidentes_dag.py
[2026-05-27T03:06:15.118+0000] {processor.py:830} INFO - Processing file /opt/airflow/dags/etl_incidentes_dag.py for tasks to queue
[2026-05-27T03:06:15.119+0000] {logging_mixin.py:188} INFO - [2026-05-27T03:06:15.119+0000] {dagbag.py:538} INFO - Filling up the DagBag from /opt/airflow/dags/etl_incidentes_dag.py
[2026-05-27T03:06:15.144+0000] {processor.py:840} INFO - DAG(s) 'etl_incidentes_viales_v2' retrieved from /opt/airflow/dags/etl_incidentes_dag.py
[2026-05-27T03:06:15.181+0000] {logging_mixin.py:188} INFO - [2026-05-27T03:06:15.180+0000] {dag.py:3036} INFO - Sync 1 DAGs
[2026-05-27T03:06:15.205+0000] {logging_mixin.py:188} INFO - [2026-05-27T03:06:15.205+0000] {dag.py:3823} INFO - Setting next_dagrun for etl_incidentes_viales_v2 to 2026-05-01 00:00:00+00:00, run_after=2026-06-01 00:00:00+00:00
[2026-05-27T03:06:15.232+0000] {processor.py:183} INFO - Processing /opt/airflow/dags/etl_incidentes_dag.py took 0.118 seconds
[2026-05-27T03:06:45.470+0000] {processor.py:161} INFO - Started process (PID=1754) to work on /opt/airflow/dags/etl_incidentes_dag.py
[2026-05-27T03:06:45.471+0000] {processor.py:830} INFO - Processing file /opt/airflow/dags/etl_incidentes_dag.py for tasks to queue
[2026-05-27T03:06:45.472+0000] {logging_mixin.py:188} INFO - [2026-05-27T03:06:45.471+0000] {dagbag.py:538} INFO - Filling up the DagBag from /opt/airflow/dags/etl_incidentes_dag.py
[2026-05-27T03:06:45.495+0000] {processor.py:840} INFO - DAG(s) 'etl_incidentes_viales_v2' retrieved from /opt/airflow/dags/etl_incidentes_dag.py
[2026-05-27T03:06:45.521+0000] {logging_mixin.py:188} INFO - [2026-05-27T03:06:45.521+0000] {dag.py:3036} INFO - Sync 1 DAGs
[2026-05-27T03:06:45.541+0000] {logging_mixin.py:188} INFO - [2026-05-27T03:06:45.540+0000] {dag.py:3823} INFO - Setting next_dagrun for etl_incidentes_viales_v2 to 2026-05-01 00:00:00+00:00, run_after=2026-06-01 00:00:00+00:00
[2026-05-27T03:06:45.562+0000] {processor.py:183} INFO - Processing /opt/airflow/dags/etl_incidentes_dag.py took 0.095 seconds
[2026-05-27T03:07:15.685+0000] {processor.py:161} INFO - Started process (PID=1759) to work on /opt/airflow/dags/etl_incidentes_dag.py
[2026-05-27T03:07:15.686+0000] {processor.py:830} INFO - Processing file /opt/airflow/dags/etl_incidentes_dag.py for tasks to queue
[2026-05-27T03:07:15.688+0000] {logging_mixin.py:188} INFO - [2026-05-27T03:07:15.688+0000] {dagbag.py:538} INFO - Filling up the DagBag from /opt/airflow/dags/etl_incidentes_dag.py
[2026-05-27T03:07:15.714+0000] {processor.py:840} INFO - DAG(s) 'etl_incidentes_viales_v2' retrieved from /opt/airflow/dags/etl_incidentes_dag.py
[2026-05-27T03:07:15.741+0000] {logging_mixin.py:188} INFO - [2026-05-27T03:07:15.741+0000] {dag.py:3036} INFO - Sync 1 DAGs
[2026-05-27T03:07:15.762+0000] {logging_mixin.py:188} INFO - [2026-05-27T03:07:15.762+0000] {dag.py:3823} INFO - Setting next_dagrun for etl_incidentes_viales_v2 to 2026-05-01 00:00:00+00:00, run_after=2026-06-01 00:00:00+00:00
[2026-05-27T03:07:15.780+0000] {processor.py:183} INFO - Processing /opt/airflow/dags/etl_incidentes_dag.py took 0.099 seconds
[2026-05-27T03:07:45.958+0000] {processor.py:161} INFO - Started process (PID=1764) to work on /opt/airflow/dags/etl_incidentes_dag.py
[2026-05-27T03:07:45.959+0000] {processor.py:830} INFO - Processing file /opt/airflow/dags/etl_incidentes_dag.py for tasks to queue
[2026-05-27T03:07:45.960+0000] {logging_mixin.py:188} INFO - [2026-05-27T03:07:45.960+0000] {dagbag.py:538} INFO - Filling up the DagBag from /opt/airflow/dags/etl_incidentes_dag.py
[2026-05-27T03:07:45.985+0000] {processor.py:840} INFO - DAG(s) 'etl_incidentes_viales_v2' retrieved from /opt/airflow/dags/etl_incidentes_dag.py
[2026-05-27T03:07:46.013+0000] {logging_mixin.py:188} INFO - [2026-05-27T03:07:46.013+0000] {dag.py:3036} INFO - Sync 1 DAGs
[2026-05-27T03:07:46.033+0000] {logging_mixin.py:188} INFO - [2026-05-27T03:07:46.033+0000] {dag.py:3823} INFO - Setting next_dagrun for etl_incidentes_viales_v2 to 2026-05-01 00:00:00+00:00, run_after=2026-06-01 00:00:00+00:00
[2026-05-27T03:07:46.057+0000] {processor.py:183} INFO - Processing /opt/airflow/dags/etl_incidentes_dag.py took 0.102 seconds
[2026-05-27T03:08:16.204+0000] {processor.py:161} INFO - Started process (PID=1769) to work on /opt/airflow/dags/etl_incidentes_dag.py
[2026-05-27T03:08:16.205+0000] {processor.py:830} INFO - Processing file /opt/airflow/dags/etl_incidentes_dag.py for tasks to queue
[2026-05-27T03:08:16.207+0000] {logging_mixin.py:188} INFO - [2026-05-27T03:08:16.207+0000] {dagbag.py:538} INFO - Filling up the DagBag from /opt/airflow/dags/etl_incidentes_dag.py
[2026-05-27T03:08:16.234+0000] {processor.py:840} INFO - DAG(s) 'etl_incidentes_viales_v2' retrieved from /opt/airflow/dags/etl_incidentes_dag.py
[2026-05-27T03:08:16.268+0000] {logging_mixin.py:188} INFO - [2026-05-27T03:08:16.268+0000] {dag.py:3036} INFO - Sync 1 DAGs
[2026-05-27T03:08:16.296+0000] {logging_mixin.py:188} INFO - [2026-05-27T03:08:16.296+0000] {dag.py:3823} INFO - Setting next_dagrun for etl_incidentes_viales_v2 to 2026-05-01 00:00:00+00:00, run_after=2026-06-01 00:00:00+00:00
[2026-05-27T03:08:16.320+0000] {processor.py:183} INFO - Processing /opt/airflow/dags/etl_incidentes_dag.py took 0.120 seconds
[2026-05-27T03:08:46.487+0000] {processor.py:161} INFO - Started process (PID=1774) to work on /opt/airflow/dags/etl_incidentes_dag.py
[2026-05-27T03:08:46.488+0000] {processor.py:830} INFO - Processing file /opt/airflow/dags/etl_incidentes_dag.py for tasks to queue
[2026-05-27T03:08:46.489+0000] {logging_mixin.py:188} INFO - [2026-05-27T03:08:46.489+0000] {dagbag.py:538} INFO - Filling up the DagBag from /opt/airflow/dags/etl_incidentes_dag.py
[2026-05-27T03:08:46.515+0000] {processor.py:840} INFO - DAG(s) 'etl_incidentes_viales_v2' retrieved from /opt/airflow/dags/etl_incidentes_dag.py
[2026-05-27T03:08:46.550+0000] {logging_mixin.py:188} INFO - [2026-05-27T03:08:46.550+0000] {dag.py:3036} INFO - Sync 1 DAGs
[2026-05-27T03:08:46.581+0000] {logging_mixin.py:188} INFO - [2026-05-27T03:08:46.580+0000] {dag.py:3823} INFO - Setting next_dagrun for etl_incidentes_viales_v2 to 2026-05-01 00:00:00+00:00, run_after=2026-06-01 00:00:00+00:00
[2026-05-27T03:08:46.605+0000] {processor.py:183} INFO - Processing /opt/airflow/dags/etl_incidentes_dag.py took 0.122 seconds
[2026-05-27T03:09:16.777+0000] {processor.py:161} INFO - Started process (PID=1779) to work on /opt/airflow/dags/etl_incidentes_dag.py
[2026-05-27T03:09:16.778+0000] {processor.py:830} INFO - Processing file /opt/airflow/dags/etl_incidentes_dag.py for tasks to queue
[2026-05-27T03:09:16.779+0000] {logging_mixin.py:188} INFO - [2026-05-27T03:09:16.779+0000] {dagbag.py:538} INFO - Filling up the DagBag from /opt/airflow/dags/etl_incidentes_dag.py
[2026-05-27T03:09:16.812+0000] {processor.py:840} INFO - DAG(s) 'etl_incidentes_viales_v2' retrieved from /opt/airflow/dags/etl_incidentes_dag.py
[2026-05-27T03:09:16.851+0000] {logging_mixin.py:188} INFO - [2026-05-27T03:09:16.850+0000] {dag.py:3036} INFO - Sync 1 DAGs
[2026-05-27T03:09:16.882+0000] {logging_mixin.py:188} INFO - [2026-05-27T03:09:16.882+0000] {dag.py:3823} INFO - Setting next_dagrun for etl_incidentes_viales_v2 to 2026-05-01 00:00:00+00:00, run_after=2026-06-01 00:00:00+00:00
[2026-05-27T03:09:16.921+0000] {processor.py:183} INFO - Processing /opt/airflow/dags/etl_incidentes_dag.py took 0.150 seconds
[2026-05-27T03:09:47.031+0000] {processor.py:161} INFO - Started process (PID=1784) to work on /opt/airflow/dags/etl_incidentes_dag.py
[2026-05-27T03:09:47.032+0000] {processor.py:830} INFO - Processing file /opt/airflow/dags/etl_incidentes_dag.py for tasks to queue
[2026-05-27T03:09:47.033+0000] {logging_mixin.py:188} INFO - [2026-05-27T03:09:47.033+0000] {dagbag.py:538} INFO - Filling up the DagBag from /opt/airflow/dags/etl_incidentes_dag.py
[2026-05-27T03:09:47.058+0000] {processor.py:840} INFO - DAG(s) 'etl_incidentes_viales_v2' retrieved from /opt/airflow/dags/etl_incidentes_dag.py
[2026-05-27T03:09:47.086+0000] {logging_mixin.py:188} INFO - [2026-05-27T03:09:47.085+0000] {dag.py:3036} INFO - Sync 1 DAGs
[2026-05-27T03:09:47.107+0000] {logging_mixin.py:188} INFO - [2026-05-27T03:09:47.106+0000] {dag.py:3823} INFO - Setting next_dagrun for etl_incidentes_viales_v2 to 2026-05-01 00:00:00+00:00, run_after=2026-06-01 00:00:00+00:00
[2026-05-27T03:09:47.127+0000] {processor.py:183} INFO - Processing /opt/airflow/dags/etl_incidentes_dag.py took 0.099 seconds
[2026-05-27T03:10:17.386+0000] {processor.py:161} INFO - Started process (PID=1789) to work on /opt/airflow/dags/etl_incidentes_dag.py
[2026-05-27T03:10:17.388+0000] {processor.py:830} INFO - Processing file /opt/airflow/dags/etl_incidentes_dag.py for tasks to queue
[2026-05-27T03:10:17.390+0000] {logging_mixin.py:188} INFO - [2026-05-27T03:10:17.389+0000] {dagbag.py:538} INFO - Filling up the DagBag from /opt/airflow/dags/etl_incidentes_dag.py
[2026-05-27T03:10:17.428+0000] {processor.py:840} INFO - DAG(s) 'etl_incidentes_viales_v2' retrieved from /opt/airflow/dags/etl_incidentes_dag.py
[2026-05-27T03:10:17.470+0000] {logging_mixin.py:188} INFO - [2026-05-27T03:10:17.470+0000] {dag.py:3036} INFO - Sync 1 DAGs
[2026-05-27T03:10:17.504+0000] {logging_mixin.py:188} INFO - [2026-05-27T03:10:17.504+0000] {dag.py:3823} INFO - Setting next_dagrun for etl_incidentes_viales_v2 to 2026-05-01 00:00:00+00:00, run_after=2026-06-01 00:00:00+00:00
[2026-05-27T03:10:17.540+0000] {processor.py:183} INFO - Processing /opt/airflow/dags/etl_incidentes_dag.py took 0.158 seconds
[2026-05-27T03:10:47.641+0000] {processor.py:161} INFO - Started process (PID=1794) to work on /opt/airflow/dags/etl_incidentes_dag.py
[2026-05-27T03:10:47.642+0000] {processor.py:830} INFO - Processing file /opt/airflow/dags/etl_incidentes_dag.py for tasks to queue
[2026-05-27T03:10:47.644+0000] {logging_mixin.py:188} INFO - [2026-05-27T03:10:47.643+0000] {dagbag.py:538} INFO - Filling up the DagBag from /opt/airflow/dags/etl_incidentes_dag.py
[2026-05-27T03:10:47.678+0000] {processor.py:840} INFO - DAG(s) 'etl_incidentes_viales_v2' retrieved from /opt/airflow/dags/etl_incidentes_dag.py
[2026-05-27T03:10:47.713+0000] {logging_mixin.py:188} INFO - [2026-05-27T03:10:47.713+0000] {dag.py:3036} INFO - Sync 1 DAGs
[2026-05-27T03:10:47.739+0000] {logging_mixin.py:188} INFO - [2026-05-27T03:10:47.738+0000] {dag.py:3823} INFO - Setting next_dagrun for etl_incidentes_viales_v2 to 2026-05-01 00:00:00+00:00, run_after=2026-06-01 00:00:00+00:00
[2026-05-27T03:10:47.764+0000] {processor.py:183} INFO - Processing /opt/airflow/dags/etl_incidentes_dag.py took 0.128 seconds
[2026-05-27T03:11:17.981+0000] {processor.py:161} INFO - Started process (PID=1799) to work on /opt/airflow/dags/etl_incidentes_dag.py
[2026-05-27T03:11:17.983+0000] {processor.py:830} INFO - Processing file /opt/airflow/dags/etl_incidentes_dag.py for tasks to queue
[2026-05-27T03:11:17.984+0000] {logging_mixin.py:188} INFO - [2026-05-27T03:11:17.983+0000] {dagbag.py:538} INFO - Filling up the DagBag from /opt/airflow/dags/etl_incidentes_dag.py
[2026-05-27T03:11:18.007+0000] {processor.py:840} INFO - DAG(s) 'etl_incidentes_viales_v2' retrieved from /opt/airflow/dags/etl_incidentes_dag.py
[2026-05-27T03:11:18.035+0000] {logging_mixin.py:188} INFO - [2026-05-27T03:11:18.034+0000] {dag.py:3036} INFO - Sync 1 DAGs
[2026-05-27T03:11:18.056+0000] {logging_mixin.py:188} INFO - [2026-05-27T03:11:18.056+0000] {dag.py:3823} INFO - Setting next_dagrun for etl_incidentes_viales_v2 to 2026-05-01 00:00:00+00:00, run_after=2026-06-01 00:00:00+00:00
[2026-05-27T03:11:18.077+0000] {processor.py:183} INFO - Processing /opt/airflow/dags/etl_incidentes_dag.py took 0.099 seconds
[2026-05-27T03:11:48.204+0000] {processor.py:161} INFO - Started process (PID=1804) to work on /opt/airflow/dags/etl_incidentes_dag.py
[2026-05-27T03:11:48.205+0000] {processor.py:830} INFO - Processing file /opt/airflow/dags/etl_incidentes_dag.py for tasks to queue
[2026-05-27T03:11:48.206+0000] {logging_mixin.py:188} INFO - [2026-05-27T03:11:48.206+0000] {dagbag.py:538} INFO - Filling up the DagBag from /opt/airflow/dags/etl_incidentes_dag.py
[2026-05-27T03:11:48.229+0000] {processor.py:840} INFO - DAG(s) 'etl_incidentes_viales_v2' retrieved from /opt/airflow/dags/etl_incidentes_dag.py
[2026-05-27T03:11:48.257+0000] {logging_mixin.py:188} INFO - [2026-05-27T03:11:48.256+0000] {dag.py:3036} INFO - Sync 1 DAGs
[2026-05-27T03:11:48.275+0000] {logging_mixin.py:188} INFO - [2026-05-27T03:11:48.275+0000] {dag.py:3823} INFO - Setting next_dagrun for etl_incidentes_viales_v2 to 2026-05-01 00:00:00+00:00, run_after=2026-06-01 00:00:00+00:00
[2026-05-27T03:11:48.299+0000] {processor.py:183} INFO - Processing /opt/airflow/dags/etl_incidentes_dag.py took 0.099 seconds
[2026-05-27T03:12:18.521+0000] {processor.py:161} INFO - Started process (PID=1809) to work on /opt/airflow/dags/etl_incidentes_dag.py
[2026-05-27T03:12:18.522+0000] {processor.py:830} INFO - Processing file /opt/airflow/dags/etl_incidentes_dag.py for tasks to queue
[2026-05-27T03:12:18.523+0000] {logging_mixin.py:188} INFO - [2026-05-27T03:12:18.523+0000] {dagbag.py:538} INFO - Filling up the DagBag from /opt/airflow/dags/etl_incidentes_dag.py
[2026-05-27T03:12:18.554+0000] {processor.py:840} INFO - DAG(s) 'etl_incidentes_viales_v2' retrieved from /opt/airflow/dags/etl_incidentes_dag.py
[2026-05-27T03:12:18.581+0000] {logging_mixin.py:188} INFO - [2026-05-27T03:12:18.581+0000] {dag.py:3036} INFO - Sync 1 DAGs
[2026-05-27T03:12:18.602+0000] {logging_mixin.py:188} INFO - [2026-05-27T03:12:18.602+0000] {dag.py:3823} INFO - Setting next_dagrun for etl_incidentes_viales_v2 to 2026-05-01 00:00:00+00:00, run_after=2026-06-01 00:00:00+00:00
[2026-05-27T03:12:18.626+0000] {processor.py:183} INFO - Processing /opt/airflow/dags/etl_incidentes_dag.py took 0.109 seconds
[2026-05-27T03:12:48.783+0000] {processor.py:161} INFO - Started process (PID=1814) to work on /opt/airflow/dags/etl_incidentes_dag.py
[2026-05-27T03:12:48.784+0000] {processor.py:830} INFO - Processing file /opt/airflow/dags/etl_incidentes_dag.py for tasks to queue
[2026-05-27T03:12:48.785+0000] {logging_mixin.py:188} INFO - [2026-05-27T03:12:48.785+0000] {dagbag.py:538} INFO - Filling up the DagBag from /opt/airflow/dags/etl_incidentes_dag.py
[2026-05-27T03:12:48.816+0000] {processor.py:840} INFO - DAG(s) 'etl_incidentes_viales_v2' retrieved from /opt/airflow/dags/etl_incidentes_dag.py
[2026-05-27T03:12:48.840+0000] {logging_mixin.py:188} INFO - [2026-05-27T03:12:48.840+0000] {dag.py:3036} INFO - Sync 1 DAGs
[2026-05-27T03:12:48.858+0000] {logging_mixin.py:188} INFO - [2026-05-27T03:12:48.858+0000] {dag.py:3823} INFO - Setting next_dagrun for etl_incidentes_viales_v2 to 2026-05-01 00:00:00+00:00, run_after=2026-06-01 00:00:00+00:00
[2026-05-27T03:12:48.879+0000] {processor.py:183} INFO - Processing /opt/airflow/dags/etl_incidentes_dag.py took 0.099 seconds
[2026-05-27T03:13:19.045+0000] {processor.py:161} INFO - Started process (PID=1819) to work on /opt/airflow/dags/etl_incidentes_dag.py
[2026-05-27T03:13:19.046+0000] {processor.py:830} INFO - Processing file /opt/airflow/dags/etl_incidentes_dag.py for tasks to queue
[2026-05-27T03:13:19.047+0000] {logging_mixin.py:188} INFO - [2026-05-27T03:13:19.047+0000] {dagbag.py:538} INFO - Filling up the DagBag from /opt/airflow/dags/etl_incidentes_dag.py
[2026-05-27T03:13:19.073+0000] {processor.py:840} INFO - DAG(s) 'etl_incidentes_viales_v2' retrieved from /opt/airflow/dags/etl_incidentes_dag.py
[2026-05-27T03:13:19.100+0000] {logging_mixin.py:188} INFO - [2026-05-27T03:13:19.099+0000] {dag.py:3036} INFO - Sync 1 DAGs
[2026-05-27T03:13:19.118+0000] {logging_mixin.py:188} INFO - [2026-05-27T03:13:19.117+0000] {dag.py:3823} INFO - Setting next_dagrun for etl_incidentes_viales_v2 to 2026-05-01 00:00:00+00:00, run_after=2026-06-01 00:00:00+00:00
[2026-05-27T03:13:19.138+0000] {processor.py:183} INFO - Processing /opt/airflow/dags/etl_incidentes_dag.py took 0.096 seconds
[2026-05-27T03:13:49.238+0000] {processor.py:161} INFO - Started process (PID=1824) to work on /opt/airflow/dags/etl_incidentes_dag.py
[2026-05-27T03:13:49.239+0000] {processor.py:830} INFO - Processing file /opt/airflow/dags/etl_incidentes_dag.py for tasks to queue
[2026-05-27T03:13:49.239+0000] {logging_mixin.py:188} INFO - [2026-05-27T03:13:49.239+0000] {dagbag.py:538} INFO - Filling up the DagBag from /opt/airflow/dags/etl_incidentes_dag.py
[2026-05-27T03:13:49.263+0000] {processor.py:840} INFO - DAG(s) 'etl_incidentes_viales_v2' retrieved from /opt/airflow/dags/etl_incidentes_dag.py
[2026-05-27T03:13:49.289+0000] {logging_mixin.py:188} INFO - [2026-05-27T03:13:49.288+0000] {dag.py:3036} INFO - Sync 1 DAGs
[2026-05-27T03:13:49.311+0000] {logging_mixin.py:188} INFO - [2026-05-27T03:13:49.310+0000] {dag.py:3823} INFO - Setting next_dagrun for etl_incidentes_viales_v2 to 2026-05-01 00:00:00+00:00, run_after=2026-06-01 00:00:00+00:00
[2026-05-27T03:13:49.334+0000] {processor.py:183} INFO - Processing /opt/airflow/dags/etl_incidentes_dag.py took 0.099 seconds
[2026-05-27T03:14:19.606+0000] {processor.py:161} INFO - Started process (PID=1829) to work on /opt/airflow/dags/etl_incidentes_dag.py
[2026-05-27T03:14:19.608+0000] {processor.py:830} INFO - Processing file /opt/airflow/dags/etl_incidentes_dag.py for tasks to queue
[2026-05-27T03:14:19.609+0000] {logging_mixin.py:188} INFO - [2026-05-27T03:14:19.609+0000] {dagbag.py:538} INFO - Filling up the DagBag from /opt/airflow/dags/etl_incidentes_dag.py
[2026-05-27T03:14:19.631+0000] {processor.py:840} INFO - DAG(s) 'etl_incidentes_viales_v2' retrieved from /opt/airflow/dags/etl_incidentes_dag.py
[2026-05-27T03:14:19.660+0000] {logging_mixin.py:188} INFO - [2026-05-27T03:14:19.659+0000] {dag.py:3036} INFO - Sync 1 DAGs
[2026-05-27T03:14:19.679+0000] {logging_mixin.py:188} INFO - [2026-05-27T03:14:19.679+0000] {dag.py:3823} INFO - Setting next_dagrun for etl_incidentes_viales_v2 to 2026-05-01 00:00:00+00:00, run_after=2026-06-01 00:00:00+00:00
[2026-05-27T03:14:19.698+0000] {processor.py:183} INFO - Processing /opt/airflow/dags/etl_incidentes_dag.py took 0.095 seconds
[2026-05-27T03:14:49.856+0000] {processor.py:161} INFO - Started process (PID=1834) to work on /opt/airflow/dags/etl_incidentes_dag.py
[2026-05-27T03:14:49.860+0000] {processor.py:830} INFO - Processing file /opt/airflow/dags/etl_incidentes_dag.py for tasks to queue
[2026-05-27T03:14:49.861+0000] {logging_mixin.py:188} INFO - [2026-05-27T03:14:49.861+0000] {dagbag.py:538} INFO - Filling up the DagBag from /opt/airflow/dags/etl_incidentes_dag.py
[2026-05-27T03:14:49.884+0000] {processor.py:840} INFO - DAG(s) 'etl_incidentes_viales_v2' retrieved from /opt/airflow/dags/etl_incidentes_dag.py
[2026-05-27T03:14:49.915+0000] {logging_mixin.py:188} INFO - [2026-05-27T03:14:49.914+0000] {dag.py:3036} INFO - Sync 1 DAGs
[2026-05-27T03:14:49.938+0000] {logging_mixin.py:188} INFO - [2026-05-27T03:14:49.938+0000] {dag.py:3823} INFO - Setting next_dagrun for etl_incidentes_viales_v2 to 2026-05-01 00:00:00+00:00, run_after=2026-06-01 00:00:00+00:00
[2026-05-27T03:14:49.964+0000] {processor.py:183} INFO - Processing /opt/airflow/dags/etl_incidentes_dag.py took 0.112 seconds
[2026-05-27T03:15:20.106+0000] {processor.py:161} INFO - Started process (PID=1839) to work on /opt/airflow/dags/etl_incidentes_dag.py
[2026-05-27T03:15:20.108+0000] {processor.py:830} INFO - Processing file /opt/airflow/dags/etl_incidentes_dag.py for tasks to queue
[2026-05-27T03:15:20.109+0000] {logging_mixin.py:188} INFO - [2026-05-27T03:15:20.109+0000] {dagbag.py:538} INFO - Filling up the DagBag from /opt/airflow/dags/etl_incidentes_dag.py
[2026-05-27T03:15:20.131+0000] {processor.py:840} INFO - DAG(s) 'etl_incidentes_viales_v2' retrieved from /opt/airflow/dags/etl_incidentes_dag.py
[2026-05-27T03:15:20.161+0000] {logging_mixin.py:188} INFO - [2026-05-27T03:15:20.160+0000] {dag.py:3036} INFO - Sync 1 DAGs
[2026-05-27T03:15:20.180+0000] {logging_mixin.py:188} INFO - [2026-05-27T03:15:20.180+0000] {dag.py:3823} INFO - Setting next_dagrun for etl_incidentes_viales_v2 to 2026-05-01 00:00:00+00:00, run_after=2026-06-01 00:00:00+00:00
[2026-05-27T03:15:20.200+0000] {processor.py:183} INFO - Processing /opt/airflow/dags/etl_incidentes_dag.py took 0.098 seconds
[2026-05-27T03:15:50.474+0000] {processor.py:161} INFO - Started process (PID=1844) to work on /opt/airflow/dags/etl_incidentes_dag.py
[2026-05-27T03:15:50.476+0000] {processor.py:830} INFO - Processing file /opt/airflow/dags/etl_incidentes_dag.py for tasks to queue
[2026-05-27T03:15:50.478+0000] {logging_mixin.py:188} INFO - [2026-05-27T03:15:50.478+0000] {dagbag.py:538} INFO - Filling up the DagBag from /opt/airflow/dags/etl_incidentes_dag.py
[2026-05-27T03:15:50.515+0000] {processor.py:840} INFO - DAG(s) 'etl_incidentes_viales_v2' retrieved from /opt/airflow/dags/etl_incidentes_dag.py
[2026-05-27T03:15:50.554+0000] {logging_mixin.py:188} INFO - [2026-05-27T03:15:50.554+0000] {dag.py:3036} INFO - Sync 1 DAGs
[2026-05-27T03:15:50.590+0000] {logging_mixin.py:188} INFO - [2026-05-27T03:15:50.589+0000] {dag.py:3823} INFO - Setting next_dagrun for etl_incidentes_viales_v2 to 2026-05-01 00:00:00+00:00, run_after=2026-06-01 00:00:00+00:00
[2026-05-27T03:15:50.624+0000] {processor.py:183} INFO - Processing /opt/airflow/dags/etl_incidentes_dag.py took 0.154 seconds
[2026-05-27T03:16:20.681+0000] {processor.py:161} INFO - Started process (PID=1849) to work on /opt/airflow/dags/etl_incidentes_dag.py
[2026-05-27T03:16:20.683+0000] {processor.py:830} INFO - Processing file /opt/airflow/dags/etl_incidentes_dag.py for tasks to queue
[2026-05-27T03:16:20.684+0000] {logging_mixin.py:188} INFO - [2026-05-27T03:16:20.683+0000] {dagbag.py:538} INFO - Filling up the DagBag from /opt/airflow/dags/etl_incidentes_dag.py
[2026-05-27T03:16:20.710+0000] {processor.py:840} INFO - DAG(s) 'etl_incidentes_viales_v2' retrieved from /opt/airflow/dags/etl_incidentes_dag.py
[2026-05-27T03:16:20.739+0000] {logging_mixin.py:188} INFO - [2026-05-27T03:16:20.738+0000] {dag.py:3036} INFO - Sync 1 DAGs
[2026-05-27T03:16:20.759+0000] {logging_mixin.py:188} INFO - [2026-05-27T03:16:20.758+0000] {dag.py:3823} INFO - Setting next_dagrun for etl_incidentes_viales_v2 to 2026-05-01 00:00:00+00:00, run_after=2026-06-01 00:00:00+00:00
[2026-05-27T03:16:20.780+0000] {processor.py:183} INFO - Processing /opt/airflow/dags/etl_incidentes_dag.py took 0.102 seconds
[2026-05-27T03:16:50.883+0000] {processor.py:161} INFO - Started process (PID=1854) to work on /opt/airflow/dags/etl_incidentes_dag.py
[2026-05-27T03:16:50.885+0000] {processor.py:830} INFO - Processing file /opt/airflow/dags/etl_incidentes_dag.py for tasks to queue
[2026-05-27T03:16:50.885+0000] {logging_mixin.py:188} INFO - [2026-05-27T03:16:50.885+0000] {dagbag.py:538} INFO - Filling up the DagBag from /opt/airflow/dags/etl_incidentes_dag.py
[2026-05-27T03:16:50.907+0000] {processor.py:840} INFO - DAG(s) 'etl_incidentes_viales_v2' retrieved from /opt/airflow/dags/etl_incidentes_dag.py
[2026-05-27T03:16:50.946+0000] {logging_mixin.py:188} INFO - [2026-05-27T03:16:50.946+0000] {dag.py:3036} INFO - Sync 1 DAGs
[2026-05-27T03:16:50.964+0000] {logging_mixin.py:188} INFO - [2026-05-27T03:16:50.964+0000] {dag.py:3823} INFO - Setting next_dagrun for etl_incidentes_viales_v2 to 2026-05-01 00:00:00+00:00, run_after=2026-06-01 00:00:00+00:00
[2026-05-27T03:16:50.992+0000] {processor.py:183} INFO - Processing /opt/airflow/dags/etl_incidentes_dag.py took 0.111 seconds
[2026-05-27T03:17:21.202+0000] {processor.py:161} INFO - Started process (PID=1859) to work on /opt/airflow/dags/etl_incidentes_dag.py
[2026-05-27T03:17:21.203+0000] {processor.py:830} INFO - Processing file /opt/airflow/dags/etl_incidentes_dag.py for tasks to queue
[2026-05-27T03:17:21.204+0000] {logging_mixin.py:188} INFO - [2026-05-27T03:17:21.203+0000] {dagbag.py:538} INFO - Filling up the DagBag from /opt/airflow/dags/etl_incidentes_dag.py
[2026-05-27T03:17:21.226+0000] {processor.py:840} INFO - DAG(s) 'etl_incidentes_viales_v2' retrieved from /opt/airflow/dags/etl_incidentes_dag.py
[2026-05-27T03:17:21.253+0000] {logging_mixin.py:188} INFO - [2026-05-27T03:17:21.253+0000] {dag.py:3036} INFO - Sync 1 DAGs
[2026-05-27T03:17:21.272+0000] {logging_mixin.py:188} INFO - [2026-05-27T03:17:21.272+0000] {dag.py:3823} INFO - Setting next_dagrun for etl_incidentes_viales_v2 to 2026-05-01 00:00:00+00:00, run_after=2026-06-01 00:00:00+00:00
[2026-05-27T03:17:21.293+0000] {processor.py:183} INFO - Processing /opt/airflow/dags/etl_incidentes_dag.py took 0.094 seconds
[2026-05-27T03:17:51.427+0000] {processor.py:161} INFO - Started process (PID=1864) to work on /opt/airflow/dags/etl_incidentes_dag.py
[2026-05-27T03:17:51.428+0000] {processor.py:830} INFO - Processing file /opt/airflow/dags/etl_incidentes_dag.py for tasks to queue
[2026-05-27T03:17:51.429+0000] {logging_mixin.py:188} INFO - [2026-05-27T03:17:51.429+0000] {dagbag.py:538} INFO - Filling up the DagBag from /opt/airflow/dags/etl_incidentes_dag.py
[2026-05-27T03:17:51.454+0000] {processor.py:840} INFO - DAG(s) 'etl_incidentes_viales_v2' retrieved from /opt/airflow/dags/etl_incidentes_dag.py
[2026-05-27T03:17:51.479+0000] {logging_mixin.py:188} INFO - [2026-05-27T03:17:51.478+0000] {dag.py:3036} INFO - Sync 1 DAGs
[2026-05-27T03:17:51.497+0000] {logging_mixin.py:188} INFO - [2026-05-27T03:17:51.497+0000] {dag.py:3823} INFO - Setting next_dagrun for etl_incidentes_viales_v2 to 2026-05-01 00:00:00+00:00, run_after=2026-06-01 00:00:00+00:00
[2026-05-27T03:17:51.517+0000] {processor.py:183} INFO - Processing /opt/airflow/dags/etl_incidentes_dag.py took 0.093 seconds
[2026-05-27T03:18:21.719+0000] {processor.py:161} INFO - Started process (PID=1869) to work on /opt/airflow/dags/etl_incidentes_dag.py
[2026-05-27T03:18:21.720+0000] {processor.py:830} INFO - Processing file /opt/airflow/dags/etl_incidentes_dag.py for tasks to queue
[2026-05-27T03:18:21.721+0000] {logging_mixin.py:188} INFO - [2026-05-27T03:18:21.721+0000] {dagbag.py:538} INFO - Filling up the DagBag from /opt/airflow/dags/etl_incidentes_dag.py
[2026-05-27T03:18:21.745+0000] {processor.py:840} INFO - DAG(s) 'etl_incidentes_viales_v2' retrieved from /opt/airflow/dags/etl_incidentes_dag.py
[2026-05-27T03:18:21.770+0000] {logging_mixin.py:188} INFO - [2026-05-27T03:18:21.770+0000] {dag.py:3036} INFO - Sync 1 DAGs
[2026-05-27T03:18:21.789+0000] {logging_mixin.py:188} INFO - [2026-05-27T03:18:21.789+0000] {dag.py:3823} INFO - Setting next_dagrun for etl_incidentes_viales_v2 to 2026-05-01 00:00:00+00:00, run_after=2026-06-01 00:00:00+00:00
[2026-05-27T03:18:21.809+0000] {processor.py:183} INFO - Processing /opt/airflow/dags/etl_incidentes_dag.py took 0.093 seconds
[2026-05-27T03:18:51.982+0000] {processor.py:161} INFO - Started process (PID=1874) to work on /opt/airflow/dags/etl_incidentes_dag.py
[2026-05-27T03:18:51.983+0000] {processor.py:830} INFO - Processing file /opt/airflow/dags/etl_incidentes_dag.py for tasks to queue
[2026-05-27T03:18:51.984+0000] {logging_mixin.py:188} INFO - [2026-05-27T03:18:51.983+0000] {dagbag.py:538} INFO - Filling up the DagBag from /opt/airflow/dags/etl_incidentes_dag.py
[2026-05-27T03:18:52.005+0000] {processor.py:840} INFO - DAG(s) 'etl_incidentes_viales_v2' retrieved from /opt/airflow/dags/etl_incidentes_dag.py
[2026-05-27T03:18:52.032+0000] {logging_mixin.py:188} INFO - [2026-05-27T03:18:52.031+0000] {dag.py:3036} INFO - Sync 1 DAGs
[2026-05-27T03:18:52.050+0000] {logging_mixin.py:188} INFO - [2026-05-27T03:18:52.050+0000] {dag.py:3823} INFO - Setting next_dagrun for etl_incidentes_viales_v2 to 2026-05-01 00:00:00+00:00, run_after=2026-06-01 00:00:00+00:00
[2026-05-27T03:18:52.074+0000] {processor.py:183} INFO - Processing /opt/airflow/dags/etl_incidentes_dag.py took 0.096 seconds
[2026-05-27T03:19:22.285+0000] {processor.py:161} INFO - Started process (PID=1879) to work on /opt/airflow/dags/etl_incidentes_dag.py
[2026-05-27T03:19:22.286+0000] {processor.py:830} INFO - Processing file /opt/airflow/dags/etl_incidentes_dag.py for tasks to queue
[2026-05-27T03:19:22.287+0000] {logging_mixin.py:188} INFO - [2026-05-27T03:19:22.287+0000] {dagbag.py:538} INFO - Filling up the DagBag from /opt/airflow/dags/etl_incidentes_dag.py
[2026-05-27T03:19:22.309+0000] {processor.py:840} INFO - DAG(s) 'etl_incidentes_viales_v2' retrieved from /opt/airflow/dags/etl_incidentes_dag.py
[2026-05-27T03:19:22.335+0000] {logging_mixin.py:188} INFO - [2026-05-27T03:19:22.335+0000] {dag.py:3036} INFO - Sync 1 DAGs
[2026-05-27T03:19:22.354+0000] {logging_mixin.py:188} INFO - [2026-05-27T03:19:22.354+0000] {dag.py:3823} INFO - Setting next_dagrun for etl_incidentes_viales_v2 to 2026-05-01 00:00:00+00:00, run_after=2026-06-01 00:00:00+00:00
[2026-05-27T03:19:22.375+0000] {processor.py:183} INFO - Processing /opt/airflow/dags/etl_incidentes_dag.py took 0.093 seconds
[2026-05-27T03:19:52.507+0000] {processor.py:161} INFO - Started process (PID=1884) to work on /opt/airflow/dags/etl_incidentes_dag.py
[2026-05-27T03:19:52.508+0000] {processor.py:830} INFO - Processing file /opt/airflow/dags/etl_incidentes_dag.py for tasks to queue
[2026-05-27T03:19:52.509+0000] {logging_mixin.py:188} INFO - [2026-05-27T03:19:52.509+0000] {dagbag.py:538} INFO - Filling up the DagBag from /opt/airflow/dags/etl_incidentes_dag.py
[2026-05-27T03:19:52.530+0000] {processor.py:840} INFO - DAG(s) 'etl_incidentes_viales_v2' retrieved from /opt/airflow/dags/etl_incidentes_dag.py
[2026-05-27T03:19:52.561+0000] {logging_mixin.py:188} INFO - [2026-05-27T03:19:52.561+0000] {dag.py:3036} INFO - Sync 1 DAGs
[2026-05-27T03:19:52.582+0000] {logging_mixin.py:188} INFO - [2026-05-27T03:19:52.582+0000] {dag.py:3823} INFO - Setting next_dagrun for etl_incidentes_viales_v2 to 2026-05-01 00:00:00+00:00, run_after=2026-06-01 00:00:00+00:00
[2026-05-27T03:19:52.605+0000] {processor.py:183} INFO - Processing /opt/airflow/dags/etl_incidentes_dag.py took 0.101 seconds
[2026-05-27T03:20:22.847+0000] {processor.py:161} INFO - Started process (PID=1889) to work on /opt/airflow/dags/etl_incidentes_dag.py
[2026-05-27T03:20:22.849+0000] {processor.py:830} INFO - Processing file /opt/airflow/dags/etl_incidentes_dag.py for tasks to queue
[2026-05-27T03:20:22.851+0000] {logging_mixin.py:188} INFO - [2026-05-27T03:20:22.851+0000] {dagbag.py:538} INFO - Filling up the DagBag from /opt/airflow/dags/etl_incidentes_dag.py
[2026-05-27T03:20:22.886+0000] {processor.py:840} INFO - DAG(s) 'etl_incidentes_viales_v2' retrieved from /opt/airflow/dags/etl_incidentes_dag.py
[2026-05-27T03:20:22.911+0000] {logging_mixin.py:188} INFO - [2026-05-27T03:20:22.911+0000] {dag.py:3036} INFO - Sync 1 DAGs
[2026-05-27T03:20:22.929+0000] {logging_mixin.py:188} INFO - [2026-05-27T03:20:22.929+0000] {dag.py:3823} INFO - Setting next_dagrun for etl_incidentes_viales_v2 to 2026-05-01 00:00:00+00:00, run_after=2026-06-01 00:00:00+00:00
[2026-05-27T03:20:22.953+0000] {processor.py:183} INFO - Processing /opt/airflow/dags/etl_incidentes_dag.py took 0.109 seconds
[2026-05-27T03:20:53.119+0000] {processor.py:161} INFO - Started process (PID=1894) to work on /opt/airflow/dags/etl_incidentes_dag.py
[2026-05-27T03:20:53.120+0000] {processor.py:830} INFO - Processing file /opt/airflow/dags/etl_incidentes_dag.py for tasks to queue
[2026-05-27T03:20:53.121+0000] {logging_mixin.py:188} INFO - [2026-05-27T03:20:53.121+0000] {dagbag.py:538} INFO - Filling up the DagBag from /opt/airflow/dags/etl_incidentes_dag.py
[2026-05-27T03:20:53.159+0000] {processor.py:840} INFO - DAG(s) 'etl_incidentes_viales_v2' retrieved from /opt/airflow/dags/etl_incidentes_dag.py
[2026-05-27T03:20:53.186+0000] {logging_mixin.py:188} INFO - [2026-05-27T03:20:53.186+0000] {dag.py:3036} INFO - Sync 1 DAGs
[2026-05-27T03:20:53.207+0000] {logging_mixin.py:188} INFO - [2026-05-27T03:20:53.206+0000] {dag.py:3823} INFO - Setting next_dagrun for etl_incidentes_viales_v2 to 2026-05-01 00:00:00+00:00, run_after=2026-06-01 00:00:00+00:00
[2026-05-27T03:20:53.227+0000] {processor.py:183} INFO - Processing /opt/airflow/dags/etl_incidentes_dag.py took 0.111 seconds
[2026-05-27T03:21:23.431+0000] {processor.py:161} INFO - Started process (PID=1899) to work on /opt/airflow/dags/etl_incidentes_dag.py
[2026-05-27T03:21:23.432+0000] {processor.py:830} INFO - Processing file /opt/airflow/dags/etl_incidentes_dag.py for tasks to queue
[2026-05-27T03:21:23.433+0000] {logging_mixin.py:188} INFO - [2026-05-27T03:21:23.433+0000] {dagbag.py:538} INFO - Filling up the DagBag from /opt/airflow/dags/etl_incidentes_dag.py
[2026-05-27T03:21:23.461+0000] {processor.py:840} INFO - DAG(s) 'etl_incidentes_viales_v2' retrieved from /opt/airflow/dags/etl_incidentes_dag.py
[2026-05-27T03:21:23.485+0000] {logging_mixin.py:188} INFO - [2026-05-27T03:21:23.485+0000] {dag.py:3036} INFO - Sync 1 DAGs
[2026-05-27T03:21:23.504+0000] {logging_mixin.py:188} INFO - [2026-05-27T03:21:23.504+0000] {dag.py:3823} INFO - Setting next_dagrun for etl_incidentes_viales_v2 to 2026-05-01 00:00:00+00:00, run_after=2026-06-01 00:00:00+00:00
[2026-05-27T03:21:23.526+0000] {processor.py:183} INFO - Processing /opt/airflow/dags/etl_incidentes_dag.py took 0.098 seconds
[2026-05-27T03:21:53.719+0000] {processor.py:161} INFO - Started process (PID=1904) to work on /opt/airflow/dags/etl_incidentes_dag.py
[2026-05-27T03:21:53.721+0000] {processor.py:830} INFO - Processing file /opt/airflow/dags/etl_incidentes_dag.py for tasks to queue
[2026-05-27T03:21:53.722+0000] {logging_mixin.py:188} INFO - [2026-05-27T03:21:53.722+0000] {dagbag.py:538} INFO - Filling up the DagBag from /opt/airflow/dags/etl_incidentes_dag.py
[2026-05-27T03:21:53.753+0000] {processor.py:840} INFO - DAG(s) 'etl_incidentes_viales_v2' retrieved from /opt/airflow/dags/etl_incidentes_dag.py
[2026-05-27T03:21:53.783+0000] {logging_mixin.py:188} INFO - [2026-05-27T03:21:53.783+0000] {dag.py:3036} INFO - Sync 1 DAGs
[2026-05-27T03:21:53.809+0000] {logging_mixin.py:188} INFO - [2026-05-27T03:21:53.808+0000] {dag.py:3823} INFO - Setting next_dagrun for etl_incidentes_viales_v2 to 2026-05-01 00:00:00+00:00, run_after=2026-06-01 00:00:00+00:00
[2026-05-27T03:21:53.835+0000] {processor.py:183} INFO - Processing /opt/airflow/dags/etl_incidentes_dag.py took 0.119 seconds
[2026-05-27T03:22:24.002+0000] {processor.py:161} INFO - Started process (PID=1909) to work on /opt/airflow/dags/etl_incidentes_dag.py
[2026-05-27T03:22:24.004+0000] {processor.py:830} INFO - Processing file /opt/airflow/dags/etl_incidentes_dag.py for tasks to queue
[2026-05-27T03:22:24.006+0000] {logging_mixin.py:188} INFO - [2026-05-27T03:22:24.006+0000] {dagbag.py:538} INFO - Filling up the DagBag from /opt/airflow/dags/etl_incidentes_dag.py
[2026-05-27T03:22:24.031+0000] {processor.py:840} INFO - DAG(s) 'etl_incidentes_viales_v2' retrieved from /opt/airflow/dags/etl_incidentes_dag.py
[2026-05-27T03:22:24.061+0000] {logging_mixin.py:188} INFO - [2026-05-27T03:22:24.061+0000] {dag.py:3036} INFO - Sync 1 DAGs
[2026-05-27T03:22:24.080+0000] {logging_mixin.py:188} INFO - [2026-05-27T03:22:24.080+0000] {dag.py:3823} INFO - Setting next_dagrun for etl_incidentes_viales_v2 to 2026-05-01 00:00:00+00:00, run_after=2026-06-01 00:00:00+00:00
[2026-05-27T03:22:24.097+0000] {processor.py:183} INFO - Processing /opt/airflow/dags/etl_incidentes_dag.py took 0.098 seconds
[2026-05-27T03:22:54.217+0000] {processor.py:161} INFO - Started process (PID=1914) to work on /opt/airflow/dags/etl_incidentes_dag.py
[2026-05-27T03:22:54.219+0000] {processor.py:830} INFO - Processing file /opt/airflow/dags/etl_incidentes_dag.py for tasks to queue
[2026-05-27T03:22:54.220+0000] {logging_mixin.py:188} INFO - [2026-05-27T03:22:54.220+0000] {dagbag.py:538} INFO - Filling up the DagBag from /opt/airflow/dags/etl_incidentes_dag.py
[2026-05-27T03:22:54.244+0000] {processor.py:840} INFO - DAG(s) 'etl_incidentes_viales_v2' retrieved from /opt/airflow/dags/etl_incidentes_dag.py
[2026-05-27T03:22:54.272+0000] {logging_mixin.py:188} INFO - [2026-05-27T03:22:54.272+0000] {dag.py:3036} INFO - Sync 1 DAGs
[2026-05-27T03:22:54.295+0000] {logging_mixin.py:188} INFO - [2026-05-27T03:22:54.294+0000] {dag.py:3823} INFO - Setting next_dagrun for etl_incidentes_viales_v2 to 2026-05-01 00:00:00+00:00, run_after=2026-06-01 00:00:00+00:00
[2026-05-27T03:22:54.315+0000] {processor.py:183} INFO - Processing /opt/airflow/dags/etl_incidentes_dag.py took 0.102 seconds
[2026-05-27T03:23:24.494+0000] {processor.py:161} INFO - Started process (PID=1919) to work on /opt/airflow/dags/etl_incidentes_dag.py
[2026-05-27T03:23:24.495+0000] {processor.py:830} INFO - Processing file /opt/airflow/dags/etl_incidentes_dag.py for tasks to queue
[2026-05-27T03:23:24.496+0000] {logging_mixin.py:188} INFO - [2026-05-27T03:23:24.495+0000] {dagbag.py:538} INFO - Filling up the DagBag from /opt/airflow/dags/etl_incidentes_dag.py
[2026-05-27T03:23:24.521+0000] {processor.py:840} INFO - DAG(s) 'etl_incidentes_viales_v2' retrieved from /opt/airflow/dags/etl_incidentes_dag.py
[2026-05-27T03:23:24.549+0000] {logging_mixin.py:188} INFO - [2026-05-27T03:23:24.549+0000] {dag.py:3036} INFO - Sync 1 DAGs
[2026-05-27T03:23:24.571+0000] {logging_mixin.py:188} INFO - [2026-05-27T03:23:24.571+0000] {dag.py:3823} INFO - Setting next_dagrun for etl_incidentes_viales_v2 to 2026-05-01 00:00:00+00:00, run_after=2026-06-01 00:00:00+00:00
[2026-05-27T03:23:24.592+0000] {processor.py:183} INFO - Processing /opt/airflow/dags/etl_incidentes_dag.py took 0.102 seconds
[2026-05-27T03:23:54.706+0000] {processor.py:161} INFO - Started process (PID=1924) to work on /opt/airflow/dags/etl_incidentes_dag.py
[2026-05-27T03:23:54.708+0000] {processor.py:830} INFO - Processing file /opt/airflow/dags/etl_incidentes_dag.py for tasks to queue
[2026-05-27T03:23:54.710+0000] {logging_mixin.py:188} INFO - [2026-05-27T03:23:54.710+0000] {dagbag.py:538} INFO - Filling up the DagBag from /opt/airflow/dags/etl_incidentes_dag.py
[2026-05-27T03:23:54.762+0000] {processor.py:840} INFO - DAG(s) 'etl_incidentes_viales_v2' retrieved from /opt/airflow/dags/etl_incidentes_dag.py
[2026-05-27T03:23:54.803+0000] {logging_mixin.py:188} INFO - [2026-05-27T03:23:54.803+0000] {dag.py:3036} INFO - Sync 1 DAGs
[2026-05-27T03:23:54.834+0000] {logging_mixin.py:188} INFO - [2026-05-27T03:23:54.833+0000] {dag.py:3823} INFO - Setting next_dagrun for etl_incidentes_viales_v2 to 2026-05-01 00:00:00+00:00, run_after=2026-06-01 00:00:00+00:00
[2026-05-27T03:23:54.864+0000] {processor.py:183} INFO - Processing /opt/airflow/dags/etl_incidentes_dag.py took 0.162 seconds
[2026-05-27T03:24:25.046+0000] {processor.py:161} INFO - Started process (PID=1929) to work on /opt/airflow/dags/etl_incidentes_dag.py
[2026-05-27T03:24:25.050+0000] {processor.py:830} INFO - Processing file /opt/airflow/dags/etl_incidentes_dag.py for tasks to queue
[2026-05-27T03:24:25.051+0000] {logging_mixin.py:188} INFO - [2026-05-27T03:24:25.050+0000] {dagbag.py:538} INFO - Filling up the DagBag from /opt/airflow/dags/etl_incidentes_dag.py
[2026-05-27T03:24:25.082+0000] {processor.py:840} INFO - DAG(s) 'etl_incidentes_viales_v2' retrieved from /opt/airflow/dags/etl_incidentes_dag.py
[2026-05-27T03:24:25.107+0000] {logging_mixin.py:188} INFO - [2026-05-27T03:24:25.107+0000] {dag.py:3036} INFO - Sync 1 DAGs
[2026-05-27T03:24:25.129+0000] {logging_mixin.py:188} INFO - [2026-05-27T03:24:25.128+0000] {dag.py:3823} INFO - Setting next_dagrun for etl_incidentes_viales_v2 to 2026-05-01 00:00:00+00:00, run_after=2026-06-01 00:00:00+00:00
[2026-05-27T03:24:25.152+0000] {processor.py:183} INFO - Processing /opt/airflow/dags/etl_incidentes_dag.py took 0.109 seconds
[2026-05-27T03:24:55.316+0000] {processor.py:161} INFO - Started process (PID=1934) to work on /opt/airflow/dags/etl_incidentes_dag.py
[2026-05-27T03:24:55.318+0000] {processor.py:830} INFO - Processing file /opt/airflow/dags/etl_incidentes_dag.py for tasks to queue
[2026-05-27T03:24:55.319+0000] {logging_mixin.py:188} INFO - [2026-05-27T03:24:55.319+0000] {dagbag.py:538} INFO - Filling up the DagBag from /opt/airflow/dags/etl_incidentes_dag.py
[2026-05-27T03:24:55.339+0000] {processor.py:840} INFO - DAG(s) 'etl_incidentes_viales_v2' retrieved from /opt/airflow/dags/etl_incidentes_dag.py
[2026-05-27T03:24:55.365+0000] {logging_mixin.py:188} INFO - [2026-05-27T03:24:55.365+0000] {dag.py:3036} INFO - Sync 1 DAGs
[2026-05-27T03:24:55.380+0000] {logging_mixin.py:188} INFO - [2026-05-27T03:24:55.380+0000] {dag.py:3823} INFO - Setting next_dagrun for etl_incidentes_viales_v2 to 2026-05-01 00:00:00+00:00, run_after=2026-06-01 00:00:00+00:00
[2026-05-27T03:24:55.400+0000] {processor.py:183} INFO - Processing /opt/airflow/dags/etl_incidentes_dag.py took 0.087 seconds
[2026-05-27T03:25:25.609+0000] {processor.py:161} INFO - Started process (PID=1939) to work on /opt/airflow/dags/etl_incidentes_dag.py
[2026-05-27T03:25:25.610+0000] {processor.py:830} INFO - Processing file /opt/airflow/dags/etl_incidentes_dag.py for tasks to queue
[2026-05-27T03:25:25.610+0000] {logging_mixin.py:188} INFO - [2026-05-27T03:25:25.610+0000] {dagbag.py:538} INFO - Filling up the DagBag from /opt/airflow/dags/etl_incidentes_dag.py
[2026-05-27T03:25:25.631+0000] {processor.py:840} INFO - DAG(s) 'etl_incidentes_viales_v2' retrieved from /opt/airflow/dags/etl_incidentes_dag.py
[2026-05-27T03:25:25.659+0000] {logging_mixin.py:188} INFO - [2026-05-27T03:25:25.659+0000] {dag.py:3036} INFO - Sync 1 DAGs
[2026-05-27T03:25:25.678+0000] {logging_mixin.py:188} INFO - [2026-05-27T03:25:25.678+0000] {dag.py:3823} INFO - Setting next_dagrun for etl_incidentes_viales_v2 to 2026-05-01 00:00:00+00:00, run_after=2026-06-01 00:00:00+00:00
[2026-05-27T03:25:25.700+0000] {processor.py:183} INFO - Processing /opt/airflow/dags/etl_incidentes_dag.py took 0.094 seconds
[2026-05-27T03:25:55.837+0000] {processor.py:161} INFO - Started process (PID=1944) to work on /opt/airflow/dags/etl_incidentes_dag.py
[2026-05-27T03:25:55.838+0000] {processor.py:830} INFO - Processing file /opt/airflow/dags/etl_incidentes_dag.py for tasks to queue
[2026-05-27T03:25:55.840+0000] {logging_mixin.py:188} INFO - [2026-05-27T03:25:55.839+0000] {dagbag.py:538} INFO - Filling up the DagBag from /opt/airflow/dags/etl_incidentes_dag.py
[2026-05-27T03:25:55.862+0000] {processor.py:840} INFO - DAG(s) 'etl_incidentes_viales_v2' retrieved from /opt/airflow/dags/etl_incidentes_dag.py
[2026-05-27T03:25:55.888+0000] {logging_mixin.py:188} INFO - [2026-05-27T03:25:55.887+0000] {dag.py:3036} INFO - Sync 1 DAGs
[2026-05-27T03:25:55.906+0000] {logging_mixin.py:188} INFO - [2026-05-27T03:25:55.905+0000] {dag.py:3823} INFO - Setting next_dagrun for etl_incidentes_viales_v2 to 2026-05-01 00:00:00+00:00, run_after=2026-06-01 00:00:00+00:00
[2026-05-27T03:25:55.926+0000] {processor.py:183} INFO - Processing /opt/airflow/dags/etl_incidentes_dag.py took 0.092 seconds
[2026-05-27T03:26:26.221+0000] {processor.py:161} INFO - Started process (PID=1949) to work on /opt/airflow/dags/etl_incidentes_dag.py
[2026-05-27T03:26:26.222+0000] {processor.py:830} INFO - Processing file /opt/airflow/dags/etl_incidentes_dag.py for tasks to queue
[2026-05-27T03:26:26.223+0000] {logging_mixin.py:188} INFO - [2026-05-27T03:26:26.222+0000] {dagbag.py:538} INFO - Filling up the DagBag from /opt/airflow/dags/etl_incidentes_dag.py
[2026-05-27T03:26:26.242+0000] {processor.py:840} INFO - DAG(s) 'etl_incidentes_viales_v2' retrieved from /opt/airflow/dags/etl_incidentes_dag.py
[2026-05-27T03:26:26.267+0000] {logging_mixin.py:188} INFO - [2026-05-27T03:26:26.267+0000] {dag.py:3036} INFO - Sync 1 DAGs
[2026-05-27T03:26:26.284+0000] {logging_mixin.py:188} INFO - [2026-05-27T03:26:26.284+0000] {dag.py:3823} INFO - Setting next_dagrun for etl_incidentes_viales_v2 to 2026-05-01 00:00:00+00:00, run_after=2026-06-01 00:00:00+00:00
[2026-05-27T03:26:26.304+0000] {processor.py:183} INFO - Processing /opt/airflow/dags/etl_incidentes_dag.py took 0.086 seconds
[2026-05-27T03:26:56.508+0000] {processor.py:161} INFO - Started process (PID=1954) to work on /opt/airflow/dags/etl_incidentes_dag.py
[2026-05-27T03:26:56.511+0000] {processor.py:830} INFO - Processing file /opt/airflow/dags/etl_incidentes_dag.py for tasks to queue
[2026-05-27T03:26:56.512+0000] {logging_mixin.py:188} INFO - [2026-05-27T03:26:56.512+0000] {dagbag.py:538} INFO - Filling up the DagBag from /opt/airflow/dags/etl_incidentes_dag.py
[2026-05-27T03:26:56.550+0000] {processor.py:840} INFO - DAG(s) 'etl_incidentes_viales_v2' retrieved from /opt/airflow/dags/etl_incidentes_dag.py
[2026-05-27T03:26:56.579+0000] {logging_mixin.py:188} INFO - [2026-05-27T03:26:56.579+0000] {dag.py:3036} INFO - Sync 1 DAGs
[2026-05-27T03:26:56.595+0000] {logging_mixin.py:188} INFO - [2026-05-27T03:26:56.595+0000] {dag.py:3823} INFO - Setting next_dagrun for etl_incidentes_viales_v2 to 2026-05-01 00:00:00+00:00, run_after=2026-06-01 00:00:00+00:00
[2026-05-27T03:26:56.618+0000] {processor.py:183} INFO - Processing /opt/airflow/dags/etl_incidentes_dag.py took 0.113 seconds
[2026-05-27T03:27:26.755+0000] {processor.py:161} INFO - Started process (PID=1959) to work on /opt/airflow/dags/etl_incidentes_dag.py
[2026-05-27T03:27:26.756+0000] {processor.py:830} INFO - Processing file /opt/airflow/dags/etl_incidentes_dag.py for tasks to queue
[2026-05-27T03:27:26.758+0000] {logging_mixin.py:188} INFO - [2026-05-27T03:27:26.757+0000] {dagbag.py:538} INFO - Filling up the DagBag from /opt/airflow/dags/etl_incidentes_dag.py
[2026-05-27T03:27:26.785+0000] {processor.py:840} INFO - DAG(s) 'etl_incidentes_viales_v2' retrieved from /opt/airflow/dags/etl_incidentes_dag.py
[2026-05-27T03:27:26.810+0000] {logging_mixin.py:188} INFO - [2026-05-27T03:27:26.809+0000] {dag.py:3036} INFO - Sync 1 DAGs
[2026-05-27T03:27:26.828+0000] {logging_mixin.py:188} INFO - [2026-05-27T03:27:26.828+0000] {dag.py:3823} INFO - Setting next_dagrun for etl_incidentes_viales_v2 to 2026-05-01 00:00:00+00:00, run_after=2026-06-01 00:00:00+00:00
[2026-05-27T03:27:26.848+0000] {processor.py:183} INFO - Processing /opt/airflow/dags/etl_incidentes_dag.py took 0.097 seconds
[2026-05-27T03:27:57.047+0000] {processor.py:161} INFO - Started process (PID=1964) to work on /opt/airflow/dags/etl_incidentes_dag.py
[2026-05-27T03:27:57.048+0000] {processor.py:830} INFO - Processing file /opt/airflow/dags/etl_incidentes_dag.py for tasks to queue
[2026-05-27T03:27:57.049+0000] {logging_mixin.py:188} INFO - [2026-05-27T03:27:57.049+0000] {dagbag.py:538} INFO - Filling up the DagBag from /opt/airflow/dags/etl_incidentes_dag.py
[2026-05-27T03:27:57.070+0000] {processor.py:840} INFO - DAG(s) 'etl_incidentes_viales_v2' retrieved from /opt/airflow/dags/etl_incidentes_dag.py
[2026-05-27T03:27:57.094+0000] {logging_mixin.py:188} INFO - [2026-05-27T03:27:57.094+0000] {dag.py:3036} INFO - Sync 1 DAGs
[2026-05-27T03:27:57.112+0000] {logging_mixin.py:188} INFO - [2026-05-27T03:27:57.112+0000] {dag.py:3823} INFO - Setting next_dagrun for etl_incidentes_viales_v2 to 2026-05-01 00:00:00+00:00, run_after=2026-06-01 00:00:00+00:00
[2026-05-27T03:27:57.129+0000] {processor.py:183} INFO - Processing /opt/airflow/dags/etl_incidentes_dag.py took 0.084 seconds
[2026-05-27T03:28:27.322+0000] {processor.py:161} INFO - Started process (PID=1969) to work on /opt/airflow/dags/etl_incidentes_dag.py
[2026-05-27T03:28:27.323+0000] {processor.py:830} INFO - Processing file /opt/airflow/dags/etl_incidentes_dag.py for tasks to queue
[2026-05-27T03:28:27.324+0000] {logging_mixin.py:188} INFO - [2026-05-27T03:28:27.324+0000] {dagbag.py:538} INFO - Filling up the DagBag from /opt/airflow/dags/etl_incidentes_dag.py
[2026-05-27T03:28:27.349+0000] {processor.py:840} INFO - DAG(s) 'etl_incidentes_viales_v2' retrieved from /opt/airflow/dags/etl_incidentes_dag.py
[2026-05-27T03:28:27.375+0000] {logging_mixin.py:188} INFO - [2026-05-27T03:28:27.375+0000] {dag.py:3036} INFO - Sync 1 DAGs
[2026-05-27T03:28:27.393+0000] {logging_mixin.py:188} INFO - [2026-05-27T03:28:27.393+0000] {dag.py:3823} INFO - Setting next_dagrun for etl_incidentes_viales_v2 to 2026-05-01 00:00:00+00:00, run_after=2026-06-01 00:00:00+00:00
[2026-05-27T03:28:27.416+0000] {processor.py:183} INFO - Processing /opt/airflow/dags/etl_incidentes_dag.py took 0.097 seconds
[2026-05-27T03:28:57.524+0000] {processor.py:161} INFO - Started process (PID=1974) to work on /opt/airflow/dags/etl_incidentes_dag.py
[2026-05-27T03:28:57.526+0000] {processor.py:830} INFO - Processing file /opt/airflow/dags/etl_incidentes_dag.py for tasks to queue
[2026-05-27T03:28:57.527+0000] {logging_mixin.py:188} INFO - [2026-05-27T03:28:57.527+0000] {dagbag.py:538} INFO - Filling up the DagBag from /opt/airflow/dags/etl_incidentes_dag.py
[2026-05-27T03:28:57.553+0000] {processor.py:840} INFO - DAG(s) 'etl_incidentes_viales_v2' retrieved from /opt/airflow/dags/etl_incidentes_dag.py
[2026-05-27T03:28:57.580+0000] {logging_mixin.py:188} INFO - [2026-05-27T03:28:57.579+0000] {dag.py:3036} INFO - Sync 1 DAGs
[2026-05-27T03:28:57.600+0000] {logging_mixin.py:188} INFO - [2026-05-27T03:28:57.600+0000] {dag.py:3823} INFO - Setting next_dagrun for etl_incidentes_viales_v2 to 2026-05-01 00:00:00+00:00, run_after=2026-06-01 00:00:00+00:00
[2026-05-27T03:28:57.624+0000] {processor.py:183} INFO - Processing /opt/airflow/dags/etl_incidentes_dag.py took 0.102 seconds
[2026-05-27T03:29:27.957+0000] {processor.py:161} INFO - Started process (PID=1979) to work on /opt/airflow/dags/etl_incidentes_dag.py
[2026-05-27T03:29:27.958+0000] {processor.py:830} INFO - Processing file /opt/airflow/dags/etl_incidentes_dag.py for tasks to queue
[2026-05-27T03:29:27.959+0000] {logging_mixin.py:188} INFO - [2026-05-27T03:29:27.959+0000] {dagbag.py:538} INFO - Filling up the DagBag from /opt/airflow/dags/etl_incidentes_dag.py
[2026-05-27T03:29:27.982+0000] {processor.py:840} INFO - DAG(s) 'etl_incidentes_viales_v2' retrieved from /opt/airflow/dags/etl_incidentes_dag.py
[2026-05-27T03:29:28.012+0000] {logging_mixin.py:188} INFO - [2026-05-27T03:29:28.012+0000] {dag.py:3036} INFO - Sync 1 DAGs
[2026-05-27T03:29:28.029+0000] {logging_mixin.py:188} INFO - [2026-05-27T03:29:28.029+0000] {dag.py:3823} INFO - Setting next_dagrun for etl_incidentes_viales_v2 to 2026-05-01 00:00:00+00:00, run_after=2026-06-01 00:00:00+00:00
[2026-05-27T03:29:28.048+0000] {processor.py:183} INFO - Processing /opt/airflow/dags/etl_incidentes_dag.py took 0.094 seconds
[2026-05-27T03:29:58.345+0000] {processor.py:161} INFO - Started process (PID=1984) to work on /opt/airflow/dags/etl_incidentes_dag.py
[2026-05-27T03:29:58.346+0000] {processor.py:830} INFO - Processing file /opt/airflow/dags/etl_incidentes_dag.py for tasks to queue
[2026-05-27T03:29:58.347+0000] {logging_mixin.py:188} INFO - [2026-05-27T03:29:58.347+0000] {dagbag.py:538} INFO - Filling up the DagBag from /opt/airflow/dags/etl_incidentes_dag.py
[2026-05-27T03:29:58.369+0000] {processor.py:840} INFO - DAG(s) 'etl_incidentes_viales_v2' retrieved from /opt/airflow/dags/etl_incidentes_dag.py
[2026-05-27T03:29:58.396+0000] {logging_mixin.py:188} INFO - [2026-05-27T03:29:58.396+0000] {dag.py:3036} INFO - Sync 1 DAGs
[2026-05-27T03:29:58.413+0000] {logging_mixin.py:188} INFO - [2026-05-27T03:29:58.413+0000] {dag.py:3823} INFO - Setting next_dagrun for etl_incidentes_viales_v2 to 2026-05-01 00:00:00+00:00, run_after=2026-06-01 00:00:00+00:00
[2026-05-27T03:29:58.435+0000] {processor.py:183} INFO - Processing /opt/airflow/dags/etl_incidentes_dag.py took 0.093 seconds
[2026-05-27T03:30:28.546+0000] {processor.py:161} INFO - Started process (PID=1989) to work on /opt/airflow/dags/etl_incidentes_dag.py
[2026-05-27T03:30:28.547+0000] {processor.py:830} INFO - Processing file /opt/airflow/dags/etl_incidentes_dag.py for tasks to queue
[2026-05-27T03:30:28.548+0000] {logging_mixin.py:188} INFO - [2026-05-27T03:30:28.548+0000] {dagbag.py:538} INFO - Filling up the DagBag from /opt/airflow/dags/etl_incidentes_dag.py
[2026-05-27T03:30:28.570+0000] {processor.py:840} INFO - DAG(s) 'etl_incidentes_viales_v2' retrieved from /opt/airflow/dags/etl_incidentes_dag.py
[2026-05-27T03:30:28.607+0000] {logging_mixin.py:188} INFO - [2026-05-27T03:30:28.607+0000] {dag.py:3036} INFO - Sync 1 DAGs
[2026-05-27T03:30:28.626+0000] {logging_mixin.py:188} INFO - [2026-05-27T03:30:28.626+0000] {dag.py:3823} INFO - Setting next_dagrun for etl_incidentes_viales_v2 to 2026-05-01 00:00:00+00:00, run_after=2026-06-01 00:00:00+00:00
[2026-05-27T03:30:28.645+0000] {processor.py:183} INFO - Processing /opt/airflow/dags/etl_incidentes_dag.py took 0.102 seconds
[2026-05-27T03:30:58.868+0000] {processor.py:161} INFO - Started process (PID=1994) to work on /opt/airflow/dags/etl_incidentes_dag.py
[2026-05-27T03:30:58.870+0000] {processor.py:830} INFO - Processing file /opt/airflow/dags/etl_incidentes_dag.py for tasks to queue
[2026-05-27T03:30:58.872+0000] {logging_mixin.py:188} INFO - [2026-05-27T03:30:58.872+0000] {dagbag.py:538} INFO - Filling up the DagBag from /opt/airflow/dags/etl_incidentes_dag.py
[2026-05-27T03:30:58.935+0000] {processor.py:840} INFO - DAG(s) 'etl_incidentes_viales_v2' retrieved from /opt/airflow/dags/etl_incidentes_dag.py
[2026-05-27T03:30:58.962+0000] {logging_mixin.py:188} INFO - [2026-05-27T03:30:58.962+0000] {dag.py:3036} INFO - Sync 1 DAGs
[2026-05-27T03:30:58.980+0000] {logging_mixin.py:188} INFO - [2026-05-27T03:30:58.979+0000] {dag.py:3823} INFO - Setting next_dagrun for etl_incidentes_viales_v2 to 2026-05-01 00:00:00+00:00, run_after=2026-06-01 00:00:00+00:00
[2026-05-27T03:30:58.997+0000] {processor.py:183} INFO - Processing /opt/airflow/dags/etl_incidentes_dag.py took 0.133 seconds
[2026-05-27T03:31:29.121+0000] {processor.py:161} INFO - Started process (PID=1999) to work on /opt/airflow/dags/etl_incidentes_dag.py
[2026-05-27T03:31:29.123+0000] {processor.py:830} INFO - Processing file /opt/airflow/dags/etl_incidentes_dag.py for tasks to queue
[2026-05-27T03:31:29.124+0000] {logging_mixin.py:188} INFO - [2026-05-27T03:31:29.123+0000] {dagbag.py:538} INFO - Filling up the DagBag from /opt/airflow/dags/etl_incidentes_dag.py
[2026-05-27T03:31:29.148+0000] {processor.py:840} INFO - DAG(s) 'etl_incidentes_viales_v2' retrieved from /opt/airflow/dags/etl_incidentes_dag.py
[2026-05-27T03:31:29.176+0000] {logging_mixin.py:188} INFO - [2026-05-27T03:31:29.176+0000] {dag.py:3036} INFO - Sync 1 DAGs
[2026-05-27T03:31:29.197+0000] {logging_mixin.py:188} INFO - [2026-05-27T03:31:29.197+0000] {dag.py:3823} INFO - Setting next_dagrun for etl_incidentes_viales_v2 to 2026-05-01 00:00:00+00:00, run_after=2026-06-01 00:00:00+00:00
[2026-05-27T03:31:29.217+0000] {processor.py:183} INFO - Processing /opt/airflow/dags/etl_incidentes_dag.py took 0.099 seconds
[2026-05-27T03:31:59.392+0000] {processor.py:161} INFO - Started process (PID=2004) to work on /opt/airflow/dags/etl_incidentes_dag.py
[2026-05-27T03:31:59.393+0000] {processor.py:830} INFO - Processing file /opt/airflow/dags/etl_incidentes_dag.py for tasks to queue
[2026-05-27T03:31:59.394+0000] {logging_mixin.py:188} INFO - [2026-05-27T03:31:59.394+0000] {dagbag.py:538} INFO - Filling up the DagBag from /opt/airflow/dags/etl_incidentes_dag.py
[2026-05-27T03:31:59.418+0000] {processor.py:840} INFO - DAG(s) 'etl_incidentes_viales_v2' retrieved from /opt/airflow/dags/etl_incidentes_dag.py
[2026-05-27T03:31:59.445+0000] {logging_mixin.py:188} INFO - [2026-05-27T03:31:59.444+0000] {dag.py:3036} INFO - Sync 1 DAGs
[2026-05-27T03:31:59.463+0000] {logging_mixin.py:188} INFO - [2026-05-27T03:31:59.463+0000] {dag.py:3823} INFO - Setting next_dagrun for etl_incidentes_viales_v2 to 2026-05-01 00:00:00+00:00, run_after=2026-06-01 00:00:00+00:00
[2026-05-27T03:31:59.482+0000] {processor.py:183} INFO - Processing /opt/airflow/dags/etl_incidentes_dag.py took 0.093 seconds
[2026-05-27T03:32:29.634+0000] {processor.py:161} INFO - Started process (PID=2009) to work on /opt/airflow/dags/etl_incidentes_dag.py
[2026-05-27T03:32:29.635+0000] {processor.py:830} INFO - Processing file /opt/airflow/dags/etl_incidentes_dag.py for tasks to queue
[2026-05-27T03:32:29.637+0000] {logging_mixin.py:188} INFO - [2026-05-27T03:32:29.636+0000] {dagbag.py:538} INFO - Filling up the DagBag from /opt/airflow/dags/etl_incidentes_dag.py
[2026-05-27T03:32:29.674+0000] {processor.py:840} INFO - DAG(s) 'etl_incidentes_viales_v2' retrieved from /opt/airflow/dags/etl_incidentes_dag.py
[2026-05-27T03:32:29.700+0000] {logging_mixin.py:188} INFO - [2026-05-27T03:32:29.700+0000] {dag.py:3036} INFO - Sync 1 DAGs
[2026-05-27T03:32:29.718+0000] {logging_mixin.py:188} INFO - [2026-05-27T03:32:29.717+0000] {dag.py:3823} INFO - Setting next_dagrun for etl_incidentes_viales_v2 to 2026-05-01 00:00:00+00:00, run_after=2026-06-01 00:00:00+00:00
[2026-05-27T03:32:29.736+0000] {processor.py:183} INFO - Processing /opt/airflow/dags/etl_incidentes_dag.py took 0.105 seconds
[2026-05-27T03:32:59.898+0000] {processor.py:161} INFO - Started process (PID=2014) to work on /opt/airflow/dags/etl_incidentes_dag.py
[2026-05-27T03:32:59.900+0000] {processor.py:830} INFO - Processing file /opt/airflow/dags/etl_incidentes_dag.py for tasks to queue
[2026-05-27T03:32:59.902+0000] {logging_mixin.py:188} INFO - [2026-05-27T03:32:59.901+0000] {dagbag.py:538} INFO - Filling up the DagBag from /opt/airflow/dags/etl_incidentes_dag.py
[2026-05-27T03:32:59.939+0000] {processor.py:840} INFO - DAG(s) 'etl_incidentes_viales_v2' retrieved from /opt/airflow/dags/etl_incidentes_dag.py
[2026-05-27T03:32:59.994+0000] {logging_mixin.py:188} INFO - [2026-05-27T03:32:59.993+0000] {dag.py:3036} INFO - Sync 1 DAGs
[2026-05-27T03:33:00.026+0000] {logging_mixin.py:188} INFO - [2026-05-27T03:33:00.026+0000] {dag.py:3823} INFO - Setting next_dagrun for etl_incidentes_viales_v2 to 2026-05-01 00:00:00+00:00, run_after=2026-06-01 00:00:00+00:00
[2026-05-27T03:33:00.055+0000] {processor.py:183} INFO - Processing /opt/airflow/dags/etl_incidentes_dag.py took 0.162 seconds
[2026-05-27T03:33:30.234+0000] {processor.py:161} INFO - Started process (PID=2019) to work on /opt/airflow/dags/etl_incidentes_dag.py
[2026-05-27T03:33:30.236+0000] {processor.py:830} INFO - Processing file /opt/airflow/dags/etl_incidentes_dag.py for tasks to queue
[2026-05-27T03:33:30.237+0000] {logging_mixin.py:188} INFO - [2026-05-27T03:33:30.237+0000] {dagbag.py:538} INFO - Filling up the DagBag from /opt/airflow/dags/etl_incidentes_dag.py
[2026-05-27T03:33:30.261+0000] {processor.py:840} INFO - DAG(s) 'etl_incidentes_viales_v2' retrieved from /opt/airflow/dags/etl_incidentes_dag.py
[2026-05-27T03:33:30.287+0000] {logging_mixin.py:188} INFO - [2026-05-27T03:33:30.287+0000] {dag.py:3036} INFO - Sync 1 DAGs
[2026-05-27T03:33:30.309+0000] {logging_mixin.py:188} INFO - [2026-05-27T03:33:30.308+0000] {dag.py:3823} INFO - Setting next_dagrun for etl_incidentes_viales_v2 to 2026-05-01 00:00:00+00:00, run_after=2026-06-01 00:00:00+00:00
[2026-05-27T03:33:30.331+0000] {processor.py:183} INFO - Processing /opt/airflow/dags/etl_incidentes_dag.py took 0.100 seconds
[2026-05-27T03:34:00.436+0000] {processor.py:161} INFO - Started process (PID=2024) to work on /opt/airflow/dags/etl_incidentes_dag.py
[2026-05-27T03:34:00.438+0000] {processor.py:830} INFO - Processing file /opt/airflow/dags/etl_incidentes_dag.py for tasks to queue
[2026-05-27T03:34:00.439+0000] {logging_mixin.py:188} INFO - [2026-05-27T03:34:00.439+0000] {dagbag.py:538} INFO - Filling up the DagBag from /opt/airflow/dags/etl_incidentes_dag.py
[2026-05-27T03:34:00.470+0000] {processor.py:840} INFO - DAG(s) 'etl_incidentes_viales_v2' retrieved from /opt/airflow/dags/etl_incidentes_dag.py
[2026-05-27T03:34:00.508+0000] {logging_mixin.py:188} INFO - [2026-05-27T03:34:00.508+0000] {dag.py:3036} INFO - Sync 1 DAGs
[2026-05-27T03:34:00.535+0000] {logging_mixin.py:188} INFO - [2026-05-27T03:34:00.535+0000] {dag.py:3823} INFO - Setting next_dagrun for etl_incidentes_viales_v2 to 2026-05-01 00:00:00+00:00, run_after=2026-06-01 00:00:00+00:00
[2026-05-27T03:34:00.566+0000] {processor.py:183} INFO - Processing /opt/airflow/dags/etl_incidentes_dag.py took 0.133 seconds
[2026-05-27T03:34:30.809+0000] {processor.py:161} INFO - Started process (PID=2029) to work on /opt/airflow/dags/etl_incidentes_dag.py
[2026-05-27T03:34:30.810+0000] {processor.py:830} INFO - Processing file /opt/airflow/dags/etl_incidentes_dag.py for tasks to queue
[2026-05-27T03:34:30.810+0000] {logging_mixin.py:188} INFO - [2026-05-27T03:34:30.810+0000] {dagbag.py:538} INFO - Filling up the DagBag from /opt/airflow/dags/etl_incidentes_dag.py
[2026-05-27T03:34:30.842+0000] {processor.py:840} INFO - DAG(s) 'etl_incidentes_viales_v2' retrieved from /opt/airflow/dags/etl_incidentes_dag.py
[2026-05-27T03:34:30.870+0000] {logging_mixin.py:188} INFO - [2026-05-27T03:34:30.870+0000] {dag.py:3036} INFO - Sync 1 DAGs
[2026-05-27T03:34:30.890+0000] {logging_mixin.py:188} INFO - [2026-05-27T03:34:30.890+0000] {dag.py:3823} INFO - Setting next_dagrun for etl_incidentes_viales_v2 to 2026-05-01 00:00:00+00:00, run_after=2026-06-01 00:00:00+00:00
[2026-05-27T03:34:30.917+0000] {processor.py:183} INFO - Processing /opt/airflow/dags/etl_incidentes_dag.py took 0.112 seconds
[2026-05-27T03:35:01.077+0000] {processor.py:161} INFO - Started process (PID=2034) to work on /opt/airflow/dags/etl_incidentes_dag.py
[2026-05-27T03:35:01.078+0000] {processor.py:830} INFO - Processing file /opt/airflow/dags/etl_incidentes_dag.py for tasks to queue
[2026-05-27T03:35:01.080+0000] {logging_mixin.py:188} INFO - [2026-05-27T03:35:01.079+0000] {dagbag.py:538} INFO - Filling up the DagBag from /opt/airflow/dags/etl_incidentes_dag.py
[2026-05-27T03:35:01.119+0000] {processor.py:840} INFO - DAG(s) 'etl_incidentes_viales_v2' retrieved from /opt/airflow/dags/etl_incidentes_dag.py
[2026-05-27T03:35:01.154+0000] {logging_mixin.py:188} INFO - [2026-05-27T03:35:01.154+0000] {dag.py:3036} INFO - Sync 1 DAGs
[2026-05-27T03:35:01.181+0000] {logging_mixin.py:188} INFO - [2026-05-27T03:35:01.180+0000] {dag.py:3823} INFO - Setting next_dagrun for etl_incidentes_viales_v2 to 2026-05-01 00:00:00+00:00, run_after=2026-06-01 00:00:00+00:00
[2026-05-27T03:35:01.209+0000] {processor.py:183} INFO - Processing /opt/airflow/dags/etl_incidentes_dag.py took 0.136 seconds
[2026-05-27T03:35:31.409+0000] {processor.py:161} INFO - Started process (PID=2039) to work on /opt/airflow/dags/etl_incidentes_dag.py
[2026-05-27T03:35:31.411+0000] {processor.py:830} INFO - Processing file /opt/airflow/dags/etl_incidentes_dag.py for tasks to queue
[2026-05-27T03:35:31.413+0000] {logging_mixin.py:188} INFO - [2026-05-27T03:35:31.412+0000] {dagbag.py:538} INFO - Filling up the DagBag from /opt/airflow/dags/etl_incidentes_dag.py
[2026-05-27T03:35:31.451+0000] {processor.py:840} INFO - DAG(s) 'etl_incidentes_viales_v2' retrieved from /opt/airflow/dags/etl_incidentes_dag.py
[2026-05-27T03:35:31.480+0000] {logging_mixin.py:188} INFO - [2026-05-27T03:35:31.479+0000] {dag.py:3036} INFO - Sync 1 DAGs
[2026-05-27T03:35:31.499+0000] {logging_mixin.py:188} INFO - [2026-05-27T03:35:31.499+0000] {dag.py:3823} INFO - Setting next_dagrun for etl_incidentes_viales_v2 to 2026-05-01 00:00:00+00:00, run_after=2026-06-01 00:00:00+00:00
[2026-05-27T03:35:31.521+0000] {processor.py:183} INFO - Processing /opt/airflow/dags/etl_incidentes_dag.py took 0.115 seconds
[2026-05-27T03:36:01.730+0000] {processor.py:161} INFO - Started process (PID=2044) to work on /opt/airflow/dags/etl_incidentes_dag.py
[2026-05-27T03:36:01.731+0000] {processor.py:830} INFO - Processing file /opt/airflow/dags/etl_incidentes_dag.py for tasks to queue
[2026-05-27T03:36:01.732+0000] {logging_mixin.py:188} INFO - [2026-05-27T03:36:01.732+0000] {dagbag.py:538} INFO - Filling up the DagBag from /opt/airflow/dags/etl_incidentes_dag.py
[2026-05-27T03:36:01.752+0000] {processor.py:840} INFO - DAG(s) 'etl_incidentes_viales_v2' retrieved from /opt/airflow/dags/etl_incidentes_dag.py
[2026-05-27T03:36:01.788+0000] {logging_mixin.py:188} INFO - [2026-05-27T03:36:01.788+0000] {dag.py:3036} INFO - Sync 1 DAGs
[2026-05-27T03:36:01.813+0000] {logging_mixin.py:188} INFO - [2026-05-27T03:36:01.813+0000] {dag.py:3823} INFO - Setting next_dagrun for etl_incidentes_viales_v2 to 2026-05-01 00:00:00+00:00, run_after=2026-06-01 00:00:00+00:00
[2026-05-27T03:36:01.839+0000] {processor.py:183} INFO - Processing /opt/airflow/dags/etl_incidentes_dag.py took 0.112 seconds
[2026-05-27T03:36:32.007+0000] {processor.py:161} INFO - Started process (PID=2049) to work on /opt/airflow/dags/etl_incidentes_dag.py
[2026-05-27T03:36:32.009+0000] {processor.py:830} INFO - Processing file /opt/airflow/dags/etl_incidentes_dag.py for tasks to queue
[2026-05-27T03:36:32.011+0000] {logging_mixin.py:188} INFO - [2026-05-27T03:36:32.010+0000] {dagbag.py:538} INFO - Filling up the DagBag from /opt/airflow/dags/etl_incidentes_dag.py
[2026-05-27T03:36:32.036+0000] {processor.py:840} INFO - DAG(s) 'etl_incidentes_viales_v2' retrieved from /opt/airflow/dags/etl_incidentes_dag.py
[2026-05-27T03:36:32.068+0000] {logging_mixin.py:188} INFO - [2026-05-27T03:36:32.068+0000] {dag.py:3036} INFO - Sync 1 DAGs
[2026-05-27T03:36:32.119+0000] {logging_mixin.py:188} INFO - [2026-05-27T03:36:32.119+0000] {dag.py:3823} INFO - Setting next_dagrun for etl_incidentes_viales_v2 to 2026-05-01 00:00:00+00:00, run_after=2026-06-01 00:00:00+00:00
[2026-05-27T03:36:32.156+0000] {processor.py:183} INFO - Processing /opt/airflow/dags/etl_incidentes_dag.py took 0.154 seconds
